tree
version=v4
num_class=1
num_tree_per_iteration=1
label_index=0
max_feature_idx=10
objective=regression
feature_names=lat lon month day_of_year month_sin month_cos doy_sin doy_cos TEMP RH PRECIP
feature_infos=[-8.5:-5.5] [105.5:114.5] [1:12] [1:366] [-1:1] [-1:1] [-0.9999994220246925:0.99998555065071859] [-0.99997919295908233:0.9999907524084426] [21.030000000000001:31.879999999999999] [45.799999999999997:95.322000000000003] [0:318.68000000000001]
tree_sizes=1442 1533 1523 1521 1525 1521 1530 1522 1521 1522 1527 1530 1531 1528 1522 1533 1532 1525 1525 1523 1527 1533 1521 1527 1526 1533 1529 1536 1531 1533 1518 1529 1533 1533 1535 1522 1530 1536 1533 1520 1528 1531 1522 1534 1513 1528 1531 1528 1520 1521 1539 1529 1529 1527 1528 1520 1509 1541 1514 1527 1516 1512 1537 1523 1520 1532 1503 1516 1513 1523 1497 1500 1508 1533 1528 1526 1525 1521 1521

Tree=0
num_leaves=15
num_cat=0
split_feature=10 5 10 10 7 7 0 9 7 10 4 0 7 9
split_gain=16540.2 3979.58 2476.5 1452.83 975.011 817.904 746.123 582.846 538.48 519.463 428.938 420.392 377.684 353.022
threshold=2.7130000000000005 -0.68301270189221952 7.1470000000000011 0.66100000000000014 -0.42958798411962301 -0.40613878790836594 -5.9999999999999991 81.721000000000018 0.69521084835931835 0.35100000000000009 0.68301270189221941 -6.9999999999999991 -0.72694848937061807 84.341000000000022
decision_type=2 2 2 2 2 2 2 2 2 2 2 2 2 2
left_child=1 9 4 5 -2 -3 7 -4 -6 -1 -8 -10 -9 -5
right_child=2 3 6 13 8 -7 10 12 11 -11 -12 -13 -14 -15
leaf_value=5.1351270455724025 5.0893340148420991 5.1590151863664078 5.1099568881564155 5.1526100316496546 5.1286820920610641 5.1883387229103759 5.0482007778455609 5.057134257222172 5.1221653896108261 5.1115989584525794 5.08430491689127 5.0922369646927539 5.0864047826735277 5.1267535280126744
leaf_weight=4457 3861 4119 2460 6667 5937 5626 2154 1251 2180 4953 1331 2541 9257 1646
leaf_count=4457 3861 4119 2460 6667 5937 5626 2154 1251 2180 4953 1331 2541 9257 1646
internal_value=5.12086 5.14911 5.09581 5.16285 5.11086 5.17594 5.08253 5.08805 5.11866 5.12274 5.06199 5.10606 5.08292 5.14749
internal_weight=58440 27468 30972 18058 14519 9745 16453 12968 10658 9410 3485 4721 10508 8313
internal_count=58440 27468 30972 18058 14519 9745 16453 12968 10658 9410 3485 4721 10508 8313
is_linear=0
shrinkage=1


Tree=1
num_leaves=15
num_cat=0
split_feature=10 5 10 10 5 7 0 9 10 5 7 9 9 7
split_gain=14947.5 3664.57 1964.27 1544.26 750.498 743.286 695.288 622.001 556.424 457.031 382.64 361.362 359.279 258.037
threshold=3.0030000000000006 -0.68301270189221952 6.2710000000000008 0.77300000000000024 -0.24999999999999994 -0.42958798411962301 -5.9999999999999991 81.721000000000018 0.86100000000000021 0.6830127018922193 -0.72694848937061807 80.897000000000034 84.341000000000022 0.69521084835931835
decision_type=2 2 2 2 2 2 2 2 2 2 2 2 2 2
left_child=1 8 5 4 -3 -2 7 -4 -1 -8 -9 -7 -5 -13
right_child=2 3 6 12 -6 11 9 10 -10 -11 -12 13 -14 -15
leaf_value=0.010029854534742325 -0.029769319013280317 0.035072843710104405 -0.0089900266549209212 0.028130631617209023 0.062569247851950616 0.014474935821608853 -0.039400902872795122 -0.058950661967049026 -0.014626837717391658 -0.073666970491320913 -0.031484523027569787 0.0022619802240903177 0.0030032182935410632 -0.019464565807635548
leaf_weight=6138 2960 4141 2890 6842 6193 2692 2419 1449 3648 1628 10154 2925 1796 2565
leaf_count=6138 2960 4141 2890 6842 6193 2692 2419 1449 3648 1628 10154 2925 1796 2565
internal_value=-3.21196e-10 0.0256901 -0.0248904 0.0385089 0.051551 -0.00829842 -0.0348617 -0.029745 0.000838396 -0.0531852 -0.0349145 -0.000530896 0.0229062 -0.00788895
internal_weight=58440 28758 29682 18972 10334 11142 18540 14493 9786 4047 11603 8182 8638 5490
internal_count=58440 28758 29682 18972 10334 11142 18540 14493 9786 4047 11603 8182 8638 5490
is_linear=0
shrinkage=0.05


Tree=2
num_leaves=15
num_cat=0
split_feature=10 5 10 10 7 7 7 7 0 9 10 7 7 9
split_gain=13530.2 3088.49 2371.68 947.376 944.277 669.634 635.18 751.506 732.764 431.766 341.168 273.096 266.365 252.452
threshold=2.3530000000000006 -0.68301270189221952 6.2710000000000008 0.61100000000000021 -0.42958798411962301 -0.38243420677835349 -0.80417042486635371 0.65720762023595369 -6.9999999999999991 80.897000000000034 0.35100000000000009 0.69521084835931835 -0.42958798411962301 79.419000000000025
decision_type=2 2 2 2 2 2 2 2 2 2 2 2 2 2
left_child=1 10 4 5 -2 -3 -4 13 -9 -6 -1 -11 -5 -8
right_child=2 3 6 12 9 -7 7 8 -10 11 -12 -13 -14 -15
leaf_value=0.013051091206115402 -0.026400915894307417 0.035248149944568499 -0.060434736758613994 0.0042048923178396183 0.01624724785252972 0.06211281217480652 0.006567172460330852 -0.025759388460970242 -0.055148387865128858 0.0039912488853530706 -0.0065289738642693249 -0.016481232699029839 0.030401641897865733 -0.02215069156896645
leaf_weight=4457 4031 4157 1909 1147 3556 5248 855 4258 4226 3556 4442 3006 6300 7292
leaf_count=4457 4031 4157 1909 1147 3556 5248 855 4258 4226 3556 4442 3006 6300 7292
internal_value=-7.7499e-11 0.0271063 -0.0213532 0.0396895 -0.00593657 0.0502387 -0.0331186 -0.0299831 -0.0403985 0.0022164 0.00327756 -0.00538703 0.0263668 -0.0191368
internal_weight=58440 25751 32689 16852 14149 9405 18540 16631 8484 10118 8899 6562 7447 8147
internal_count=58440 25751 32689 16852 14149 9405 18540 16631 8484 10118 8899 6562 7447 8147
is_linear=0
shrinkage=0.05


Tree=3
num_leaves=15
num_cat=0
split_feature=10 5 10 10 7 5 0 7 0 10 9 9 9 4
split_gain=12217.4 2991.85 1715.82 1225.07 782.452 633.617 517.505 599.871 471.108 456.167 347.61 341.113 288.796 259.742
threshold=2.951000000000001 -0.68301270189221952 8.9310000000000027 0.83100000000000029 -0.72694848937061807 -0.24999999999999994 -6.9999999999999991 0.78724360164103002 -5.9999999999999991 1.1430000000000005 82.687000000000026 81.619000000000014 84.993000000000009 0.68301270189221941
decision_type=2 2 2 2 2 2 2 2 2 2 2 2 2 2
left_child=1 9 4 5 -2 -3 10 -8 11 -1 -6 -4 -5 -10
right_child=2 3 8 12 6 -7 7 -9 13 -11 -12 -13 -14 -15
leaf_value=0.0080125813393793974 -0.035265799441126573 0.03118787832759511 -0.010993263884683921 0.024691355968985737 0.018783314287266074 0.056103164141662602 -0.005469285889899823 -0.034932623933508711 -0.067854842385093428 -0.015558696722036316 -0.00538637481816701 -0.0353347530623574 -0.00043724002361466939 -0.035233930913930421
leaf_weight=6784 2949 4235 1726 6788 2366 6420 4963 2650 1573 2943 4007 8664 1375 997
leaf_count=6784 2949 4235 1726 6788 2366 6420 4963 2650 1573 2943 4007 8664 1375 997
internal_value=-1.57168e-10 0.0233959 -0.0223393 0.0350338 -0.0118604 0.0462002 -0.00692531 -0.0157251 -0.0360323 0.000880858 0.00358671 -0.0312911 0.0204586 -0.0552
internal_weight=58440 28545 29895 18818 16935 10655 13986 7613 12960 9727 6373 10390 8163 2570
internal_count=58440 28545 29895 18818 16935 10655 13986 7613 12960 9727 6373 10390 8163 2570
is_linear=0
shrinkage=0.05


Tree=4
num_leaves=15
num_cat=0
split_feature=10 5 10 7 10 0 7 9 4 9 7 10 7 9
split_gain=11057.2 2516.91 1974.65 810.9 791.354 576.91 561.964 525.151 382.692 353.167 305.32 289.607 274.934 238.055
threshold=2.3530000000000006 -0.68301270189221952 6.1070000000000011 -0.42958798411962301 0.47300000000000014 -5.9999999999999991 -0.38243420677835349 81.721000000000018 0.68301270189221941 80.897000000000034 -0.72694848937061807 0.35100000000000009 -0.42958798411962301 84.483000000000018
decision_type=2 2 2 2 2 2 2 2 2 2 2 2 2 2
left_child=1 11 3 -2 6 7 -3 -4 -7 -5 -9 -1 -6 -14
right_child=2 4 5 9 12 8 -8 10 -10 -11 -12 -13 13 -15
leaf_value=0.011997908159675337 -0.023960044908539493 0.03267972571256008 -0.0063968197289966658 0.01572097272308897 0.0042549686270201793 -0.057782417141932531 0.058420442521881256 -0.051065646345081962 -0.026395041788126912 -0.0041602836505490624 -0.02681771453901843 -0.0060419967122429192 0.033050529371057784 0.0083419861881866564
leaf_weight=4457 3956 3932 2986 3456 1352 2629 4602 1485 1540 6316 10321 4442 5794 1172
leaf_count=4457 3956 3932 2986 3456 1352 2629 4602 1485 1540 6316 10321 4442 5794 1172
internal_value=1.89206e-10 0.0245042 -0.0193034 -0.00486091 0.0358635 -0.0297599 0.0465605 -0.0251297 -0.0461881 0.00287099 -0.0298677 0.00299316 0.0248887 0.0288934
internal_weight=58440 25751 32689 13728 16852 18961 8534 14792 4169 9772 11806 8899 8318 6966
internal_count=58440 25751 32689 13728 16852 18961 8534 14792 4169 9772 11806 8899 8318 6966
is_linear=0
shrinkage=0.05


Tree=5
num_leaves=15
num_cat=0
split_feature=10 5 10 10 7 5 0 7 10 0 7 9 9 9
split_gain=9988.92 2448.73 1397.08 1064.62 638.613 537.817 444.48 529.415 399.635 388.97 307.575 284.377 270.965 258.024
threshold=3.0590000000000006 -0.68301270189221952 9.299000000000003 0.86100000000000021 -0.89404254237865755 -0.24999999999999994 -6.9999999999999991 0.78724360164103002 0.89300000000000024 -5.9999999999999991 -0.80417042486635371 82.687000000000026 84.341000000000022 79.651000000000025
decision_type=2 2 2 2 2 2 2 2 2 2 2 2 2 2
left_child=1 8 4 5 -2 -3 11 -8 -1 10 -4 -6 -12 -5
right_child=2 3 9 13 6 -7 7 -9 -10 -11 12 -13 -14 -15
leaf_value=0.0082889642290657657 -0.038030428598981675 0.027845302333005795 -0.056305734878806503 0.029516133966943154 0.015061264963825795 0.050671755446147895 -0.006756689850332784 -0.033739456804599686 -0.012595724255402174 -0.051287297906531096 -0.01589153657233813 -0.0060495266894777487 -0.033476047681294301 0.011221247417106011
leaf_weight=6202 1970 4269 930 3024 2499 6524 5543 2705 3632 2420 3773 4411 5224 5314
leaf_count=6202 1970 4269 930 3024 2499 6524 5543 2705 3632 2420 3773 4411 5224 5314
internal_value=1.51758e-10 0.0208528 -0.020492 0.031276 -0.0112496 0.0416431 -0.00776909 -0.0156059 0.000575604 -0.0333131 -0.0289314 0.00158519 -0.0261018 0.0178564
internal_weight=58440 28965 29475 19131 17128 10793 15158 8248 9834 12347 9927 6910 8997 8338
internal_count=58440 28965 29475 19131 17128 10793 15158 8248 9834 12347 9927 6910 8997 8338
is_linear=0
shrinkage=0.05


Tree=6
num_leaves=15
num_cat=0
split_feature=10 5 10 5 10 7 6 0 9 6 1 10 7 7
split_gain=9041.55 2049.88 1644.68 715.525 659.504 472.179 459.096 471.037 390.78 333.109 268.219 243.652 243.518 242.958
threshold=2.3530000000000006 -0.68301270189221952 7.1470000000000011 -0.68301270189221952 0.47300000000000014 -0.38243420677835349 0.75014288946266361 -6.9999999999999991 80.897000000000034 -0.76141707087277943 110.00000000000001 0.21700000000000005 0.69521084835931835 -0.42958798411962301
decision_type=2 2 2 2 2 2 2 2 2 2 2 2 2 2
left_child=1 11 3 -2 5 -3 7 10 -5 -9 -4 -1 -10 -6
right_child=2 4 6 8 13 -7 -8 9 12 -11 -12 -13 -14 -15
leaf_value=0.012484943740193226 -0.02550648790266315 0.029451448889773437 -0.033942553664903008 0.012061167916240019 0.0029941909021550528 0.053046433070881797 -0.015527252560825528 -0.015279398473300541 0.00073473508127454691 -0.049562133711995117 -0.012903749205557299 -0.0042825300516099998 -0.016472557804568265 0.026155587048937074
leaf_weight=3730 3694 3932 3319 4159 1352 4602 4771 833 4768 4743 2787 5169 3615 6966
leaf_count=3730 3694 3932 3319 4159 1352 4602 4771 833 4768 4743 2787 5169 3615 6966
internal_value=-7.63672e-11 0.0221585 -0.0174555 -0.00616554 0.0324098 0.0421752 -0.0285966 -0.0339342 -0.000469039 -0.0444406 -0.0243397 0.00274553 -0.00668556 0.022391
internal_weight=58440 25751 32689 16236 16852 8534 16453 11682 12542 5576 6106 8899 8383 8318
internal_count=58440 25751 32689 16236 16852 8534 16453 11682 12542 5576 6106 8899 8383 8318
is_linear=0
shrinkage=0.05


Tree=7
num_leaves=15
num_cat=0
split_feature=10 5 10 10 7 0 7 3 10 0 7 9 1 9
split_gain=8205.53 2017.47 1046.49 1021.08 533.2 521.373 494.838 465.762 385.373 316.369 245.744 241.172 231.466 215.94
threshold=3.4210000000000003 -0.68301270189221952 1.0810000000000002 10.612000000000002 -0.72694848937061807 -6.9999999999999991 0.78724360164103002 251.50000000000003 1.1430000000000005 -5.9999999999999991 -0.80417042486635371 86.803000000000026 108.00000000000001 84.78100000000002
decision_type=2 2 2 2 2 2 2 2 2 2 2 2 2 2
left_child=1 8 7 4 -2 11 -7 -3 -1 10 -5 -6 -12 -4
right_child=3 2 13 9 5 6 -8 -9 -10 -11 12 -13 -14 -15
leaf_value=0.0067497591629984595 -0.031992131426371917 0.027467230401499926 0.017542492161597985 -0.054772125054213375 0.007490895116635656 -0.007526131067786674 -0.033506670358651854 0.047372297926217305 -0.013794904583113124 -0.049873378426548091 -0.037389694233777186 -0.01421980849093761 -0.01899000728952777 -0.0027278876277374697
leaf_weight=6784 2837 6347 6809 763 4999 5022 2886 5473 3440 1983 2545 1719 5205 1628
leaf_count=6784 2837 6347 6809 763 4999 5022 2886 5473 3440 1983 2545 1719 5205 1628
internal_value=-6.96508e-11 0.0179438 0.0270824 -0.0195624 -0.0121546 -0.00830667 -0.0170076 0.0366838 -0.000162765 -0.0318874 -0.0276977 0.00193557 -0.0250322 0.0136311
internal_weight=58440 30481 20257 27959 17463 14626 7908 11820 10224 10496 8513 6718 7750 8437
internal_count=58440 30481 20257 27959 17463 14626 7908 11820 10224 10496 8513 6718 7750 8437
is_linear=0
shrinkage=0.05


Tree=8
num_leaves=15
num_cat=0
split_feature=10 6 7 9 10 7 0 7 10 10 10 8 6 0
split_gain=7450.55 1879 816.821 710.024 612.739 386.95 428.876 456.347 368.018 348.979 287.222 272.398 267.601 218.63
threshold=4.4350000000000014 -0.76141707087277943 -0.9292178835113839 81.435000000000016 11.841000000000003 -0.72694848937061807 -6.9999999999999991 0.78724360164103002 0.31100000000000011 0.56100000000000017 1.6730000000000003 28.241000000000007 0.95752911693909493 -5.9999999999999991
decision_type=2 2 2 2 2 2 2 2 2 2 2 2 2 2
left_child=1 8 9 10 5 -2 -7 -8 -1 -3 -4 -10 13 -6
right_child=4 2 3 -5 12 6 7 -9 11 -11 -12 -13 -14 -15
leaf_value=0.043271945147719426 -0.03416579611570586 0.0032648263921349293 0.027143383896053017 0.0018004968960619351 -0.030435533463294119 -0.0019126609504015353 -0.010157114141547239 -0.036663073630539618 0.016894465356545849 -0.022838719429809935 0.0095788153938657482 0.042189188385439488 -0.0052711785102146679 -0.051377665256717532
leaf_weight=4768 2263 2473 6784 8820 6644 5953 4271 2620 3751 2655 3543 1486 875 1534
leaf_count=4768 2263 2473 6784 8820 6644 5953 4271 2620 3751 2655 3543 1486 875 1534
internal_value=1.15762e-10 0.0149878 0.00747254 0.0122191 -0.0212658 -0.0151017 -0.0117428 -0.0202348 0.0332219 -0.0102502 0.0211173 0.0240718 -0.0315519 -0.0343638
internal_weight=58440 34280 24275 19147 24160 15107 12844 6891 10005 5128 10327 5237 9053 8178
internal_count=58440 34280 24275 19147 24160 15107 12844 6891 10005 5128 10327 5237 9053 8178
is_linear=0
shrinkage=0.05


Tree=9
num_leaves=15
num_cat=0
split_feature=10 7 10 7 10 10 9 0 5 7 9 9 6 9
split_gain=6745.36 1550.61 1342.84 562.648 549.919 451.407 447.592 491.169 397.285 300.201 253.717 245.964 173.807 171.217
threshold=2.1930000000000005 -0.49812626372919411 5.671000000000002 -0.42958798411962301 0.47300000000000014 0.21700000000000005 83.661000000000016 -6.9999999999999991 -0.68301270189221952 0.86004965528756494 84.293000000000021 77.551000000000016 -0.38242426011641079 85.341000000000022
decision_type=2 2 2 2 2 2 2 2 2 2 2 2 2 2
left_child=1 5 3 -2 -3 12 8 -8 -4 -9 -5 -10 -1 -6
right_child=2 4 6 10 13 -7 7 9 11 -11 -12 -13 -14 -15
leaf_value=0.024866776819841559 -0.018030040236490037 0.044282901774403832 -0.040793582795142502 0.009602647526058038 0.025904740294876473 -0.0018259740625580891 -0.02045563463559151 -0.032348991042968206 0.017607227031259515 -0.058570651539522955 -0.0086501698290679073 -0.012832657556781611 0.0082445509237238524 0.001677699564369015
leaf_weight=3325 3994 5442 1202 6672 5906 6422 6744 3191 737 1659 2664 6666 2984 832
leaf_count=3325 3994 5442 1202 6672 5906 6422 6744 3191 737 1659 2664 6666 2984 832
internal_value=-7.67135e-11 0.0197075 -0.0146421 -0.00232462 0.0324611 0.00750588 -0.0227708 -0.029183 -0.0141313 -0.0413184 0.00439426 -0.00980224 0.0170049 0.0229132
internal_weight=58440 24911 33529 13330 12180 12731 20199 11594 8605 4850 9336 7403 6309 6738
internal_count=58440 24911 33529 13330 12180 12731 20199 11594 8605 4850 9336 7403 6309 6738
is_linear=0
shrinkage=0.05


Tree=10
num_leaves=15
num_cat=0
split_feature=10 5 10 6 10 10 3 0 7 7 9 9 6 7
split_gain=6095.89 1578.63 1140.67 551.916 486.667 408.101 379.824 366.533 281.738 238.095 223.723 179.547 170.522 166.847
threshold=4.4350000000000014 -0.68301270189221952 1.2470000000000001 0.95998215779580554 13.811000000000003 1.1430000000000005 251.50000000000003 -6.9999999999999991 -0.72694848937061807 0.78724360164103002 84.78100000000002 84.023000000000025 -0.75015329512557205 -0.95242240592625282
decision_type=2 2 2 2 2 2 2 2 2 2 2 2 2 2
left_child=1 5 6 4 7 -1 11 8 -2 -9 -4 -3 -6 -7
right_child=3 2 10 -5 12 13 -8 9 -10 -11 -12 -13 -14 -15
leaf_value=0.0057031708004089948 -0.030564408377847015 0.026883161514440698 0.01266683507026849 0.0023590833562546695 -0.013087314244344296 -0.026294328484000158 0.040520476783694456 -0.017580957886025383 -0.0040072307669681752 -0.035473322198358345 -0.0051318517338957998 0.0055199284322618144 -0.036463936748625053 -0.0061297926751865545
leaf_weight=6784 1206 5536 8377 2636 905 1677 5831 4986 5809 2965 2237 1196 5653 2642
leaf_count=6784 1206 5536 8377 2636 905 1677 5831 4986 5809 2965 2237 1196 5653 2642
internal_value=8.3045e-11 0.0135569 0.0209834 -0.0192356 -0.0218802 -0.00194544 0.031179 -0.0169034 -0.00857287 -0.0242532 0.00891559 0.0230878 -0.033238 -0.0139594
internal_weight=58440 34280 23177 24160 21524 11103 12563 14966 7015 7951 10614 6732 6558 4319
internal_count=58440 34280 23177 24160 21524 11103 12563 14966 7015 7951 10614 6732 6558 4319
is_linear=0
shrinkage=0.05


Tree=11
num_leaves=15
num_cat=0
split_feature=10 7 10 7 10 10 6 6 0 9 0 8 7 9
split_gain=5525.98 1286.33 1112.78 516.979 461.607 390.348 380.924 430.657 342.358 278.071 214.915 188.049 165.697 144.704
threshold=2.1930000000000005 -0.49812626372919411 6.0210000000000017 -0.94703994556331683 0.47300000000000014 0.15100000000000005 0.69056404122701587 -0.76141707087277943 -6.9999999999999991 79.595000000000027 -7.9999999999999991 28.113000000000007 -0.9292178835113839 86.282000000000025
decision_type=2 2 2 2 2 2 2 2 2 2 2 2 2 2
left_child=1 5 3 -2 -3 -1 7 11 -9 -5 -11 -4 -7 -6
right_child=2 4 6 9 13 12 -8 8 -10 10 -12 -13 -14 -15
leaf_value=0.016599242844119195 -0.03045670649176483 0.040284544500073599 -0.013451075550464651 0.01402674044399675 0.022973568403948527 -0.011991506032997208 -0.010899884851804669 -0.021459628508916584 -0.03940571059085491 0.0090185647601379714 -0.0078179151830471885 0.022739398957794015 0.004267535006674969 -0.0029691329400792542
leaf_weight=5603 1505 5442 1929 2938 6149 2326 6164 5403 5230 2552 7367 441 4802 589
leaf_count=5603 1505 5442 1929 2938 6149 2326 6164 5403 5230 2552 7367 441 4802 589
internal_value=-2.17255e-11 0.0178375 -0.0132527 -0.00272984 0.0294535 0.00672422 -0.0211376 -0.0259907 -0.0302867 0.000515778 -0.00348616 -0.0067169 -0.00103809 0.0207058
internal_weight=58440 24911 33529 14362 12180 12731 19167 13003 10633 12857 9919 2370 7128 6738
internal_count=58440 24911 33529 14362 12180 12731 19167 13003 10633 12857 9919 2370 7128 6738
is_linear=0
shrinkage=0.05


Tree=12
num_leaves=15
num_cat=0
split_feature=10 5 10 10 5 7 0 7 7 7 10 0 9 9
split_gain=4996.1 1278.4 684.987 663.11 370.445 315.263 311.751 353.923 246.357 291.15 245.349 228.774 213.694 204.14
threshold=3.4210000000000003 -0.68301270189221952 9.833000000000002 0.77300000000000024 -0.68301270189221952 -0.41399101439218416 -6.9999999999999991 0.78724360164103002 -0.80417042486635371 0.65720762023595369 0.69100000000000017 -6.9999999999999991 79.651000000000025 88.02800000000002
decision_type=2 2 2 2 2 2 2 2 2 2 2 2 2 2
left_child=1 10 4 5 -2 -3 13 -8 -4 -10 -1 -11 -5 -6
right_child=2 3 8 12 6 -7 7 -9 9 11 -12 -13 -14 -15
leaf_value=0.0065214711729361906 -0.024209393912165797 0.019654278210940998 -0.047520535165569588 0.021888445407273981 0.0073586215369616948 0.037413807859858372 -0.0035429189624903755 -0.026478905622021209 -0.013421322981288784 -0.020477858178176739 -0.0090647703111610845 -0.040821330818501811 0.0065752912082438445 -0.0167739350359941
leaf_weight=5676 3123 4232 1065 3544 5080 6102 4480 2693 4917 2911 4548 2631 6379 1059
leaf_count=5676 3123 4232 1065 3544 5080 6102 4480 2693 4917 2911 4548 2631 6379 1059
internal_value=1.24429e-11 0.0140016 -0.0152646 0.0212762 -0.00871115 0.0301409 -0.00507525 -0.0121539 -0.0246107 -0.0222779 -0.000411845 -0.0301357 0.0120444 0.00319567
internal_weight=58440 30481 27959 20257 16435 10334 13312 7173 11524 10459 10224 5542 9923 6139
internal_count=58440 30481 27959 20257 16435 10334 13312 7173 11524 10459 10224 5542 9923 6139
is_linear=0
shrinkage=0.05


Tree=13
num_leaves=15
num_cat=0
split_feature=10 7 10 7 9 10 10 0 6 0 9 9 1 7
split_gain=4532.66 1070.21 959.007 507.4 363.418 361.91 322.207 299.87 277.338 227.589 207.547 152.078 147.743 140.942
threshold=2.1110000000000002 -0.49812626372919411 8.3190000000000026 -0.94703994556331683 78.841000000000022 0.24700000000000005 0.15100000000000005 -7.9999999999999991 0.95752911693909493 -5.9999999999999991 81.721000000000018 84.483000000000018 107.00000000000001 -0.93543596745397617
decision_type=2 2 2 2 2 2 2 2 2 2 2 2 2 2
left_child=1 6 3 -2 -5 -3 -1 -6 9 10 -4 -7 -11 -8
right_child=2 5 8 4 7 11 13 -9 -10 12 -12 -13 -14 -15
leaf_value=0.015167683112923694 -0.029253293112497636 0.039308098446502009 -0.004699283096042165 0.01440143442638378 0.0069672907460270874 0.023915955231210574 -0.01150365662461951 -0.0092577157590390639 -0.0010483750955543225 -0.016498482611628482 -0.024052399838384537 0.0048856592809641327 -0.044279808166276302 0.0038391821672809643
leaf_weight=5603 1917 4040 1663 2788 3788 6611 2171 11473 1435 634 8297 1248 1952 4820
leaf_count=5603 1917 4040 1663 2788 3788 6611 2171 11473 1435 634 8297 1248 1952 4820
internal_value=-3.0179e-11 0.0163935 -0.011828 -0.0047956 -0.00219793 0.027146 0.00623431 -0.00523044 -0.0218708 -0.0242525 -0.0208211 0.020894 -0.0374688 -0.000925416
internal_weight=58440 24493 33947 19966 18049 11899 12594 15261 13981 12546 9960 7859 2586 6991
internal_count=58440 24493 33947 19966 18049 11899 12594 15261 13981 12546 9960 7859 2586 6991
is_linear=0
shrinkage=0.05


Tree=14
num_leaves=15
num_cat=0
split_feature=10 6 9 9 7 6 0 9 10 8 7 5 1 0
split_gain=4138.28 1137.34 523.318 420.081 381.03 379.091 345.311 292.247 220.091 239.701 214.896 189.518 165.717 162.94
threshold=4.7990000000000013 -0.76141707087277943 77.801000000000016 78.77500000000002 -0.93543596745397617 0.69056404122701587 -5.9999999999999991 85.051000000000016 0.31100000000000011 28.241000000000007 -0.78324956448884031 -0.68301270189221952 107.00000000000001 -7.9999999999999991
decision_type=2 2 2 2 2 2 2 2 2 2 2 2 2 2
left_child=1 8 10 -2 -4 6 11 -6 -1 13 -3 -5 -8 -10
right_child=3 2 4 5 7 -7 12 -9 9 -11 -12 -13 -14 -15
leaf_value=0.032632203817323922 0.0073239725191837652 0.0069650619592112745 -0.013485823489927946 -0.033024908622158108 0.0081381584763454643 -0.0088449086429353285 -0.016052868377933602 -0.0079475153537584362 0.02526338375216779 0.034641152093735562 0.026595938469815367 -0.01585811807298361 -0.043304237240046464 0.0037805712009459681
leaf_weight=4768 1703 2409 3631 1953 12334 6885 713 3662 1357 1533 3309 9094 2564 2525
leaf_count=4768 1703 2409 3631 1953 12334 6885 713 3662 1357 1533 3309 9094 2564 2525
internal_value=7.57728e-12 0.0106849 0.0050144 -0.0165683 0.00113646 -0.0184868 -0.0231213 0.00445563 0.0247985 0.0179009 0.0183254 -0.018893 -0.037375 0.0112901
internal_weight=58440 35528 25345 22912 19627 21209 14324 15996 10183 5415 5718 11047 3277 3882
internal_count=58440 35528 25345 22912 19627 21209 14324 15996 10183 5415 5718 11047 3277 3882
is_linear=0
shrinkage=0.05


Tree=15
num_leaves=15
num_cat=0
split_feature=10 7 10 7 9 0 5 10 7 0 10 7 0 6
split_gain=3786.84 925.528 910.056 440.398 353.615 346.831 301.979 272.883 226.283 212.536 203.223 166.79 164.949 133.898
threshold=1.7110000000000005 -0.42958798411962301 5.671000000000002 -0.42958798411962301 84.293000000000021 -6.9999999999999991 -0.68301270189221952 0.15100000000000005 0.70747208174348741 -5.9999999999999991 0.24700000000000005 0.86439018870140905 -6.9999999999999991 -0.62588817255938378
decision_type=2 2 2 2 2 2 2 2 2 2 2 2 2 2
left_child=1 7 3 -2 6 -6 -4 13 -5 -8 -3 -7 -10 -1
right_child=2 10 4 8 5 11 9 -9 12 -11 -12 -13 -14 -15
leaf_value=0.024205305865912914 -0.013406295529049265 0.037436239255920385 -0.031838514531176441 0.010468352793222412 -0.016134313577231951 -0.027780690717243317 -0.0021030483396262418 0.00023895713949342713 0.0062778633250356727 -0.019418581678424977 0.022360924636651416 -0.04930377154042194 -0.013102444836103991 0.0089910790676191715
leaf_weight=2372 4970 3508 1423 6515 6031 2643 6266 6588 2033 2471 6163 1365 2387 3705
leaf_count=2372 4970 3508 1423 6515 6031 2643 6266 6588 2033 2471 6163 1365 2387 3705
internal_value=-4.07185e-11 0.0161819 -0.010011 -0.00106511 -0.0170552 -0.0237105 -0.0104791 0.00728789 0.004544 -0.00700023 0.0278293 -0.0351108 -0.00418838 0.0149296
internal_weight=58440 22336 36104 15905 20199 10039 10160 12665 10935 8737 9671 4008 4420 6077
internal_count=58440 22336 36104 15905 20199 10039 10160 12665 10935 8737 9671 4008 4420 6077
is_linear=0
shrinkage=0.05


Tree=16
num_leaves=15
num_cat=0
split_feature=10 10 7 7 9 0 10 6 0 1 9 10 9 3
split_gain=3417.62 837.962 835.289 447.061 298.528 278.299 246.277 232.738 190.31 282.287 202.882 183.582 130.835 121.202
threshold=1.7110000000000005 8.3190000000000026 -0.42958798411962301 -0.94703994556331683 77.087000000000032 -7.9999999999999991 0.15100000000000005 0.95752911693909493 -6.9999999999999991 110.00000000000001 84.253000000000029 0.23100000000000007 86.282000000000025 206.50000000000003
decision_type=2 2 2 2 2 2 2 2 2 2 2 2 2 2
left_child=2 3 6 -2 -5 -6 13 8 9 -3 -10 -4 -13 -1
right_child=1 7 11 4 5 -7 -8 -9 10 -11 -12 12 -14 -15
leaf_value=0.0063280234546642866 -0.02502990769469909 -0.024994238550713796 0.035785063005055448 0.019385128454081826 0.0079281684585021332 -0.0064316616526386913 0.00022700928406946356 -1.762758404724722e-05 -0.018905546336357187 -0.004355368356552986 -0.037500080391271222 0.023480976211490995 -0.0032549635528833221 0.020530697744143244
leaf_weight=2716 2166 3599 3404 1631 4459 13867 6588 1435 3055 3070 2822 5770 497 3361
leaf_count=2716 2166 3599 3404 1631 4459 13867 6588 1435 3055 3070 2822 5770 497 3361
internal_value=-3.65188e-11 -0.00951047 0.0153728 -0.00345495 -0.00111334 -0.00293769 0.0069235 -0.0190925 -0.0212743 -0.0154934 -0.0278342 0.0264378 0.0213607 0.0141831
internal_weight=58440 36104 22336 22123 19957 18326 12665 13981 12546 6669 5877 9671 6267 6077
internal_count=58440 36104 22336 22123 19957 18326 12665 13981 12546 6669 5877 9671 6267 6077
is_linear=0
shrinkage=0.05


Tree=17
num_leaves=15
num_cat=0
split_feature=10 6 9 9 7 0 7 0 10 5 10 1 6 9
split_gain=3103.86 854.771 387.953 384.978 325.744 317.784 308.602 216.656 210.937 183.303 181.42 174.093 173.305 169.998
threshold=4.4350000000000014 -0.62588817255938378 83.661000000000016 81.771000000000029 -0.42958798411962301 -6.9999999999999991 -0.58481178939031186 -5.9999999999999991 0.86100000000000021 0.6830127018922193 1.0490000000000002 108.00000000000001 0.70290292807158605 90.39800000000001
decision_type=2 2 2 2 2 2 2 2 2 2 2 2 2 2
left_child=1 8 6 4 -3 13 -2 -8 -1 -7 -6 -11 -5 -4
right_child=2 3 5 12 10 9 7 -9 -10 11 -12 -13 -14 -15
leaf_value=0.025049598645461826 -0.026654302301669486 0.0026947645440815182 -0.0098169849696503435 -0.0086439330621277261 0.032329571568364156 -0.021385019822148743 0.0017108997325091869 -0.015069407901332708 0.011492648468402939 -0.022152416924066318 0.012454995863711876 -0.051381525538774356 0.0056643019552880822 -0.030839566733019172
leaf_weight=7930 1654 7223 6554 6315 1734 3399 6558 2722 4496 832 3399 1314 3183 1127
leaf_count=7930 1654 7223 6554 6315 1734 3399 6558 2722 4496 832 3399 1314 3183 1127
internal_value=1.1798e-12 0.00967373 -0.0137258 0.0037202 0.00953855 -0.0194867 -0.00675737 -0.00321108 0.0201444 -0.0286084 0.0191689 -0.0400495 -0.00384891 -0.0129015
internal_weight=58440 34280 24160 21854 12356 13226 10934 9280 12426 5545 5133 2146 9498 7681
internal_count=58440 34280 24160 21854 12356 13226 10934 9280 12426 5545 5133 2146 9498 7681
is_linear=0
shrinkage=0.05


Tree=18
num_leaves=15
num_cat=0
split_feature=10 10 7 7 9 0 10 9 10 0 1 1 9 7
split_gain=2825.9 714.731 698.544 421.956 303.969 272.812 210.169 185.761 158.743 156.549 161.05 155.002 120.853 99.5784
threshold=1.7110000000000005 10.612000000000002 -0.41399101439218416 -0.94703994556331683 77.719000000000008 -7.9999999999999991 0.15100000000000005 78.77500000000002 0.15100000000000005 -5.9999999999999991 107.00000000000001 107.00000000000001 86.282000000000025 -0.9292178835113839
decision_type=2 2 2 2 2 2 2 2 2 2 2 2 2 2
left_child=2 3 6 -2 -5 -6 -1 -3 -4 11 -11 -9 -10 -8
right_child=1 7 8 4 5 -7 13 9 12 10 -12 -13 -14 -15
leaf_value=0.013038210646895068 -0.0240387399420449 0.010486502558747727 0.034211367831464577 0.015108201464812572 0.006072530236573402 -0.0072301303739182032 -0.0091522605645892388 -0.030777630871709823 0.022013843443858223 -0.0094645386461856516 -0.042880038697546759 -0.014350648655333276 -0.0028833804814119004 0.004193087359777057
leaf_weight=6122 2414 488 2807 2317 5100 15777 1992 1862 6200 488 1381 6277 529 4686
leaf_count=6122 2414 488 2807 2317 5100 15777 1992 1862 6200 488 1381 6277 529 4686
internal_value=-5.11605e-11 -0.00864805 0.0139787 -0.00414416 -0.00207356 -0.00398045 0.00634667 -0.0196366 0.0242231 -0.0211054 -0.0341552 -0.0181087 0.0200565 0.000212265
internal_weight=58440 36104 22336 25608 23194 20877 12800 10496 9536 10008 1869 8139 6729 6678
internal_count=58440 36104 22336 25608 23194 20877 12800 10496 9536 10008 1869 8139 6729 6678
is_linear=0
shrinkage=0.05


Tree=19
num_leaves=15
num_cat=0
split_feature=10 6 9 7 6 10 0 9 9 4 8 10 0 10
split_gain=2575.4 734.18 385.755 369.378 304.533 268.01 244.285 211.512 195.819 187.865 175.779 181.587 144.22 142.652
threshold=5.051000000000001 -0.76141707087277943 83.711000000000027 -0.93543596745397617 0.95998215779580554 18.225000000000005 -5.9999999999999991 77.551000000000016 76.887000000000015 0.68301270189221941 28.211000000000009 0.29100000000000009 -7.9999999999999991 0.61100000000000021
decision_type=2 2 2 2 2 2 2 2 2 2 2 2 2 2
left_child=1 10 3 13 5 6 7 -2 -5 -8 11 -1 -13 -3
right_child=4 2 -4 8 -6 -7 9 -9 -10 -11 -12 12 -14 -15
leaf_value=0.023849706277686691 0.022923709296406178 0.0025635455978877775 -0.0063011574943116046 0.021705970849799 0.0034759082629341482 -0.026697444231433026 -0.030006195898592047 -0.010259207751793953 0.0079013801696468985 -0.0054566982849941154 0.029867348389744586 0.02094802657633265 0.001080986220721031 -0.016983300601951613
leaf_weight=3406 502 1976 7031 3267 2365 4211 2840 11072 12022 1074 2915 1416 2574 1769
leaf_count=3406 502 1976 7031 3267 2365 4211 2840 11072 12022 1074 2915 1416 2574 1769
internal_value=2.35132e-11 0.0081747 0.00370698 0.0074039 -0.0134773 -0.0155126 -0.0124716 -0.00881996 0.0108512 -0.0232698 0.0194686 0.0153701 0.00813154 -0.00666966
internal_weight=58440 36376 26065 19034 22064 19699 15488 11574 15289 3914 10311 7396 3990 3745
internal_count=58440 36376 26065 19034 22064 19699 15488 11574 15289 3914 10311 7396 3990 3745
is_linear=0
shrinkage=0.05


Tree=20
num_leaves=15
num_cat=0
split_feature=10 7 9 5 10 0 3 0 3 7 1 9 0 8
split_gain=2344.37 625.371 433.747 355.266 305.335 298.95 220.145 194.114 189.894 173.839 177.527 173.471 141.424 254.479
threshold=3.0030000000000006 -0.72694848937061807 83.661000000000016 -0.68301270189221952 0.43100000000000011 -6.9999999999999991 314.50000000000006 -6.9999999999999991 204.50000000000003 0.81800285027139286 108.00000000000001 90.39800000000001 -7.9999999999999991 27.991000000000007
decision_type=2 2 2 2 2 2 2 2 2 2 2 2 2 2
left_child=1 8 3 -2 -3 11 -5 -8 -1 -7 -11 -4 -6 -14
right_child=2 4 5 6 12 9 7 -9 -10 10 -12 -13 13 -15
leaf_value=-0.0047808601134037634 -0.020837044836815685 0.023070150610485785 -0.0070964766235570437 0.0039064329830877749 0.019597214301177644 -0.01772739121876719 0.004506848759848389 -0.021138501141173674 0.010303202223295707 -0.016070109527276857 -0.045013060573451009 -0.027577189771922708 -0.0026710463314682477 0.014923218882255174
leaf_weight=6740 2499 7781 7669 8882 2941 3959 1183 1961 3022 813 1521 1195 3805 4469
leaf_count=6740 2499 7781 7669 8882 2941 3959 1183 1961 3022 813 1521 1195 3805 4469
internal_value=7.71982e-13 0.0101741 -0.00985736 -0.00368302 0.0154597 -0.0157742 -0.000118415 -0.0114889 -0.000111321 -0.0241082 -0.0349314 -0.00985758 0.0101796 0.00683207
internal_weight=58440 28758 29682 14525 18996 15157 12026 3144 9762 6293 2334 8864 11215 8274
internal_count=58440 28758 29682 14525 18996 15157 12026 3144 9762 6293 2334 8864 11215 8274
is_linear=0
shrinkage=0.05


Tree=21
num_leaves=15
num_cat=0
split_feature=10 7 10 7 9 0 7 7 10 10 0 9 8 7
split_gain=2140.07 561.158 561.008 336.234 232.854 243.92 180.537 195.785 174.825 123.263 122.919 117.818 98.9379 92.6406
threshold=1.7110000000000005 -0.41399101439218416 9.833000000000002 -0.89404254237865755 77.087000000000032 -7.9999999999999991 -0.80417042486635371 0.65720762023595369 0.051000000000000011 0.15100000000000005 -6.9999999999999991 78.565000000000012 25.251000000000005 -0.93543596745397617
decision_type=2 2 2 2 2 2 2 2 2 2 2 2 2 2
left_child=1 8 3 -2 -5 -6 -4 11 -1 -3 -9 -8 -11 -10
right_child=2 9 6 4 5 -7 7 10 13 12 -12 -13 -14 -15
leaf_value=0.013772592275552446 -0.018558589750502719 0.03014816156697922 -0.03624044982201044 0.016671223491624792 0.0072807119409620041 -0.0056978062902362341 0.024247912697999894 -0.013995839787802507 -0.0071640114092423324 -0.0054436665434039718 -0.028907674190445643 -0.009263390747826233 0.019265056206682486 0.0044495297240296841
leaf_weight=4142 3133 2807 1065 1711 4776 14960 278 2911 2361 433 2631 4639 6296 6297
leaf_count=4142 3133 2807 1065 1711 4776 14960 278 2911 2361 433 2631 4639 6296 6297
internal_value=1.93335e-11 0.0121648 -0.00752582 -0.00325818 -0.00102308 -0.00255708 -0.0166284 -0.0146314 0.00532426 0.0213466 -0.0210751 -0.00736871 0.0176751 0.00128257
internal_weight=58440 22336 36104 24580 21447 19736 11524 10459 12800 9536 5542 4917 6729 8658
internal_count=58440 22336 36104 24580 21447 19736 11524 10459 12800 9536 5542 4917 6729 8658
is_linear=0
shrinkage=0.05


Tree=22
num_leaves=15
num_cat=0
split_feature=10 6 9 7 9 6 6 10 0 8 10 5 0 10
split_gain=1961.07 561.266 325.442 299.797 253.11 238.114 211.721 169.617 168.763 140.977 141.265 136.004 123.905 116.829
threshold=5.051000000000001 -0.79384350655589164 84.53100000000002 -0.93543596745397617 79.241 0.69056404122701587 -0.76141707087277943 1.2470000000000001 -6.9999999999999991 28.081000000000007 0.23100000000000007 -0.68301270189221952 -7.9999999999999991 0.61100000000000021
decision_type=2 2 2 2 2 2 2 2 2 2 2 2 2 2
left_child=1 9 3 13 11 6 -6 -5 -8 10 -1 -2 -12 -3
right_child=4 2 -4 7 5 -7 8 -9 -10 -11 12 -13 -14 -15
leaf_value=0.021979189946000614 -0.034833003384992477 0.0023691820288084951 -0.0072415143262596409 0.014338223519620073 -0.0034523136576699873 -0.0055760590051044546 -0.014078449073645395 0.0043756174204279069 -0.026323159514658408 0.026074948556728112 0.018386165072218404 0.0096775734141480024 -0.00038646618274814173 -0.014659669623654507
leaf_weight=2673 190 2049 5649 8214 2321 6515 5783 8903 5481 3205 1436 1774 2266 1981
leaf_count=2673 190 2049 5649 8214 2321 6515 5783 8903 5481 3205 1436 1774 2266 1981
internal_value=2.24921e-11 0.00713338 0.00341979 0.00626774 -0.0117605 -0.0134345 -0.0172032 0.00915641 -0.0200367 0.0175206 0.0132199 0.00537156 0.00689541 -0.00600158
internal_weight=58440 36376 26796 21147 22064 20100 13585 17117 11264 9580 6375 1964 3702 4030
internal_count=58440 36376 26796 21147 22064 20100 13585 17117 11264 9580 6375 1964 3702 4030
is_linear=0
shrinkage=0.05


Tree=23
num_leaves=15
num_cat=0
split_feature=10 5 10 6 10 0 10 9 4 7 9 0 7 9
split_gain=1769.86 515.974 386.162 240.14 224.202 198.123 167.688 158.497 152.53 150.917 141.077 128.007 101.302 87.8493
threshold=5.051000000000001 -0.68301270189221952 1.0810000000000002 0.96234642434711437 17.384000000000004 -5.9999999999999991 1.1430000000000005 77.469000000000008 0.68301270189221941 -0.38243420677835349 87.831000000000017 -6.9999999999999991 -0.80417042486635371 83.891000000000005
decision_type=2 2 2 2 2 2 2 2 2 2 2 2 2 2
left_child=1 6 9 4 5 7 -1 -2 -7 -3 11 -4 -6 -14
right_child=3 2 10 -5 12 8 -8 -9 -10 -11 -12 -13 13 -15
leaf_value=0.0030872416927448026 0.02146376155293498 0.010483218245410054 0.012213065547577388 0.00420062812865822 -0.045813272597728438 -0.025944052833990251 -0.0091577831358925724 -0.0079256508319593896 -0.0037037813187655536 0.022007693083877181 -0.014193355060262234 0.0018362070141665805 -0.0094120004776476092 -0.025106733231680434
leaf_weight=6784 479 4748 5228 2278 427 2792 4756 10854 1065 7072 901 6887 1292 2877
leaf_count=6784 479 4748 5228 2278 427 2792 4756 10854 1065 7072 901 6887 1292 2877
internal_value=1.0911e-11 0.00677672 0.0108359 -0.0111725 -0.0129424 -0.0100148 -0.00195932 -0.00668348 -0.019803 0.0173784 0.00489456 0.00631414 -0.0226185 -0.0202428
internal_weight=58440 36376 24836 22064 19786 15190 11540 11333 3857 11820 13016 12115 4596 4169
internal_count=58440 36376 24836 22064 19786 15190 11540 11333 3857 11820 13016 12115 4596 4169
is_linear=0
shrinkage=0.05


Tree=24
num_leaves=15
num_cat=0
split_feature=10 6 9 9 9 7 10 7 0 5 0 8 10 7
split_gain=1597.3 473.44 313.019 228.485 198.218 198.398 188.077 174.703 141.134 210.026 121.755 106.778 109.415 97.6936
threshold=5.051000000000001 -0.861146256326485 77.801000000000016 82.041000000000011 88.759000000000029 -0.93543596745397617 17.384000000000004 -0.71502926860092908 -6.9999999999999991 0.6830127018922193 -5.9999999999999991 28.081000000000007 0.24700000000000005 -0.78324956448884031
decision_type=2 2 2 2 2 2 2 2 2 2 2 2 2 2
left_child=1 11 13 7 5 -4 8 -2 -5 -10 -9 12 -1 -3
right_child=3 2 4 6 -6 -7 -8 10 9 -11 -12 -13 -14 -15
leaf_value=0.021780717957704726 -0.02629395858468446 0.0048723287349818093 -0.0091281095575420929 -0.0053558594693788319 -0.019582556844599711 0.0038846393254889501 -0.022800036358025862 0.0057993622629089461 -0.0089223815832722587 -0.028932443631298828 -0.010934788888190305 0.025187521971864048 0.0070045557607296598 0.017465937536183456
leaf_weight=2110 667 2415 3536 6312 1161 17067 4194 3695 3590 2066 1540 2753 3084 4250
leaf_count=2110 667 2415 3536 6312 1161 17067 4194 3695 3590 2066 1540 2753 3084 4250
internal_value=-1.43672e-11 0.00643788 0.00342199 -0.0106139 0.000518599 0.00165132 -0.0136886 -0.002194 -0.0104957 -0.0162316 0.000876613 0.0172267 0.0130072 0.0129028
internal_weight=58440 36376 28429 22064 21764 20603 16162 5902 11968 5656 5235 7947 5194 6665
internal_count=58440 36376 28429 22064 21764 20603 16162 5902 11968 5656 5235 7947 5194 6665
is_linear=0
shrinkage=0.05


Tree=25
num_leaves=15
num_cat=0
split_feature=10 7 10 7 7 7 0 10 7 0 8 9 0 7
split_gain=1473.98 409.329 399.869 277.811 217.076 250.065 232.259 136.935 132.214 112.673 206.044 112.131 96.3953 65.4069
threshold=1.7110000000000005 -0.39036009226888674 11.841000000000003 -0.94703994556331683 0.78724360164103002 -0.30982845708428081 -6.9999999999999991 0.051000000000000011 -0.80417042486635371 -7.9999999999999991 27.481000000000005 78.77500000000002 -5.9999999999999991 -0.9292178835113839
decision_type=2 2 2 2 2 2 2 2 2 2 2 2 2 2
left_child=1 7 3 -2 5 -5 -6 -1 -4 -3 -11 -10 -13 -9
right_child=2 9 8 4 6 -7 -8 13 11 10 -12 12 -14 -15
leaf_value=0.011801268740496184 -0.019021281118997823 0.026494855507290152 -0.034816206127160625 -0.0070214646082720272 0.00082006773636365436 0.0058017596160631815 -0.016904914469974344 -0.0060807153915037829 0.012880335293178048 0.00056467313502885888 0.02012873664931213 -0.012153271833549528 -0.026519060875960815 0.0035073191246728329
leaf_weight=4182 2517 2787 795 5706 3437 11393 3998 2474 385 1890 4674 6447 1426 6329
leaf_count=4182 2517 2787 795 5706 3437 11393 3998 2474 385 1890 4674 6447 1426 6329
internal_value=-5.35049e-12 0.0100957 -0.00624577 -0.00320169 -0.00157872 0.0015226 -0.00871113 0.00435172 -0.0153417 0.0180719 0.0144956 -0.0134669 -0.0147553 0.000812693
internal_weight=58440 22336 36104 27051 24534 17099 7435 12985 9053 9351 6564 8258 7873 8803
internal_count=58440 22336 36104 27051 24534 17099 7435 12985 9053 9351 6564 8258 7873 8803
is_linear=0
shrinkage=0.05


Tree=26
num_leaves=15
num_cat=0
split_feature=10 7 9 10 0 7 0 3 3 1 9 8 0 7
split_gain=1334.57 396.535 260.022 245.745 223.232 219.934 183.729 183.748 157.649 131.151 127.508 126.806 140.648 110.063
threshold=3.8550000000000009 -0.72694848937061807 84.293000000000021 0.43100000000000011 -6.9999999999999991 -0.58481178939031186 -5.9999999999999991 314.50000000000006 198.50000000000003 108.00000000000001 90.897000000000034 27.509000000000004 -7.9999999999999991 0.99981043035926087
decision_type=2 2 2 2 2 2 2 2 2 2 2 2 2 2
left_child=1 8 5 -3 10 -2 9 -8 -1 -7 -4 12 -5 -13
right_child=2 3 4 11 -6 6 7 -9 -10 -11 -12 13 -14 -15
leaf_value=-0.005975962650179854 -0.018052970389221851 0.017806887588281181 -0.0057822434138050174 0.012148960280726623 -0.022198498141846691 -0.0068535422956099747 -0.0037012326854797602 -0.029272313777921367 0.0066039600496118345 0.0069415625262347642 -0.025926802143671275 0.010715045919614592 -0.0056315658671284409 -0.062241405470726589
leaf_weight=6475 2272 7781 6371 1673 4757 2422 2612 961 4047 5969 896 8834 3318 52
leaf_count=6475 2272 7781 6371 1673 4757 2422 2612 961 4047 5969 896 8834 3318 52
internal_value=2.15804e-12 0.00682558 -0.00836432 0.0106942 -0.0137781 -0.00379178 -0.00108353 -0.0105789 -0.00113744 0.00295971 -0.00826601 0.00670605 0.000328526 0.0102881
internal_weight=58440 32180 26260 21658 12024 14236 11964 3573 10522 8391 7267 13877 4991 8886
internal_count=58440 32180 26260 21658 12024 14236 11964 3573 10522 8391 7267 13877 4991 8886
is_linear=0
shrinkage=0.05


Tree=27
num_leaves=15
num_cat=0
split_feature=10 7 10 7 7 7 0 10 7 7 0 8 9 0
split_gain=1220.22 349.653 346.455 239.783 190.984 221.166 199.989 119.631 115.581 103.133 100.094 179.781 82.305 78.0335
threshold=1.6730000000000003 -0.41399101439218416 11.841000000000003 -0.94703994556331683 0.78724360164103002 -0.30982845708428081 -6.9999999999999991 0.051000000000000011 -0.80417042486635371 0.65720762023595369 -7.9999999999999991 27.421000000000006 78.77500000000002 -6.9999999999999991
decision_type=2 2 2 2 2 2 2 2 2 2 2 2 2 2
left_child=1 7 3 -2 5 -5 -6 -1 -4 12 -3 -12 -10 -11
right_child=2 10 8 4 6 -7 -8 -9 9 13 11 -13 -14 -15
leaf_value=0.010827431275163538 -0.017443978915178779 0.024510495829295598 -0.032320754537929978 -0.0064047208105193895 0.00081888972308735123 0.0055837736772540005 -0.015599375791900362 0.00047751387381895496 0.023575076089482831 -0.011314766761127542 -0.00024296787955216197 0.018264973651023284 -0.0081330049048572665 -0.024593613150051041
leaf_weight=4142 2543 2790 795 5785 3451 11484 4010 8566 217 2361 1804 4812 3598 2082
leaf_count=4142 2543 2790 795 5785 3451 11484 4010 8566 217 2361 1804 4812 3598 2082
internal_value=-7.60602e-13 0.00925995 -0.00563714 -0.00282385 -0.00132045 0.00156771 -0.0080053 0.00385093 -0.0141124 -0.0123595 0.0165678 0.0132184 -0.00632943 -0.0175373
internal_weight=58440 22114 36326 27273 24730 17269 7461 12708 9053 8258 9406 6616 3815 4443
internal_count=58440 22114 36326 27273 24730 17269 7461 12708 9053 8258 9406 6616 3815 4443
is_linear=0
shrinkage=0.05


Tree=28
num_leaves=15
num_cat=0
split_feature=10 9 6 6 6 9 8 10 6 5 3 0 6 3
split_gain=1120.2 342.788 208.203 180.989 175.412 165.301 155.236 154.193 143.064 134.976 109.922 93.9982 85.124 82.2272
threshold=5.051000000000001 78.501000000000019 -0.86976336936302323 0.96234642434711437 -0.76141707087277943 88.223000000000027 28.113000000000007 17.384000000000004 0.70290292807158605 -0.24999999999999994 138.50000000000003 -7.9999999999999991 0.97875492728876534 66.500000000000014
decision_type=2 2 2 2 2 2 2 2 2 2 2 2 2 2
left_child=1 9 -3 4 6 8 -2 10 -4 -1 -6 -11 -5 -9
right_child=3 2 5 12 7 -7 -8 13 -10 11 -12 -13 -14 -15
leaf_value=0.0070010893207143113 -0.0046838550375712627 0.011959313577280145 -0.0015053366074600663 0.023414663576838024 -0.0055448792503004322 -0.015472036712169058 0.024836338651723119 -0.013077108668415613 0.0080242653911061744 0.031190977356687629 -0.014785453443338046 0.014862560085698509 -0.00047031426014156139 -0.027520117389331578
leaf_weight=5555 2254 4420 13393 470 7148 1593 555 1806 5579 1082 5854 4754 1808 2169
leaf_count=5555 2254 4420 13393 470 7148 1593 555 1806 5579 1082 5854 4754 1808 2169
internal_value=4.22828e-11 0.00539135 0.00211405 -0.0088885 -0.0104251 -1.97185e-06 0.00114872 -0.0123401 0.00129699 0.0125798 -0.00970534 0.0178899 0.00445767 -0.0209581
internal_weight=58440 36376 24985 22064 19786 20565 2809 16977 18972 11391 13002 5836 2278 3975
internal_count=58440 36376 24985 22064 19786 20565 2809 16977 18972 11391 13002 5836 2278 3975
is_linear=0
shrinkage=0.05


Tree=29
num_leaves=15
num_cat=0
split_feature=10 9 7 7 0 3 0 9 10 10 10 0 8 6
split_gain=1023 309.296 291.839 265.163 199.128 195.184 197.634 137.044 114.092 106.409 105.802 86.8333 157.349 74.0943
threshold=1.6730000000000003 84.293000000000021 -0.41399101439218416 -0.43733099657705293 -6.9999999999999991 314.50000000000006 -5.9999999999999991 89.251000000000019 17.384000000000004 0.23100000000000007 7.5170000000000012 -7.9999999999999991 27.421000000000006 0.71503381463111937
decision_type=2 2 2 2 2 2 2 2 2 2 2 2 2 2
left_child=2 3 9 -2 7 10 -7 13 -6 -1 -5 -4 -13 -3
right_child=1 4 11 5 8 6 -8 -9 -10 -11 -12 12 -14 -15
leaf_value=0.0076600277937607444 -0.011283503685774411 -0.0058532997711837091 0.022552957137571848 0.0083988110761343913 -0.014620424744701052 6.8800165050664347e-06 -0.0228351406903042 -0.016780132849166862 -0.032440210982418789 -0.001540189749988149 -0.0012567773880725699 -0.00055820798284739171 0.016756660878139096 0.0058664337257738853
leaf_weight=7013 5159 4837 2790 7840 4472 2892 1408 2278 1124 5695 4446 1804 4812 1870
leaf_count=7013 5159 4837 2790 7840 4472 2892 1408 2278 1124 5695 4446 1804 4812 1870
internal_value=7.89306e-12 -0.00516151 0.00847866 -0.00138351 -0.0107957 0.00169583 -0.00747255 -0.00618445 -0.0181997 0.00353702 0.00490469 0.0151551 0.0120354 -0.00258568
internal_weight=58440 36326 22114 21745 14581 16586 4300 8985 5596 12708 12286 9406 6616 6707
internal_count=58440 36326 22114 21745 14581 16586 4300 8985 5596 12708 12286 9406 6616 6707
is_linear=0
shrinkage=0.05


Tree=30
num_leaves=15
num_cat=0
split_feature=10 9 7 9 0 8 0 1 5 9 0 1 5 7
split_gain=931.407 289.923 185.506 165.893 156.6 148.373 144.225 234.66 203.872 190.722 164.847 147.924 113.56 96.7395
threshold=5.051000000000001 78.501000000000019 -0.91595872546125101 79.241 -7.9999999999999991 27.379000000000005 -6.9999999999999991 108.00000000000001 0.6830127018922193 88.995000000000019 -7.9999999999999991 108.00000000000001 -0.24999999999999994 -0.90161545992537195
decision_type=2 2 2 2 2 2 2 2 2 2 2 2 2 2
left_child=1 12 -3 13 -4 -6 7 10 -8 -9 -5 -10 -1 -2
right_child=3 2 4 6 5 -7 8 9 11 -11 -12 -13 -14 -15
leaf_value=0.0064099977042189754 -0.038731122677740842 -0.0078644762489227752 0.010215532174004277 -0.029677741753377052 -0.0050764695963606467 0.0052137066969954252 -0.0082202585802846947 0.0047521868183923004 -0.0084727965460244855 -0.014463079386745818 -0.0074217069642145365 -0.030116144565528802 0.01639765323041463 0.0085323048196635411
leaf_weight=5555 115 4070 6542 1341 6048 8325 6022 5191 1159 1719 2192 2476 5836 1849
leaf_count=5555 115 4070 6542 1341 6048 8325 6022 5191 1159 1719 2192 2476 5836 1849
internal_value=-1.26237e-12 0.00491608 0.00190207 -0.00810494 0.00380261 0.000883714 -0.00946018 -0.00538731 -0.0138645 -2.7993e-05 -0.0158693 -0.0232153 0.011527 0.00576484
internal_weight=58440 36376 24985 22064 20915 14373 20100 10443 9657 6910 3533 3635 11391 1964
internal_count=58440 36376 24985 22064 20915 14373 20100 10443 9657 6910 3533 3635 11391 1964
is_linear=0
shrinkage=0.05


Tree=31
num_leaves=15
num_cat=0
split_feature=10 9 5 7 3 0 0 9 10 10 0 8 8 0
split_gain=860.078 262.328 250.381 236.739 187.037 173.702 170.937 120.9 99.5941 98.9984 92.5554 119.771 85.1299 174.215
threshold=1.7110000000000005 84.293000000000021 -0.24999999999999994 -0.30982845708428081 314.50000000000006 -5.9999999999999991 -6.9999999999999991 90.897000000000034 17.384000000000004 7.5170000000000012 -7.9999999999999991 27.481000000000005 27.851000000000006 -5.9999999999999991
decision_type=2 2 2 2 2 2 2 2 2 2 2 2 2 2
left_child=2 3 -1 12 9 -6 7 -3 -8 -5 -4 -12 13 -2
right_child=1 6 10 4 5 -7 8 -9 -10 -11 11 -13 -14 -15
leaf_value=0.0032897689342046227 -0.010091841422474698 -0.0036401980190176458 0.021855647729840545 0.0088897404213342732 7.2705634812033563e-05 -0.021391024709922282 -0.01347916184935234 -0.022208958114299401 -0.030135430095129437 -0.0007821966327271274 0.00048135969545152959 0.015280026943824201 -0.0053546115988540276 -0.044580744294327616
leaf_weight=13156 1621 7965 2686 7155 2881 1401 4453 985 1124 4198 1957 4537 3848 473
leaf_count=13156 1621 7965 2686 7155 2881 1401 4453 985 1124 4198 1957 4537 3848 473
internal_value=-1.54169e-11 -0.00477099 0.00771185 -0.0012739 0.00195479 -0.00694987 -0.00996523 -0.0056838 -0.0168361 0.00531335 0.0140492 0.0108204 -0.00976946 -0.0178823
internal_weight=58440 36104 22336 21577 15635 4282 14527 8950 5577 11353 9180 6494 5942 2094
internal_count=58440 36104 22336 21577 15635 4282 14527 8950 5577 11353 9180 6494 5942 2094
is_linear=0
shrinkage=0.05


Tree=32
num_leaves=15
num_cat=0
split_feature=10 7 6 9 0 1 4 10 10 6 0 8 6 3
split_gain=783.017 239.022 226.142 249.124 168.398 186.855 140.896 126.522 110.69 103.762 74.1749 127.679 51.6236 46.0091
threshold=2.4910000000000005 -0.39036009226888674 0.96234642434711437 76.671000000000006 -6.9999999999999991 110.00000000000001 -0.6830127018922193 0.23100000000000007 0.15100000000000005 0.99374995976406788 -7.9999999999999991 28.011000000000006 -0.35041564478062465 96.500000000000014
decision_type=2 2 2 2 2 2 2 2 2 2 2 2 2 2
left_child=1 7 3 -2 5 -5 -6 12 -3 -4 -10 -12 -1 -11
right_child=2 8 9 4 6 -7 -8 -9 10 13 11 -13 -14 -15
leaf_value=0.010466762145087476 0.016222463053697577 0.020453349975080311 0.014459216093702551 -0.0091058083666261252 0.0013524910946523415 0.0027189108318199807 -0.013479494686871105 -0.0024260654273212667 0.016047975450632686 -0.0006776574178179272 -0.0017347756633290135 0.012433853881884307 0.0017915218234096067 -0.036088290063745095
leaf_weight=4159 1136 2746 1943 7282 1845 6173 12116 7515 2643 1434 2876 3556 2918 98
leaf_count=4159 1136 2746 1943 7282 1845 6173 12116 7515 2643 1434 2876 3556 2918 98
internal_value=1.22839e-11 0.00637309 -0.00525595 -0.00672171 -0.00767241 -0.00368076 -0.0115194 0.00209204 0.0116577 0.00678729 0.00899618 0.0060985 0.00688977 -0.00294283
internal_weight=58440 26413 32027 28552 27416 13455 13961 14592 11821 3475 9075 6432 7077 1532
internal_count=58440 26413 32027 28552 27416 13455 13961 14592 11821 3475 9075 6432 7077 1532
is_linear=0
shrinkage=0.05


Tree=33
num_leaves=15
num_cat=0
split_feature=10 7 9 7 9 3 0 8 0 0 8 10 10 0
split_gain=715.086 236.723 202.367 152.374 141.952 140.484 128.66 130.196 95.7841 83.0218 76.1622 69.0237 68.8363 63.4036
threshold=5.051000000000001 -0.91595872546125101 77.801000000000016 -0.96234030595689413 81.28900000000003 314.50000000000006 -7.9999999999999991 27.379000000000005 -6.9999999999999991 -5.9999999999999991 27.535000000000007 0.37100000000000011 16.651000000000003 -7.9999999999999991
decision_type=2 2 2 2 2 2 2 2 2 2 2 2 2 2
left_child=1 11 13 -2 9 12 -4 -8 -7 -5 -11 -1 -6 -3
right_child=3 2 6 4 5 8 7 -9 -10 10 -12 -13 -14 -15
leaf_value=0.0015986165691809055 -0.023390553321099562 0.023192088154182864 0.0093016103270518648 0.0065631554360626983 -0.0035958245654578247 -0.009937031803951047 -0.0045320521465640308 0.0048351206124977349 -0.026720388389150293 -0.049075531005367358 -0.0049016369209231971 -0.009393538164364194 -0.011910894526535131 0.010959477352830404
leaf_weight=2429 1348 1253 6910 3023 9513 1992 6175 9291 1483 106 1228 3466 3371 6852
leaf_count=2429 1348 1253 6910 3023 9513 1992 6175 9291 1483 106 1228 3466 3371 6852
internal_value=2.25776e-11 0.00430753 0.00608136 -0.00710165 -0.00604173 -0.00817774 0.00362942 0.00109516 -0.0170995 0.00197824 -0.00841171 -0.00486429 -0.0057714 0.0128506
internal_weight=58440 36376 30481 22064 20716 16359 22376 15466 3475 4357 1334 5895 12884 8105
internal_count=58440 36376 30481 22064 20716 16359 22376 15466 3475 4357 1334 5895 12884 8105
is_linear=0
shrinkage=0.05


Tree=34
num_leaves=15
num_cat=0
split_feature=10 9 7 7 3 0 0 9 10 10 10 6 8 0
split_gain=655.418 237.842 208.675 191.441 150.502 167.134 146.33 120.022 84.9709 77.9306 67.9035 64.3942 62.3617 134.162
threshold=1.2470000000000001 84.293000000000021 -0.42958798411962301 -0.38243420677835349 314.50000000000006 -5.9999999999999991 -6.9999999999999991 90.39800000000001 17.384000000000004 7.5170000000000012 0.011000000000000001 0.71503381463111937 27.851000000000006 -5.9999999999999991
decision_type=2 2 2 2 2 2 2 2 2 2 2 2 2 2
left_child=3 2 12 10 9 -6 7 11 -8 -4 -1 -3 13 -2
right_child=1 6 4 -5 5 -7 8 -9 -10 -11 -12 -13 -14 -15
leaf_value=0.010647376067213599 -0.0086063175188942648 -0.0053178490877421915 0.00752562041668077 0.013621170269891762 0.00094374409476614528 -0.019412944314582275 -0.01194391730853131 -0.018767566001549787 -0.027274340694004612 -0.00061036409423172145 0.0014933677328976512 0.0046188116688237702 -0.0049157258858864798 -0.038170355709106291
leaf_weight=2591 1629 5787 8766 7676 3076 1500 4615 1323 1124 4431 9288 2270 3862 502
leaf_count=2591 1629 5787 8766 7676 3076 1500 4615 1323 1124 4431 9288 2270 3862 502
internal_value=-1.67241e-11 -0.00375502 -0.000636083 0.00746683 0.00208454 -0.00572912 -0.00865776 -0.00481015 -0.0149464 0.0047939 0.00349 -0.00251827 -0.00870445 -0.0155707
internal_weight=58440 38885 23766 19555 17773 4576 15119 9380 5739 13197 11879 8057 5993 2131
internal_count=58440 38885 23766 19555 17773 4576 15119 9380 5739 13197 11879 8057 5993 2131
is_linear=0
shrinkage=0.05


Tree=35
num_leaves=15
num_cat=0
split_feature=10 9 9 7 7 7 9 3 0 7 8 0 1 3
split_gain=598.384 212.999 136.471 126.31 123.212 128.276 120.348 134.742 84.675 78.2923 66.1898 60.9788 75.0046 46.4859
threshold=5.671000000000002 78.501000000000019 87.541000000000011 -0.96234030595689413 -0.91595872546125101 0.99138911339924218 77.551000000000016 314.50000000000006 -5.9999999999999991 -0.93543596745397617 24.631000000000004 -7.9999999999999991 113.00000000000001 344.50000000000006
decision_type=2 2 2 2 2 2 2 2 2 2 2 2 2 2
left_child=1 9 4 -2 -3 -6 -5 10 -9 -1 -8 13 -13 -11
right_child=3 2 -4 6 5 -7 7 8 -10 11 -12 12 -14 -15
leaf_value=-0.00094985993258431744 -0.022680147877234203 -0.0058128099910292321 -0.00956677324511657 0.013434869364466194 0.0047004729521740903 -0.017646796471952653 -0.019345244772037046 -0.011001316426073429 -0.028487606980394264 0.016924070825222761 -0.0036801899534750523 0.0062037301410570169 0.01669362440002661 0.044872080755956251
leaf_weight=1595 1202 3834 2643 767 19514 664 710 3219 882 1514 13419 5919 2393 165
leaf_count=1595 1202 3834 2643 767 19514 664 710 3219 882 1514 13419 5919 2393 165
internal_value=5.86536e-12 0.0036771 0.00121689 -0.00696153 0.00240385 0.00396509 -0.00596696 -0.00678326 -0.0147621 0.0093371 -0.00446738 0.0109793 0.00922374 0.0196706
internal_weight=58440 38241 26655 20199 24012 20178 18997 18230 4101 11586 14129 9991 8312 1679
internal_count=58440 38241 26655 20199 24012 20178 18997 18230 4101 11586 14129 9991 8312 1679
is_linear=0
shrinkage=0.05


Tree=36
num_leaves=15
num_cat=0
split_feature=10 6 9 5 10 0 6 6 9 0 8 5 10 1
split_gain=552.354 191.952 190.761 173.097 157.697 142.197 120.27 73.1428 70.7879 70.7147 91.7909 59.5416 45.0964 44.3857
threshold=1.6730000000000003 0.96234642434711437 76.671000000000006 -0.24999999999999994 15.571000000000003 -6.9999999999999991 0.99374995976406788 0.92602006027323147 86.211000000000027 -7.9999999999999991 27.481000000000005 -0.9330127018922193 0.11100000000000003 108.00000000000001
decision_type=2 2 2 2 2 2 2 2 2 2 2 2 2 2
left_child=3 2 11 8 5 -4 -3 -6 12 -5 13 -2 -1 -11
right_child=1 6 4 9 7 -7 -8 -9 -10 10 -12 -13 -14 -15
leaf_value=0.0075602533517416751 -0.026813498597532032 0.014295308331147966 -0.00027300527313984103 0.018397571074148297 -0.012250493453757302 -0.0077745520402901684 -0.003298476098810016 -0.037610077091718583 -0.0080882316802377945 0.0078236355086589368 0.012616815773026927 0.014440734568289738 0.0012325001938231534 -0.0074110990914273509
leaf_weight=4762 93 2225 11854 2656 5135 13525 1724 301 1398 882 4483 1469 6889 1044
leaf_count=4762 93 2225 11854 2656 5135 13525 1724 301 1398 882 4483 1469 6889 1044
internal_value=-1.0794e-11 -0.0037927 -0.00506205 0.00623016 -0.00592614 -0.00427074 0.00661446 -0.0136547 0.00254313 0.0115376 0.00869472 0.0119845 0.00381878 -0.000434445
internal_weight=58440 36326 32377 22114 30815 25379 3949 5436 13049 9065 6409 1562 11651 1926
internal_count=58440 36326 32377 22114 30815 25379 3949 5436 13049 9065 6409 1562 11651 1926
is_linear=0
shrinkage=0.05


Tree=37
num_leaves=15
num_cat=0
split_feature=9 7 5 7 0 1 9 9 7 6 3 4 10 9
split_gain=502.962 216.581 181.766 163.633 125.023 206.602 118.051 107.206 107.047 99.8287 96.0335 103.005 78.3232 78.3218
threshold=81.391000000000034 0.78724360164103002 -0.9330127018922193 -0.95242240592625282 -6.9999999999999991 108.00000000000001 89.379000000000019 76.671000000000006 0.90070004940655357 0.34235194516023087 84.500000000000014 -0.6830127018922193 17.384000000000004 87.361000000000018
decision_type=2 2 2 2 2 2 2 2 2 2 2 2 2 2
left_child=2 3 -1 -2 8 -6 12 -4 -3 -7 -9 -12 -5 -10
right_child=1 4 7 6 5 9 -8 10 13 -11 11 -13 -14 -15
leaf_value=-0.0094946960796268506 -0.012397065409253437 -0.015764845169253711 0.011497976908223538 0.0020452446781041109 -0.0015023497442629222 -0.031638148020732025 -0.012323025124138159 0.01272205117296644 0.0062647415345562611 -0.011546043163299071 0.0083919792148405524 -0.00089527120808880812 -0.0085031898304432762 -0.011449351843686218
leaf_weight=1907 3098 1508 7466 17869 1419 1856 1813 2744 1976 927 4649 8344 1952 912
leaf_count=1907 3098 1508 7466 17869 1419 1856 1813 2744 1976 927 4649 8344 1952 912
internal_value=-1.25462e-11 -0.00402613 0.00534413 -0.00164966 -0.010862 -0.0170289 -0.000110631 0.00656369 -0.00496726 -0.0249456 0.00422275 0.00242778 0.00100642 0.000670817
internal_weight=58440 33330 25110 24732 8598 4202 21634 23203 4396 2783 15737 12993 19821 2888
internal_count=58440 33330 25110 24732 8598 4202 21634 23203 4396 2783 15737 12993 19821 2888
is_linear=0
shrinkage=0.05


Tree=38
num_leaves=15
num_cat=0
split_feature=10 9 7 7 0 5 0 9 8 0 3 1 10 8
split_gain=471.326 177.301 175.539 146.709 130.538 180.431 123.276 96.9214 79.9372 141.454 93.9496 76.3074 68.1675 55.3051
threshold=1.2470000000000001 84.293000000000021 -0.30982845708428081 -0.33426211444629356 -5.9999999999999991 0.6830127018922193 -6.9999999999999991 90.39800000000001 27.851000000000006 -5.9999999999999991 208.50000000000003 110.00000000000001 17.384000000000004 27.605000000000008
decision_type=2 2 2 2 2 2 2 2 2 2 2 2 2 2
left_child=3 2 8 -1 11 -6 7 -3 9 -2 -10 -4 13 -8
right_child=1 6 4 -5 5 -7 12 -9 10 -11 -12 -13 -14 -15
leaf_value=0.0029791958818715398 -0.0078466807419333203 -0.0018262306997240173 0.00094046534379798599 0.01192612775961095 0.0043636069039286263 -0.014230903629731333 -0.014390603554006891 -0.016428311917368914 -0.0053511924055311497 -0.036267113122106696 0.021357060566917843 0.0090615963159391671 -0.02423127011952796 -0.0027994488772274499
leaf_weight=12227 1888 8057 5488 7328 2805 2439 3066 1323 4102 570 358 6116 1124 1549
leaf_count=12227 1888 8057 5488 7328 2805 2439 3066 1323 4102 570 358 6116 1124 1549
internal_value=-9.63884e-12 -0.00318429 -0.000491408 0.00633195 0.00226215 -0.00428476 -0.00741732 -0.00388578 -0.00719739 -0.0144373 -0.00320735 0.00522079 -0.0131894 -0.0105001
internal_weight=58440 38885 23766 19555 16848 5244 15119 9380 6918 2458 4460 11604 5739 4615
internal_count=58440 38885 23766 19555 16848 5244 15119 9380 6918 2458 4460 11604 5739 4615
is_linear=0
shrinkage=0.05


Tree=39
num_leaves=15
num_cat=0
split_feature=10 7 10 7 7 3 7 3 0 9 6 3 8 0
split_gain=436.668 162.048 155.57 111.447 106.748 114.443 114.053 101.101 94.9324 79.4095 68.2834 58.597 50.2185 56.349
threshold=5.671000000000002 -0.72694848937061807 0.43100000000000011 0.99349222267034787 -0.80417042486635371 146.50000000000003 0.65720762023595369 198.50000000000003 -7.9999999999999991 84.53100000000002 -0.074117382312902977 10.500000000000002 27.001000000000005 -7.9999999999999991
decision_type=2 2 2 2 2 2 2 2 2 2 2 2 2 2
left_child=1 7 12 8 5 -2 -6 -1 -4 11 -5 -8 13 -3
right_child=4 2 3 10 6 -7 9 -9 -10 -11 -12 -13 -14 -15
leaf_value=-0.0053016713640537151 -0.087711665494875482 0.012979047966283462 0.0098358113756402445 -0.056776821199908026 -0.00068251594167373331 -0.014639238848421721 0.012798364972046181 0.0044065753813585474 0.0015121096440285173 -0.013339497301823426 -0.010408337025879677 -0.0059022247323156857 0.014313445578888556 -0.0010208532175858211
leaf_weight=7409 55 1440 4591 90 8937 2079 466 4203 13493 4518 674 4144 4906 1435
leaf_count=7409 55 1440 4591 90 8937 2079 466 4203 13493 4518 674 4144 4906 1435
internal_value=2.26927e-12 0.00314117 0.0052905 0.00283499 -0.0059469 -0.0165225 -0.00469761 -0.00178774 0.00362525 -0.00862868 -0.0158706 -0.00401188 0.0112385 0.00599127
internal_weight=58440 38241 26629 18848 20199 2134 18065 11612 18084 9128 764 4610 7781 2875
internal_count=58440 38241 26629 18848 20199 2134 18065 11612 18084 9128 764 4610 7781 2875
is_linear=0
shrinkage=0.05


Tree=40
num_leaves=15
num_cat=0
split_feature=9 7 5 7 0 1 9 7 0 10 8 6 7 3
split_gain=400.405 177.357 146.534 132.337 104.391 190.23 96.6725 95.6005 92.9043 105.155 120.209 90.6625 73.6269 66.7351
threshold=81.391000000000034 0.78724360164103002 -0.9330127018922193 -0.95242240592625282 -6.9999999999999991 108.00000000000001 89.379000000000019 0.90070004940655357 -5.9999999999999991 1.4590000000000003 27.407000000000007 0.34235194516023087 0.11478523713130605 355.50000000000006
decision_type=2 2 2 2 2 2 2 2 2 2 2 2 2 2
left_child=2 3 -1 -2 7 -6 -5 -3 12 -10 -11 -7 -4 -9
right_child=1 4 8 6 5 11 -8 13 9 10 -12 -13 -14 -15
leaf_value=-0.0085550944824214908 -0.01110690409071987 -0.01459576884741177 0.0050384034433050302 0.0009531576250277695 -0.00051474369791166695 -0.029387819929509312 -0.011109086847072687 0.004816235569802681 0.0072556461057443518 -0.048169543098222904 -0.0030089956662533671 -0.01024033689043588 0.011862559617295515 -0.013952973116636964
leaf_weight=1907 3098 1508 9253 19821 1419 1856 1813 2291 3482 154 3414 927 6900 597
leaf_count=1907 3098 1508 9253 19821 1419 1856 1813 2291 3482 154 3414 927 6900 597
internal_value=4.03498e-13 -0.00359228 0.00476825 -0.00144175 -0.00977825 -0.0154134 -5.76979e-05 -0.0043918 0.00586327 0.00107423 -0.00495819 -0.0230099 0.00795345 0.000936313
internal_weight=58440 33330 25110 24732 8598 4202 21634 4396 23203 7050 3568 2783 16153 2888
internal_count=58440 33330 25110 24732 8598 4202 21634 4396 23203 7050 3568 2783 16153 2888
is_linear=0
shrinkage=0.05


Tree=41
num_leaves=15
num_cat=0
split_feature=10 0 9 7 1 8 5 9 3 7 10 10 6 7
split_gain=373.703 144.578 149.587 137.81 131.424 276.803 141.23 96.9596 94.6859 89.1546 84.2598 81.1055 78.7947 78.6253
threshold=3.0030000000000006 -5.9999999999999991 89.251000000000019 -0.33426211444629356 107.00000000000001 27.497000000000007 0.6830127018922193 81.241000000000028 72.500000000000014 0.99981043035926087 0.051000000000000011 0.14100000000000004 0.96234642434711437 -0.30164489695395946
decision_type=2 2 2 2 2 2 2 2 2 2 2 2 2 2
left_child=3 2 7 10 13 8 -7 -2 -6 11 -1 -5 -9 -3
right_child=1 4 -4 9 5 6 -8 12 -10 -11 -12 -13 -14 -15
leaf_value=0.006913450288160628 0.0056506041497817461 -0.015126472079553203 -0.013504248921039189 0.016392646053333817 -0.028777681550800429 -0.0020863241098374903 -0.01973202139164416 -0.0037059631222892964 -0.064657696089778366 -0.059356358842163975 -0.0012251166155894987 0.0062557541621225156 0.0082057762505936029 0.0096171357649025777
leaf_weight=4367 4857 446 2484 2447 666 3000 1823 13458 254 49 11703 10192 1548 1146
leaf_count=4367 4857 446 2484 2447 666 3000 1823 13458 254 49 11703 10192 1548 1146
internal_value=5.99773e-12 -0.0039356 -0.00193636 0.00406205 -0.0100265 -0.0135503 -0.00875605 -0.000489721 -0.0386837 0.00795736 0.000986528 0.00821833 -0.00247716 0.0026852
internal_weight=58440 29682 22347 28758 7335 5743 4823 19863 920 12688 16070 12639 15006 1592
internal_count=58440 29682 22347 28758 7335 5743 4823 19863 920 12688 16070 12639 15006 1592
is_linear=0
shrinkage=0.05


Tree=42
num_leaves=15
num_cat=0
split_feature=10 9 7 7 10 7 3 3 8 0 10 9 6 3
split_gain=344.84 145.7 126.102 122.893 109.503 91.8291 101.669 91.0987 83.9159 77.1045 74.756 58.3774 50.8523 49.7709
threshold=5.8790000000000013 87.541000000000011 -0.40613878790836594 0.99349222267034787 0.41100000000000009 -0.80417042486635371 146.50000000000003 314.50000000000006 28.761000000000006 -6.9999999999999991 0.43100000000000011 81.14100000000002 -0.074117382312902977 301.50000000000006
decision_type=2 2 2 2 2 2 2 2 2 2 2 2 2 2
left_child=1 2 4 10 -1 6 -2 11 9 -9 -4 -7 -5 -13
right_child=5 -3 3 12 -6 7 -8 8 -10 -11 -12 13 -14 -15
leaf_value=0.0046174574069869391 -0.084475704003125429 -0.0084471169957972738 0.012942012908895623 -0.046529450627965666 -0.0034706968325663827 0.0050309148639463 -0.013652170267075145 -0.0063555585947249445 0.011747696746295534 -0.020518031295370109 0.005407717466229485 -0.0044631500764463596 -0.0081099490269313859 0.011592474985815284
leaf_weight=8008 52 2714 4278 98 8765 2304 1985 2107 382 1767 14289 10474 711 506
leaf_count=8008 52 2714 4278 98 8765 2304 1985 2107 382 1767 14289 10474 711 506
internal_value=7.35904e-12 0.00272602 0.00356488 0.00631249 0.000390863 -0.00541151 -0.0154601 -0.00424452 -0.0106106 -0.0128153 0.00714369 -0.00220491 -0.012764 -0.00372325
internal_weight=58440 38863 36149 19376 16773 19577 2037 17540 4256 3874 18567 13284 809 10980
internal_count=58440 38863 36149 19376 16773 19577 2037 17540 4256 3874 18567 13284 809 10980
is_linear=0
shrinkage=0.05


Tree=43
num_leaves=15
num_cat=0
split_feature=9 10 7 6 3 7 6 0 8 10 8 0 3 10
split_gain=312.479 164.42 136.469 128.222 102.406 98.5271 96.2233 95.2473 71.2098 65.297 62.5547 113.388 74.0242 51.0652
threshold=83.661000000000016 1.0810000000000002 -0.30982845708428081 -0.76141707087277943 314.50000000000006 0.11478523713130605 0.65233619298682533 -6.9999999999999991 27.101000000000006 17.384000000000004 27.891000000000009 -5.9999999999999991 208.50000000000003 0.011000000000000001
decision_type=2 2 2 2 2 2 2 2 2 2 2 2 2 2
left_child=1 5 10 8 -4 13 9 -6 -2 -5 11 -3 -12 -1
right_child=3 2 4 6 7 -7 -8 -9 -10 -11 12 -13 -14 -15
leaf_value=0.010509981073528317 0.0003634820398833214 -0.0063912734635437193 0.0050975873498909571 -0.007516908368945148 0.0057761201826285417 0.014477568613365561 -0.0016226969061943373 -0.0097533999835782634 0.018113107628050785 -0.017535541889327495 -0.0043856932494795503 -0.032199817208167329 0.019754277939210557 0.0028203585195205111
leaf_weight=2844 2626 1763 11170 9578 1564 3272 6530 2678 720 1959 3865 561 346 8964
leaf_count=2844 2626 1763 11170 9578 1564 3272 6530 2678 720 1959 3865 561 346 8964
internal_value=1.28879e-11 0.00278039 1.85292e-05 -0.0048078 0.00258593 0.00679991 -0.00647287 -0.00402776 0.00418289 -0.00921809 -0.00603636 -0.0126213 -0.00240221 0.00467243
internal_weight=58440 37027 21947 21413 15412 15080 18067 4242 3346 11537 6535 2324 4211 11808
internal_count=58440 37027 21947 21413 15412 15080 18067 4242 3346 11537 6535 2324 4211 11808
is_linear=0
shrinkage=0.05


Tree=44
num_leaves=15
num_cat=0
split_feature=10 9 7 7 1 7 9 3 0 8 6 3 3 7
split_gain=292.795 124.224 113.285 91.4771 85.6338 81.8607 71.9612 78.7623 49.533 46.8401 45.6634 44.3396 43.8076 41.169
threshold=5.8790000000000013 87.541000000000011 -0.93543596745397617 0.99349222267034787 113.00000000000001 -0.96234030595689413 76.447000000000017 314.50000000000006 -5.9999999999999991 24.631000000000004 -0.074117382312902977 176.50000000000003 196.50000000000003 0.90438663683299525
decision_type=2 2 2 2 2 2 2 2 2 2 2 2 2 2
left_child=1 2 11 4 -4 12 13 9 -9 -8 -5 -1 -2 -7
right_child=5 -3 3 10 -6 6 7 8 -10 -11 -12 -13 -14 -15
leaf_value=-0.010565856763277232 -0.016048099005317971 -0.0078049913219796225 0.0034322968635573563 -0.044191508921343187 0.0098402439817886472 0.0092884399965825429 -0.015523177987616175 -0.0078837344152137799 -0.02126521804741564 -0.00220524229239063 -0.0077848823884673658 -0.0004550466296228909 -0.068677584213636275 0.051822651588573444
leaf_weight=1610 1110 2714 23727 98 6682 377 695 3216 881 13190 711 3321 41 67
leaf_count=1610 1110 2714 23727 98 6682 377 695 3216 881 13190 711 3321 41 67
internal_value=3.26996e-12 0.0025119 0.00328647 0.0043989 0.00484036 -0.00498645 -0.00417837 -0.00466936 -0.0107612 -0.00287186 -0.0121951 -0.00375628 -0.0179228 0.0157069
internal_weight=58440 38863 36149 31218 30409 19577 18426 17982 4097 13885 809 4931 1151 444
internal_count=58440 38863 36149 31218 30409 19577 18426 17982 4097 13885 809 4931 1151 444
is_linear=0
shrinkage=0.05


Tree=45
num_leaves=15
num_cat=0
split_feature=9 10 0 1 7 1 8 5 7 0 8 3 7 7
split_gain=269.001 160.829 104.832 114.68 97.6945 99.7211 98.3974 78.6484 77.7834 63.4054 60.213 56.9768 56.7546 48.6852
threshold=79.481000000000009 10.612000000000002 -7.9999999999999991 109.00000000000001 0.78724360164103002 109.00000000000001 27.689000000000007 -0.24999999999999994 -0.26867065956352881 -7.9999999999999991 29.231000000000005 307.50000000000006 0.9989598388634241 -0.99052477729077237
decision_type=2 2 2 2 2 2 2 2 2 2 2 2 2 2
left_child=7 2 3 12 6 -6 -4 -1 -5 -9 11 -11 -2 -3
right_child=1 13 4 8 5 -7 -8 9 -10 10 -12 -13 -14 -15
leaf_value=0.0017061186635493311 -0.0023490040803423014 -0.026170538670241675 -0.0039393040820818338 0.0024515603165900014 -2.2541509697457535e-06 -0.014579474512069908 0.0034660299855899068 0.017289353331807301 0.013977848374698624 0.0075935148620689457 0.017082041004329772 -0.0033298509855353483 -0.056540289034648819 -0.0070486205821763213
leaf_weight=7575 3456 345 9782 2871 2002 2834 8285 1713 2986 4277 1142 1656 49 9467
leaf_count=7575 3456 345 9782 2871 2002 2834 8285 1713 2986 4277 1142 1656 49 9467
internal_value=-2.14405e-12 -0.00211544 -0.000410764 0.00404696 -0.00223294 -0.00854482 -0.000543434 0.0054398 0.00832786 0.00865812 0.00656833 0.00454462 -0.0031066 -0.00772097
internal_weight=58440 42077 32265 9362 22903 4836 18067 16363 5857 8788 7075 5933 3505 9812
internal_count=58440 42077 32265 9362 22903 4836 18067 16363 5857 8788 7075 5933 3505 9812
is_linear=0
shrinkage=0.05


Tree=46
num_leaves=15
num_cat=0
split_feature=10 9 0 8 1 5 7 9 7 10 8 0 8 9
split_gain=250.018 120.336 139.25 201.629 189.266 132.045 103.015 93.7971 87.3039 65.3191 54.2125 49.9118 41.4692 31.3139
threshold=1.0810000000000002 89.837000000000018 -5.9999999999999991 27.689000000000007 107.00000000000001 0.6830127018922193 -0.72694848937061807 81.241000000000028 0.11478523713130605 0.011000000000000001 24.631000000000004 -7.9999999999999991 26.861000000000008 86.14400000000002
decision_type=2 2 2 2 2 2 2 2 2 2 2 2 2 2
left_child=8 2 6 4 -4 -5 -2 -8 9 -1 -3 -10 -13 -11
right_child=1 10 3 5 -6 -7 7 -9 11 13 -12 12 -14 -15
leaf_value=0.00924315099281371 -0.0064009145450872156 -0.024720933563547917 -0.00046112372566993508 0.0019770289174526833 -0.02847453161926294 -0.011937215811295043 0.0067135030484472202 -0.00036266608683667635 0.019848493054320886 0.0021458070811093276 -0.0079660761722986067 -0.0049167520956748629 0.010772043410400237 -0.0064245670184594336
leaf_weight=3295 4737 740 938 5344 1688 2504 6620 16006 1224 10139 1389 527 2098 1191
leaf_count=3295 4737 740 938 5344 1688 2504 6620 16006 1224 10139 1389 527 2098 1191
internal_value=1.48131e-12 -0.00222349 -0.00157268 -0.00647538 -0.0184682 -0.00246248 0.000303966 0.00170771 0.00481022 0.0030469 -0.0137897 0.0115103 0.00762233 0.0012449
internal_weight=58440 39966 37837 10474 2626 7848 27363 22626 18474 14625 2129 3849 2625 11330
internal_count=58440 39966 37837 10474 2626 7848 27363 22626 18474 14625 2129 3849 2625 11330
is_linear=0
shrinkage=0.05


Tree=47
num_leaves=15
num_cat=0
split_feature=10 9 7 7 1 7 7 3 6 1 0 0 3 8
split_gain=227.107 111.892 101.777 83.3886 79.7112 72.4788 65.0417 59.3018 59.1106 49.3095 119.169 55.0072 46.1873 54.6757
threshold=6.6910000000000016 88.759000000000029 -0.95242240592625282 0.99349222267034787 113.00000000000001 -0.72694848937061807 0.65720762023595369 176.50000000000003 -0.074117382312902977 107.00000000000001 -7.9999999999999991 -6.9999999999999991 10.500000000000002 29.121000000000006
decision_type=2 2 2 2 2 2 2 2 2 2 2 2 2 2
left_child=1 2 7 4 -4 -2 9 -1 -5 10 -7 -11 -8 -14
right_child=5 -3 3 8 -6 6 12 -9 -10 11 -12 -13 13 -15
leaf_value=-0.012897463040346469 -0.013602130272263866 -0.010787082396501696 0.0026223105388083622 -0.044140399796027352 0.008527640200106856 -0.035549947740928005 0.004865347790167643 -0.0005734543556952785 -0.0064334416346671008 0.0066173046345657906 -0.0014482636350924385 -0.0033000494713616882 -0.0084598199758261355 0.027883424187699953
leaf_weight=1436 2050 1633 26612 119 7277 312 780 3048 821 3051 1432 2581 7183 105
leaf_count=1436 2050 1633 26612 119 7277 312 780 3048 821 3051 1432 2581 7183 105
internal_value=-5.35651e-12 0.00203737 0.00257007 0.0034829 0.00389036 -0.00476861 -0.00359607 -0.00452022 -0.011207 -0.000202485 -0.00754902 0.00207244 -0.00669858 -0.00793621
internal_weight=58440 40946 39313 34829 33889 17494 15444 4484 940 7376 1744 5632 8068 7288
internal_count=58440 40946 39313 34829 33889 17494 15444 4484 940 7376 1744 5632 8068 7288
is_linear=0
shrinkage=0.05


Tree=48
num_leaves=15
num_cat=0
split_feature=10 9 0 8 1 1 10 4 8 7 8 0 8 7
split_gain=215.118 116.874 120.645 178.105 198.111 164.618 159.86 156.394 73.4967 69.8973 57.6623 32.1326 41.6881 30.3983
threshold=0.66100000000000014 89.379000000000019 -6.9999999999999991 27.871000000000006 108.00000000000001 110.00000000000001 9.9910000000000014 -0.6830127018922193 27.041000000000007 -0.33426211444629356 24.631000000000004 -7.9999999999999991 27.161000000000005 0.16587474750015932
decision_type=2 2 2 2 2 2 2 2 2 2 2 2 2 2
left_child=9 2 5 4 -4 6 -2 -5 -7 -1 -3 13 -13 -11
right_child=1 10 3 7 -6 8 -8 -9 -10 11 -12 12 -14 -15
leaf_value=0.0026627744148940355 0.0013227311378181891 -0.022119880679132526 -0.00091990117202365236 0.013393873775560417 -0.015499971465439501 0.001723365354878964 -0.01304868669943115 -0.0021113200695744602 0.010956364749805193 0.0083972932153703623 -0.00671935417078438 -0.002449004068435606 0.010173190409827053 0.022069707149964608
leaf_weight=10119 7043 904 4288 1921 5102 3891 2668 10602 4832 771 1855 861 2723 860
leaf_count=10119 7043 904 4288 1921 5102 3891 2668 10602 4832 771 1855 861 2723 860
internal_value=4.17531e-12 -0.0018093 -0.00112849 -0.0036362 -0.00884189 0.00185249 -0.00262567 0.000267142 0.00683787 0.00508621 -0.0117654 0.00978855 0.00714091 0.0156065
internal_weight=58440 43106 40347 21913 9390 18434 9711 12523 8723 15334 2759 5215 3584 1631
internal_count=58440 43106 40347 21913 9390 18434 9711 12523 8723 15334 2759 5215 3584 1631
is_linear=0
shrinkage=0.05


Tree=49
num_leaves=15
num_cat=0
split_feature=9 10 3 7 7 7 6 3 1 0 0 7 8 3
split_gain=199.583 126.345 93.5569 76.1503 68.3943 57.3919 46.1536 65.3049 46.0388 199.788 154.749 57.8016 55.6382 53.9769
threshold=78.77500000000002 15.571000000000003 354.50000000000006 -0.95242240592625282 0.78724360164103002 0.097680735332368748 -0.43733984355855576 314.50000000000006 108.00000000000001 -7.9999999999999991 -5.9999999999999991 -0.58481178939031186 27.121000000000006 290.50000000000006
decision_type=2 2 2 2 2 2 2 2 2 2 2 2 2 2
left_child=5 2 3 -2 -5 -1 7 -7 9 13 11 -10 -12 -3
right_child=1 8 -4 4 -6 6 -8 -9 10 -11 12 -13 -14 -15
leaf_value=0.0027313877494276498 -0.0068103917299394499 -0.062577441544372808 -0.014825079118218809 0.0017485982225964776 -0.0037493610604553002 0.010423743675401487 0.015221992430968471 -0.0050334253920056894 -0.02339926610842822 -0.0072513774701112414 -0.085870608370751153 0.0012665590900718775 -0.024740481897867147 -0.023232304034754635
leaf_weight=8512 3879 231 1122 26730 7175 2196 2056 992 259 1709 40 2863 536 140
leaf_count=8512 3879 231 1122 26730 7175 2196 2056 992 259 1709 40 2863 536 140
internal_value=-1.47785e-11 -0.00162124 -0.00059664 -0.000174125 0.000585116 0.00526631 0.00938097 0.00561398 -0.00852033 -0.0144714 -0.00517306 -0.000779709 -0.0289856 -0.0477302
internal_weight=58440 44684 38906 37784 33905 13756 5244 3188 5778 2080 3698 3122 576 371
internal_count=58440 44684 38906 37784 33905 13756 5244 3188 5778 2080 3698 3122 576 371
is_linear=0
shrinkage=0.05


Tree=50
num_leaves=15
num_cat=0
split_feature=9 10 7 0 3 0 9 6 8 0 6 8 7 7
split_gain=185.777 116.27 127.373 108.872 88.7422 111.886 53.8176 50.5463 48.3115 95.9995 49.5471 48.2975 48.1062 44.2619
threshold=84.53100000000002 0.41100000000000009 -0.30982845708428081 -6.9999999999999991 314.50000000000006 -6.9999999999999991 90.897000000000034 0.99374995976406788 27.851000000000006 -5.9999999999999991 -0.41398024697495356 24.449000000000005 -0.19337245081799007 0.94636490295939868
decision_type=2 2 2 2 2 2 2 2 2 2 2 2 2 2
left_child=1 12 8 6 7 -6 -2 -4 9 -3 -10 -5 -1 -13
right_child=3 2 4 11 5 -7 -8 -9 10 -11 -12 13 -14 -15
leaf_value=0.004171328633647331 -0.00055537427805497214 -0.0047624058787358011 0.0053842787580649391 -0.037999379810092875 0.0058676449822191749 -0.0090288827927279113 -0.012322292594723581 -0.0043114778140981762 0.011157462122517406 -0.024236796837522775 -0.0032573254441065542 -0.0073942865906752066 0.011563676123280298 -0.019714669095398485
leaf_weight=8113 10482 3014 13570 152 2090 3176 1071 1492 669 801 5473 4445 3020 872
leaf_count=8113 10482 3014 13570 152 2090 3176 1071 1492 669 801 5473 4445 3020 872
internal_value=-3.18666e-14 0.00180727 0.000201057 -0.00439745 0.00247046 -0.00311666 -0.00164621 0.00442384 -0.00443211 -0.00885126 -0.00168724 -0.0102093 0.00617662 -0.00941486
internal_weight=58440 41418 30285 17022 20328 5266 11553 15062 9957 3815 6142 5469 11133 5317
internal_count=58440 41418 30285 17022 20328 5266 11553 15062 9957 3815 6142 5469 11133 5317
is_linear=0
shrinkage=0.05


Tree=51
num_leaves=15
num_cat=0
split_feature=9 10 7 6 8 3 10 6 8 3 3 7 1 3
split_gain=168.687 93.8993 103.262 91.2399 73.7533 87.3322 70.3738 63.9658 61.2401 56.1862 46.6405 46.0202 37.1235 35.7172
threshold=83.661000000000016 0.51500000000000012 -0.30982845708428081 -0.76141707087277943 29.411000000000005 307.50000000000006 24.451000000000004 0.65233619298682533 27.101000000000006 66.500000000000014 72.500000000000014 0.26659387353423869 113.00000000000001 362.50000000000006
decision_type=2 2 2 2 2 2 2 2 2 2 2 2 2 2
left_child=1 11 -3 8 5 -4 7 13 -2 -8 -11 12 -1 -5
right_child=3 2 4 6 -6 -7 9 -9 -10 10 -12 -13 -14 -15
leaf_value=0.0026508732161706731 0.00050968274879297892 -0.0042549158516919545 0.0042937252244987468 -0.0058993698441561883 0.020203075070936279 -0.0036442487276000649 -0.0045993723352763943 0.00019176535945182797 0.016969965337031885 -0.070071869492530831 -0.020392073508450664 0.01393004557567624 0.0093883186881804082 -0.027555030946422983
leaf_weight=7228 2626 8249 11699 10270 572 4923 745 5951 720 50 857 1505 2851 194
leaf_count=7228 2626 8249 11699 10270 572 4923 745 5951 720 50 857 1505 2851 194
internal_value=3.49303e-12 0.00204284 0.000343867 -0.00353245 0.00255018 0.00194271 -0.00493702 -0.00394706 0.00405164 -0.0147737 -0.0231308 0.00577446 0.00455666 -0.00630086
internal_weight=58440 37027 25443 21413 17194 16622 18067 16415 3346 1652 907 11584 10079 10464
internal_count=58440 37027 25443 21413 17194 16622 18067 16415 3346 1652 907 11584 10079 10464
is_linear=0
shrinkage=0.05


Tree=52
num_leaves=15
num_cat=0
split_feature=9 10 9 0 8 7 1 0 7 7 7 3 1 3
split_gain=156.422 106.882 76.0584 67.9146 116.38 67.5558 54.4022 49.71 53.076 46.5603 45.0901 43.0831 42.9834 34.3032
threshold=77.719000000000008 7.5170000000000012 88.759000000000029 -6.9999999999999991 27.407000000000007 -0.77243990499604276 113.00000000000001 -7.9999999999999991 0.95436825032516992 -0.99052477729077237 -0.99864786094873803 362.50000000000006 107.00000000000001 338.50000000000006
decision_type=2 2 2 2 2 2 2 2 2 2 2 2 2 2
left_child=6 2 3 5 -5 -2 7 8 -1 10 -3 12 -11 -8
right_child=1 9 -4 4 -6 -7 13 -9 -10 11 -12 -13 -14 -15
leaf_value=0.0080593048807875555 -0.0021127382944212685 0.0019679044299626713 -0.0096928420926450497 -0.0095128184957423301 0.00092021095650483657 0.0053208152064299795 0.0098410665962052144 0.0014399186491610089 0.036934831900201658 -0.0087909982495919942 -0.029381265404702008 -0.022637125087900445 -0.002263780728633937 0.031192605352112199
leaf_weight=1102 4190 169 1770 3421 12225 11297 2736 6238 186 3276 357 309 10962 202
leaf_count=1102 4190 169 1770 3421 12225 11297 2736 6238 186 3276 357 309 10962 202
internal_value=-2.28061e-12 -0.00120809 0.000389228 0.000962423 -0.00136097 0.00330967 0.00553894 0.0032864 0.0122292 -0.0046949 -0.019309 -0.00416648 -0.00376562 0.0113091
internal_weight=58440 47976 32903 31133 15646 15487 10464 7526 1288 15073 526 14547 14238 2938
internal_count=58440 47976 32903 31133 15646 15487 10464 7526 1288 15073 526 14547 14238 2938
is_linear=0
shrinkage=0.05


Tree=53
num_leaves=15
num_cat=0
split_feature=10 7 9 3 3 3 7 7 10 8 0 1 7 0
split_gain=144.217 88.5254 85.8555 93.2721 78.0613 65.7036 58.1548 53.1818 36.5033 32.4821 31.5654 61.4454 35.2806 33.204
threshold=0.66100000000000014 -0.95242240592625282 76.671000000000006 314.50000000000006 316.50000000000006 294.50000000000006 -0.99628250747696534 -0.77243990499604276 23.548000000000005 28.293000000000006 -7.9999999999999991 113.00000000000001 0.16587474750015932 -5.9999999999999991
decision_type=2 2 2 2 2 2 2 2 2 2 2 2 2 2
left_child=7 6 -3 5 -5 -4 9 -1 -8 -2 12 13 -9 -12
right_child=1 2 3 4 -6 -7 8 10 -10 -11 11 -13 -14 -15
leaf_value=0.00016153771125330008 -0.0041617973979836981 0.0079982399725037328 -0.00081174589513436333 -0.033843824541834225 -0.0056006799743467586 0.0086681395718623717 -0.011824425398797493 0.0071615120465583285 -0.04065573786091789 0.015549924179632239 -0.0010600354431941604 0.012154492326713671 0.019192361248505499 0.0076865262721964563
leaf_weight=5384 962 2601 27882 254 6648 1956 2421 2091 115 267 3523 1908 860 1568
leaf_count=5384 962 2601 27882 254 6648 1956 2421 2091 115 267 3523 1908 860 1568
internal_value=3.81056e-12 -0.00148143 -0.000780469 -0.00140196 -0.00664005 -0.000190302 -0.00880589 0.00416451 -0.0131318 0.00012057 0.00633054 0.00450189 0.0106676 0.00163386
internal_weight=58440 43106 39341 36740 6902 29838 3765 15334 2536 1229 9950 6999 2951 5091
internal_count=58440 43106 39341 36740 6902 29838 3765 15334 2536 1229 9950 6999 2951 5091
is_linear=0
shrinkage=0.05


Tree=54
num_leaves=15
num_cat=0
split_feature=9 10 0 7 7 7 3 3 0 8 7 1 8 8
split_gain=136.148 96.1775 95.3249 90.5251 86.752 63.0459 53.8039 55.2154 53.0519 38.6509 36.483 36.329 60.2277 47.7745
threshold=86.02300000000001 0.37100000000000011 -6.9999999999999991 -0.42958798411962301 0.99349222267034787 0.96849880583763492 314.50000000000006 300.50000000000006 -5.9999999999999991 24.687000000000008 -0.22700609751797865 108.00000000000001 27.161000000000005 24.449000000000005
decision_type=2 2 2 2 2 2 2 2 2 2 2 2 2 2
left_child=1 10 6 -3 5 -5 7 9 -6 -2 -1 13 -13 -4
right_child=2 3 11 4 8 -7 -8 -9 -10 -11 -12 12 -14 -15
leaf_value=0.0034130105462487044 -0.0077173552492768652 -0.0040460859884484729 -0.035858656752561974 0.0015041707208045939 -0.0039062337867694953 0.01116674406030033 -0.011871922389151648 0.020476005291066215 -0.023960443312373722 0.00080719378830526991 0.0097315378439827849 -0.036754562287289995 -0.011422853026970728 -0.0061967438220576366
leaf_weight=8100 1829 10339 148 22362 1111 1826 1243 298 469 4871 3182 365 657 1640
leaf_count=8100 1829 10339 148 22362 1111 1826 1243 298 469 4871 3182 365 657 1640
internal_value=-5.21372e-13 0.00116542 -0.00499757 -9.36942e-05 0.00149214 0.00223362 -0.00228591 -0.000583217 -0.00985903 -0.00151988 0.0051951 -0.0129502 -0.0204699 -0.00865198
internal_weight=58440 47389 11051 36107 25768 24188 8241 6998 1580 6700 11282 2810 1022 1788
internal_count=58440 47389 11051 36107 25768 24188 8241 6998 1580 6700 11282 2810 1022 1788
is_linear=0
shrinkage=0.05


Tree=55
num_leaves=15
num_cat=0
split_feature=10 0 1 8 1 0 8 5 7 7 10 1 7 7
split_gain=125.953 82.5745 137.536 169.267 96.361 96.358 89.3599 83.4434 65.6369 61.5263 59.6745 53.7118 51.1262 47.6826
threshold=4.3710000000000013 -5.9999999999999991 107.00000000000001 27.201000000000004 106.00000000000001 -6.9999999999999991 24.631000000000004 0.6830127018922193 -0.42958798411962301 0.99981043035926087 9.4210000000000012 110.00000000000001 -0.58481178939031186 -0.28519997588938989
decision_type=2 2 2 2 2 2 2 2 2 2 2 2 2 2
left_child=8 4 13 -4 5 10 -6 -5 11 -10 -2 -1 -8 -3
right_child=1 2 3 7 6 -7 12 -9 9 -11 -12 -13 -14 -15
leaf_value=-0.003281117322142443 -0.0086954411802246806 -0.0097048049841555583 -0.046220729127008114 -0.0035688647019836792 -0.013894630577088797 0.002684526107948402 -0.005962617258085022 -0.018119455434554826 0.0043022280091436294 -0.039647022231947632 -0.03099440347551621 0.0024155753842642767 0.00221360111886871 0.012171205305394795
leaf_weight=7879 572 338 337 2475 1069 725 2230 1637 17400 80 631 8714 13406 947
leaf_count=7879 572 338 337 2475 1069 725 2230 1637 17400 80 631 8714 13406 947
internal_value=-7.78425e-12 -0.00274488 -0.0079918 -0.0121535 -0.00113022 -0.0117142 9.13224e-05 -0.0093615 0.00196297 0.00410109 -0.0203917 -0.000289435 0.00104751 0.00641705
internal_weight=58440 24367 5734 4449 18633 1928 16705 4112 34073 17480 1203 16593 15636 1285
internal_count=58440 24367 5734 4449 18633 1928 16705 4112 34073 17480 1203 16593 15636 1285
is_linear=0
shrinkage=0.05


Tree=56
num_leaves=15
num_cat=0
split_feature=9 0 7 3 10 3 4 10 1 6 8 0 8 3
split_gain=120.94 85.3916 75.1052 67.6488 58.353 53.373 46.2626 43.6956 47.3197 42.9181 42.7223 38.1212 37.0744 38.0885
threshold=84.53100000000002 -6.9999999999999991 -0.95242240592625282 358.50000000000006 0.11100000000000003 359.50000000000006 0.93301270189221952 24.451000000000004 106.00000000000001 0.091259403071267925 28.811000000000003 -6.9999999999999991 24.449000000000005 20.500000000000004
decision_type=2 2 2 2 2 2 2 2 2 2 2 2 2 2
left_child=2 7 9 4 -4 11 -6 -2 -9 -1 -7 -5 -3 -14
right_child=1 12 3 5 6 10 -8 8 -10 -11 -12 -13 13 -15
leaf_value=-0.001069928751720121 -0.00010896267534131833 -0.033043246368048895 0.0069673987975907379 -0.013099875275308835 0.00091593706594004717 -0.013445802903311691 0.0072283584557939319 -0.048094292006527005 -0.0077050723783087978 -0.01158981328909685 0.01884850543509755 -0.075040738829584036 -0.020023467043397233 -0.0065097498069980365
leaf_weight=2674 10443 152 6051 46 27149 547 3250 78 1032 1521 126 54 586 4731
leaf_count=2674 10443 152 6051 46 27149 547 3250 78 1032 1521 126 54 586 4731
internal_value=3.24087e-12 -0.00354805 0.00145818 0.00217296 0.00248337 -0.0124641 0.00159081 -0.00111148 -0.0105432 -0.00488417 -0.00739962 -0.0465479 -0.00869518 -0.00799913
internal_weight=58440 17022 41418 37223 36450 773 30399 11553 1110 4195 673 100 5469 5317
internal_count=58440 17022 41418 37223 36450 773 30399 11553 1110 4195 673 100 5469 5317
is_linear=0
shrinkage=0.05


Tree=57
num_leaves=15
num_cat=0
split_feature=9 10 0 8 1 4 1 0 0 0 7 10 8 3
split_gain=112.974 84.8233 113.622 109.505 130.925 98.2984 59.4054 152.626 139.786 51.6697 48.3969 45.0114 44.9959 41.2641
threshold=87.361000000000018 1.6730000000000003 -5.9999999999999991 27.689000000000007 107.00000000000001 -0.93301270189221908 110.00000000000001 -7.9999999999999991 -6.9999999999999991 -6.9999999999999991 0.11478523713130605 0.011000000000000001 24.687000000000008 331.50000000000006
decision_type=2 2 2 2 2 2 2 2 2 2 2 2 2 2
left_child=1 10 6 4 -4 -5 7 -3 -8 12 11 -1 -2 -14
right_child=9 2 3 5 -6 -7 8 -9 -10 -11 -12 -13 13 -15
leaf_value=0.0072293726961760452 -0.010891206468619304 -0.0093668391759144393 0.0016601613408913395 0.026226214503306741 -0.023574548843327329 -0.0036164817445512708 0.0086132293742586866 0.0029676050857323768 -0.0031268250448776682 -0.014534820376724903 0.0076011438893914185 0.00059510954171535088 0.00080536124649438229 -0.015162488613216403
leaf_weight=3202 1604 3908 779 288 1511 6588 6208 7001 4286 1400 4934 12686 3589 456
leaf_count=3202 1604 3908 779 288 1511 6588 6208 7001 4286 1400 4934 12686 3589 456
internal_value=-1.41168e-12 0.000814187 -0.000862317 -0.00552041 -0.0149903 -0.00236653 0.00113255 -0.00145104 0.00381831 -0.00593586 0.00327548 0.00193215 -0.00380477 -0.000994723
internal_weight=58440 51391 30569 9166 2290 6876 21403 10909 10494 7049 20822 15888 5649 4045
internal_count=58440 51391 30569 9166 2290 6876 21403 10909 10494 7049 20822 15888 5649 4045
is_linear=0
shrinkage=0.05


Tree=58
num_leaves=15
num_cat=0
split_feature=9 10 3 3 3 1 0 7 1 0 0 8 3 7
split_gain=104.538 82.9302 62.4531 66.6594 117.945 44.3206 43.4518 44.7189 39.1221 176.083 123.503 47.2786 46.8409 45.1676
threshold=77.719000000000008 15.571000000000003 354.50000000000006 342.50000000000006 326.50000000000006 113.00000000000001 -7.9999999999999991 0.95436825032516992 108.00000000000001 -7.9999999999999991 -5.9999999999999991 27.509000000000004 290.50000000000006 -0.58481178939031186
decision_type=2 2 2 2 2 2 2 2 2 2 2 2 2 2
left_child=5 2 3 4 -2 6 7 -1 9 12 13 -12 -3 -10
right_child=1 8 -4 -5 -6 -7 -8 -9 10 -11 11 -13 -14 -15
leaf_value=0.0070283502641060765 0.00031395359148179709 -0.056700083497327136 -0.011469214561445142 0.011170850202732695 -0.013433655753773803 0.0097362017443451479 0.00076860744477376104 0.033533255944434702 -0.01956901191715936 -0.0052565293903201185 -0.048959168359237235 -0.016325102015342412 -0.020247118002254143 0.00213915652176614
leaf_weight=1102 37967 235 1197 1320 1627 2938 6238 186 261 1719 149 435 141 2925
leaf_count=1102 37967 235 1197 1320 1627 2938 6238 186 261 1719 149 435 141 2925
internal_value=1.15483e-12 -0.000987618 -0.000211817 0.000117535 -0.000250964 0.00452809 0.00249495 0.0108559 -0.00655791 -0.012036 -0.00351374 -0.0246513 -0.0430302 0.000360804
internal_weight=58440 47976 42111 40914 39594 10464 7526 1288 5865 2095 3770 584 376 3186
internal_count=58440 47976 42111 40914 39594 10464 7526 1288 5865 2095 3770 584 376 3186
is_linear=0
shrinkage=0.05


Tree=59
num_leaves=15
num_cat=0
split_feature=9 4 0 6 6 1 10 3 7 3 8 10 0 10
split_gain=99.7837 74.0438 111.686 101.95 104.467 96.2233 143.502 71.3407 65.375 53.4541 51.341 59.0836 45.9518 43.9262
threshold=87.361000000000018 -0.6830127018922193 -6.9999999999999991 0.3261394409934788 0.24372619187392155 110.00000000000001 9.9910000000000014 300.50000000000006 0.11478523713130605 84.500000000000014 28.081000000000007 0.031000000000000003 -6.9999999999999991 8.2110000000000039
decision_type=2 2 2 2 2 2 2 2 2 2 2 2 2 2
left_child=1 7 5 4 -4 6 -3 10 -7 -5 11 -1 -2 -12
right_child=12 2 3 9 -6 8 -8 -9 -10 -11 13 -13 -14 -15
leaf_value=0.0085393539953871871 -0.0035688694788061723 0.0023613687080596734 -0.005073144727407667 0.0045877172571828842 -0.024752228666767517 0.0018366935813942994 -0.013046896581957386 0.020085025585323681 0.010570711408606513 -0.0025614605518638122 0.0072462354437047953 -0.00082006095060851471 -0.013687816912591058 0.035206073736391806
leaf_weight=2173 5649 6655 9158 4604 728 4151 1955 650 4428 6051 3164 7527 1400 147
leaf_count=2173 5649 6655 9158 4604 728 4151 1955 650 4428 6051 3164 7527 1400 147
internal_value=3.1615e-12 0.000765182 -0.000376824 -0.00286534 -0.0065223 0.00259698 -0.00113726 0.00391926 0.00634471 0.000527682 0.00311166 0.00127664 -0.00557859 0.00848758
internal_weight=58440 51391 37730 20541 9886 17189 8610 13661 8579 10655 13011 9700 7049 3311
internal_count=58440 51391 37730 20541 9886 17189 8610 13661 8579 10655 13011 9700 7049 3311
is_linear=0
shrinkage=0.05


Tree=60
num_leaves=15
num_cat=0
split_feature=9 7 0 7 7 3 0 3 3 0 6 9 6 1
split_gain=92.0566 68.7641 66.1531 64.8967 67.1315 90.3223 52.4997 44.7707 49.8387 42.3167 40.9506 33.8529 31.867 34.9862
threshold=86.02300000000001 -0.95242240592625282 -6.9999999999999991 0.99349222267034787 0.96849880583763492 18.500000000000004 -6.9999999999999991 314.50000000000006 300.50000000000006 -5.9999999999999991 -0.074117382312902977 89.379000000000019 0.091259403071267925 111.00000000000001
decision_type=2 2 2 2 2 2 2 2 2 2 2 2 2 2
left_child=1 12 7 4 5 -3 -6 8 11 -5 -11 -2 -1 -14
right_child=2 3 -4 9 6 -7 -8 -9 -10 10 -12 -13 13 -15
leaf_value=-0.0016795720694755601 0.0011536119795294941 -0.020647634211763546 -0.010734345522101015 -0.0029595947223541013 0.019695689211198221 0.001785151865363932 0.0035017478839177354 -0.010594831665659919 0.019710360441240485 -0.056834471860983928 -0.014728331103217432 -0.0065835310633726874 -0.016450982204467335 -0.0019970315110581201
leaf_weight=3035 4673 454 2810 1161 919 38529 1099 1243 298 67 418 2027 971 736
leaf_count=3035 4673 454 2810 1161 919 38529 1099 1243 298 67 418 2027 971 736
internal_value=2.53588e-13 0.000958307 -0.00410942 0.00159342 0.00198422 0.0015239 0.0108765 -0.00185046 -0.000297271 -0.00814122 -0.0205451 -0.00118716 -0.00475353 -0.0102189
internal_weight=58440 47389 11051 42647 41001 38983 2018 8241 6998 1646 485 6700 4742 1707
internal_count=58440 47389 11051 42647 41001 38983 2018 8241 6998 1646 485 6700 4742 1707
is_linear=0
shrinkage=0.05


Tree=61
num_leaves=15
num_cat=0
split_feature=9 10 0 8 5 1 7 1 0 3 0 9 9 3
split_gain=87.3979 73.3999 67.3382 115.415 136.369 81.5201 63.0057 42.6501 124.411 42.5088 38.6039 39.9481 34.9255 33.6557
threshold=76.671000000000006 24.451000000000004 -6.9999999999999991 27.689000000000007 0.6830127018922193 108.00000000000001 -0.72694848937061807 110.00000000000001 -7.9999999999999991 339.50000000000006 -6.9999999999999991 82.991000000000028 88.995000000000019 40.500000000000007
decision_type=2 2 2 2 2 2 2 2 2 2 2 2 2 2
left_child=9 2 6 5 -5 -4 -2 8 -3 -1 12 -12 -9 -10
right_child=1 7 3 4 -6 -7 -8 10 13 -11 11 -13 -14 -15
leaf_value=0.003964482901925602 -0.0028911559676550774 -0.045382645239156708 -0.0023925880914373232 0.0031821286722239182 -0.0078715885291661403 -0.012146647615058037 0.0029770636701692229 0.012392906556413095 0.01117439344893198 0.019363776927148101 0.0080218551798750867 -0.023003393877297641 -0.013582105902505331 -0.011569499454759501
leaf_weight=7408 6093 270 4707 11209 3715 3931 18349 505 197 477 154 318 174 933
leaf_count=7408 6093 270 4707 11209 3715 3931 18349 505 197 477 154 318 174 933
internal_value=2.89078e-13 -0.000763632 -0.000324442 -0.00223177 0.00043055 -0.00683149 0.00151421 -0.00902818 -0.0148902 0.00489606 -0.00189799 -0.0128807 0.00573657 -0.00760441
internal_weight=58440 50555 48004 23562 14924 8638 24442 2551 1400 7885 1151 472 679 1130
internal_count=58440 50555 48004 23562 14924 8638 24442 2551 1400 7885 1151 472 679 1130
is_linear=0
shrinkage=0.05


Tree=62
num_leaves=15
num_cat=0
split_feature=10 9 0 8 1 4 1 10 7 8 7 0 1 0
split_gain=82.4443 70.212 62.8581 123.292 139.676 96.0749 73.9847 179.1 52.7738 40.5021 34.1789 19.7141 18.5349 33.2042
threshold=0.15100000000000005 89.379000000000019 -6.9999999999999991 27.871000000000006 108.00000000000001 -0.6830127018922193 106.00000000000001 7.5950000000000015 -0.72694848937061807 24.631000000000004 -0.77243990499604276 -6.9999999999999991 113.00000000000001 -7.9999999999999991
decision_type=2 2 2 2 2 2 2 2 2 2 2 2 2 2
left_child=10 2 6 4 -4 -5 7 -2 -8 -3 -1 -11 13 -12
right_child=1 9 3 5 -6 -7 8 -9 -10 11 12 -13 -14 -15
leaf_value=0.00036058400918316129 0.0025181473616174531 -0.016897584443551102 4.1106049416402898e-05 0.0093561140324898238 -0.011681801683621026 -0.0010535993682039377 -0.0024534728848231869 -0.026292593498660151 0.0039958035992403154 -0.002145362282997451 0.012408943301638718 -0.016299345870228375 0.011354701379780481 0.0022326088396808007
leaf_weight=3278 1734 939 4725 2731 5497 11766 3995 783 15398 1654 1099 289 1590 2962
leaf_count=3278 1734 939 4725 2731 5497 11766 3995 783 15398 1654 1099 289 1590 2962
internal_value=-6.34124e-12 -0.000797528 -0.000329422 -0.00205776 -0.00626302 0.000907422 0.0016205 -0.00644443 0.00266724 -0.00837119 0.00442226 -0.00425061 0.00677834 0.00498656
internal_weight=58440 49511 46629 24719 10222 14497 21910 2517 19393 2882 8929 1943 5651 4061
internal_count=58440 49511 46629 24719 10222 14497 21910 2517 19393 2882 8929 1943 5651 4061
is_linear=0
shrinkage=0.05


Tree=63
num_leaves=15
num_cat=0
split_feature=9 10 6 8 7 6 6 6 8 10 0 3 8 7
split_gain=77.3096 59.1828 54.0001 73.1061 61.6747 60.2297 47.0052 42.3125 38.3783 35.3162 31.1005 34.5358 55.866 24.4488
threshold=87.361000000000018 0.10100000000000003 0.70290292807158605 29.121000000000006 0.60383265664488517 0.45273815774107123 0.99374995976406788 -0.62588817255938378 24.687000000000008 12.041000000000002 -6.9999999999999991 331.50000000000006 26.811000000000003 -0.19337245081799007
decision_type=2 2 2 2 2 2 2 2 2 2 2 2 2 2
left_child=1 13 3 5 6 -3 -4 -5 -2 -6 11 -10 -13 -1
right_child=8 2 4 7 9 -7 -8 -9 10 -11 -12 12 -14 -15
leaf_value=0.0032110589252409998 -0.01105680368121352 -0.00076868385838667363 0.0031356858249026159 0.017592683149785269 0.020406042665692972 -0.0072994408146551774 -0.0056491656531629927 0.0011007017498265836 0.0010045951801897521 0.00093710564330897546 -0.010001927777531368 -0.0061507916118488746 -0.054700163342058662 0.0099736604847162902
leaf_weight=5615 1867 26167 9322 789 735 4081 1820 767 3589 341 1137 386 70 1754
leaf_count=5615 1867 26167 9322 789 735 4081 1820 767 3589 341 1137 386 70 1754
internal_value=3.43069e-13 0.000673522 -2.06925e-05 -0.0011061 0.00280466 -0.0016498 0.00170072 0.00946328 -0.00491034 0.0142361 -0.00269585 -0.000642206 -0.0136035 0.00482072
internal_weight=58440 51391 44022 31804 12218 30248 11142 1556 7049 1076 5182 4045 456 7369
internal_count=58440 51391 44022 31804 12218 30248 11142 1556 7049 1076 5182 4045 456 7369
is_linear=0
shrinkage=0.05


Tree=64
num_leaves=15
num_cat=0
split_feature=10 10 6 8 0 7 7 7 8 1 0 0 3 8
split_gain=72.6249 52.8369 58.6618 81.1476 138.731 71.2384 59.2385 55.6937 31.184 29.6874 154.05 110.841 42.7631 42.6364
threshold=15.571000000000003 0.08100000000000003 0.70290292807158605 27.861000000000004 -6.9999999999999991 0.99855310097228334 0.60383265664488517 0.48877522411129348 27.141000000000009 108.00000000000001 -7.9999999999999991 -5.9999999999999991 308.50000000000006 27.121000000000006
decision_type=2 2 2 2 2 2 2 2 2 2 2 2 2 2
left_child=1 -1 3 4 -3 -5 7 -4 -8 10 12 -11 -2 -13
right_child=9 2 6 5 -6 -7 8 -9 -10 11 -12 13 -14 -15
leaf_value=0.0046090122471920472 -0.050754506293529636 -3.1852706583732197e-05 0.0029021738041159675 0.0023692080255197853 -0.0088920255315882834 -0.02060969654987822 0.0018053698299117739 -0.0099480387978609069 0.020880835060908709 0.00097762754893104971 -0.0037006436283695855 -0.072300978861749174 -0.014813864392008845 -0.018858088714971844
leaf_weight=7094 253 12170 10608 13389 6936 346 317 916 661 3292 1738 40 123 557
leaf_count=7094 253 12170 10608 13389 6936 346 317 916 661 3292 1738 40 123 557
internal_value=-1.24378e-11 0.00059638 -3.14045e-05 -0.00114102 -0.00324834 0.00179034 0.00288341 0.00188076 0.0146979 -0.00520946 -0.00997858 -0.00261703 -0.0389973 -0.0224389
internal_weight=58440 52437 45343 32841 19106 13735 12502 11524 978 6003 2114 3889 376 597
internal_count=58440 52437 45343 32841 19106 13735 12502 11524 978 6003 2114 3889 376 597
is_linear=0
shrinkage=0.05


Tree=65
num_leaves=15
num_cat=0
split_feature=9 4 0 4 8 7 1 3 6 6 8 9 10 8
split_gain=68.8808 56.2159 79.8391 87.4903 83.319 74.3734 83.0988 63.3912 52.7836 41.1189 37.4531 41.9202 39.5511 33.0485
threshold=87.631000000000014 -0.6830127018922193 -6.9999999999999991 0.68301270189221941 28.041000000000007 0.90803977035715633 109.00000000000001 300.50000000000006 0.99374995976406788 -0.30983472475487867 27.689000000000007 83.891000000000005 0.029000000000000008 24.687000000000008
decision_type=2 2 2 2 2 2 2 2 2 2 2 2 2 2
left_child=1 7 5 4 -4 6 -3 10 -5 -7 12 -12 -1 -2
right_child=13 2 3 8 -6 9 -8 -9 -10 -11 11 -13 -14 -15
leaf_value=0.0071652809119162461 -0.010731864914277222 -0.0039588427974079389 -0.0090535887704860495 0.0041399296878867542 -0.0013082213882552483 0.024189537744835739 0.0037643450448761025 0.018519381997495435 -0.0083282699998642792 0.0068691173405734975 0.0047396138431595328 0.025453947187588713 -0.001613196852684315 -0.0026822441606929766
leaf_weight=1638 1760 5959 6198 5616 7895 390 8382 655 1000 2823 5318 256 5922 4628
leaf_count=1638 1760 5959 6198 5616 7895 390 8382 655 1000 2823 5318 256 5922 4628
internal_value=3.94412e-12 0.000601351 -0.00038506 -0.00248785 -0.00471458 0.00209567 0.000555191 0.00333853 0.00225538 0.0089715 0.00258146 0.00569097 0.000288807 -0.00490005
internal_weight=58440 52052 38263 20709 14093 17554 14341 13789 6616 3213 13134 5574 7560 6388
internal_count=58440 52052 38263 20709 14093 17554 14341 13789 6616 3213 13134 5574 7560 6388
is_linear=0
shrinkage=0.05


Tree=66
num_leaves=15
num_cat=0
split_feature=10 7 7 0 1 7 9 0 1 0 1 8 7 7
split_gain=63.9368 47.4622 50.9068 49.3105 86.121 60.2012 27.556 28.2293 82.4995 96.0826 69.6549 46.5764 32.1988 30.3951
threshold=15.571000000000003 0.99855310097228334 -0.95242240592625282 -7.9999999999999991 109.00000000000001 0.78724360164103002 92.415000000000006 -5.9999999999999991 107.00000000000001 -7.9999999999999991 106.00000000000001 27.041000000000007 -0.72694848937061807 0.3484035575467645
decision_type=2 2 2 2 2 2 2 2 2 2 2 2 2 2
left_child=1 2 -1 4 -4 -5 7 8 9 -2 13 -12 -10 -9
right_child=6 -3 3 5 -6 -7 -8 10 12 -11 11 -13 -14 -15
leaf_value=-0.0038448089116003372 -0.04169347621307995 -0.011836298064279167 -0.0011369133514488976 0.0013724128809670484 0.0076021671228777791 -0.0038444183114561339 -0.021783602313697539 -0.011384587924784193 -0.015136507373447079 -0.0064891377041255268 -0.066385881440794992 -0.014642065907955588 0.0022719437905126842 0.035909079526532064
leaf_weight=5415 254 761 4721 27628 6998 6914 232 52 288 818 46 797 3418 98
leaf_count=5415 254 761 4721 27628 6998 6914 232 52 288 818 46 797 3418 98
internal_value=-9.82802e-13 0.000559571 0.000742118 0.00127903 0.00408163 0.000328201 -0.00488793 -0.00420871 -0.0026145 -0.0148305 -0.0118795 -0.0174656 0.000919101 0.0195139
internal_weight=58440 52437 51676 46261 11719 34542 6003 5771 4778 1072 993 843 3706 150
internal_count=58440 52437 51676 46261 11719 34542 6003 5771 4778 1072 993 843 3706 150
is_linear=0
shrinkage=0.05


Tree=67
num_leaves=15
num_cat=0
split_feature=9 3 6 6 8 7 7 3 8 10 7 7 8 3
split_gain=62.1907 53.7474 73.03 67.1871 51.5652 51.0138 57.0242 44.4668 59.0389 43.3184 41.8813 63.3599 41.8446 100.033
threshold=84.53100000000002 84.500000000000014 0.96465729447553372 -0.11692013674435776 29.121000000000006 0.78724360164103002 0.90070004940655357 336.50000000000006 27.181000000000004 0.15100000000000005 0.94636490295939868 0.97062204580664158 28.617000000000008 66.500000000000014
decision_type=2 2 2 2 2 2 2 2 2 2 2 2 2 2
left_child=1 2 12 4 9 -2 7 -7 -9 -3 -8 -12 -1 -14
right_child=5 3 -4 -5 -6 6 10 8 -10 -11 11 -13 13 -15
leaf_value=0.0043613935024470855 -0.00083314960165132386 0.0047493812308617191 0.017013124760821514 -0.0026495591093361492 0.01101356298884941 -0.011514507173203563 0.0059205091471302984 -0.018288849500566719 -0.079326214316975452 -0.00034508583937008935 -0.020259685737083883 -0.0013502957859721852 -0.0016903451086843976 -0.058381053679836807
leaf_weight=5831 12239 6091 1058 12908 1457 1487 936 125 58 13249 619 1558 737 87
leaf_count=5831 12239 6091 1058 12908 1457 1487 936 125 58 13249 619 1558 737 87
internal_value=1.26752e-12 0.00104565 0.00481087 0.000184029 0.00194274 -0.00254429 -0.00692285 -0.0143767 -0.037634 0.00125938 -0.00292416 -0.00672692 0.00287098 -0.00767589
internal_weight=58440 41418 7713 33705 20797 17022 4783 1670 183 19340 3113 2177 6655 824
internal_count=58440 41418 7713 33705 20797 17022 4783 1670 183 19340 3113 2177 6655 824
is_linear=0
shrinkage=0.05


Tree=68
num_leaves=15
num_cat=0
split_feature=10 9 0 8 5 1 7 3 1 0 0 9 3 3
split_gain=57.638 46.396 45.1322 83.7234 127.107 111.838 47.3735 36.8719 34.6183 106.118 30.8937 35.7166 33.1338 30.3148
threshold=24.451000000000004 77.087000000000032 -6.9999999999999991 27.421000000000006 0.6830127018922193 108.00000000000001 -0.72694848937061807 339.50000000000006 110.00000000000001 -7.9999999999999991 -6.9999999999999991 82.991000000000028 290.50000000000006 40.500000000000007
decision_type=2 2 2 2 2 2 2 2 2 2 2 2 2 2
left_child=1 7 6 5 -5 -4 -3 -1 9 -2 -10 -12 -13 -11
right_child=8 2 3 4 -6 -7 -8 -9 10 13 11 12 -14 -15
leaf_value=0.0028373429336088418 -0.040752605503399132 -0.0026227200942075825 -0.0021165538324967328 0.0024788945887241672 -0.0075397073600558043 -0.016425747503416424 0.0025047537710447074 0.016197934950162706 0.0058063939346103891 0.011883751480461504 0.0083488632139229885 -0.0098230913908615176 -0.044979721787482663 -0.0096249200291537856
leaf_weight=8223 270 5998 4126 12585 4230 2041 18094 551 694 198 163 222 96 949
leaf_count=8223 270 5998 4126 12585 4230 2041 18094 551 694 198 163 222 96 949
internal_value=-1.34839e-12 0.000338285 -0.000283893 -0.00186902 -4.1396e-05 -0.00685225 0.00122821 0.00367638 -0.00728879 -0.0125506 -0.000943215 -0.0106817 -0.0204364 -0.005912
internal_weight=58440 55848 47074 22982 16815 6167 24092 8774 2592 1417 1175 481 318 1147
internal_count=58440 55848 47074 22982 16815 6167 24092 8774 2592 1417 1175 481 318 1147
is_linear=0
shrinkage=0.05


Tree=69
num_leaves=15
num_cat=0
split_feature=9 7 7 1 0 4 6 8 1 3 0 6 10 9
split_gain=57.2759 47.369 45.7597 34.7571 64.2889 46.768 30.4516 29.5278 28.8778 27.3077 24.4986 19.9485 22.0212 17.1342
threshold=87.631000000000014 0.99855310097228334 -0.95242240592625282 112.00000000000001 -7.9999999999999991 -0.93301270189221908 0.091259403071267925 24.631000000000004 112.00000000000001 180.50000000000003 -6.9999999999999991 -0.76141707087277943 15.571000000000003 82.819000000000031
decision_type=2 2 2 2 2 2 2 2 2 2 2 2 2 2
left_child=1 2 6 5 -5 -4 9 -2 -8 -1 11 12 -9 -3
right_child=7 13 3 4 -6 -7 8 10 -10 -11 -12 -13 -14 -15
leaf_value=0.010761894154373518 -0.010312271963690708 -0.0038377351723796237 0.0061278671654007629 0.0092835777266884415 0.001430249440824262 -0.00033207062177463071 -0.013177705766763005 0.015944560155602503 0.0001785538092537481 -0.0026258656186177124 -0.0094533144149232893 -0.002022222578483049 -0.0077491021887633772 -0.018163216307554419
leaf_weight=439 1615 403 3109 3397 11191 28352 1252 333 598 2878 999 3302 139 433
leaf_count=439 1615 403 3109 3397 11191 28352 1252 333 598 2878 999 3302 139 433
internal_value=-4.52167e-12 0.000548358 0.000741066 0.0012417 0.003259 0.000306305 -0.00372063 -0.00446824 -0.00886039 -0.000854016 -0.00249085 -0.000647845 0.00896698 -0.0112575
internal_weight=58440 52052 51216 46049 14588 31461 5167 6388 1850 3317 4773 3774 472 836
internal_count=58440 52052 51216 46049 14588 31461 5167 6388 1850 3317 4773 3774 472 836
is_linear=0
shrinkage=0.05


Tree=70
num_leaves=15
num_cat=0
split_feature=9 9 3 3 3 0 8 6 7 1 6 0 10 3
split_gain=53.1606 43.5982 51.2569 83.5494 63.6421 59.9931 45.0621 44.7876 36.818 27.9209 26.0281 24.9254 21.3456 18.1133
threshold=90.39800000000001 76.671000000000006 314.50000000000006 316.50000000000006 294.50000000000006 -5.9999999999999991 28.72900000000001 0.96234642434711437 0.90070004940655357 113.00000000000001 -0.32614396506100213 -5.9999999999999991 3.1090000000000004 84.500000000000014
decision_type=2 2 2 2 2 2 2 2 2 2 2 2 2 2
left_child=1 8 4 -4 7 -5 -6 -3 9 13 12 -12 -10 -1
right_child=-2 2 3 5 6 -7 -8 -9 10 -11 11 -13 -14 -15
leaf_value=0.015104220754333906 -0.0087681817077817897 -0.00071619975616983057 -0.032303734300171527 -0.00047285380698937281 0.0059420734645603268 -0.011399399604628671 0.02807010623148164 0.0045466769201449779 0.016416059741966946 0.0076121993352966048 0.017257856106880354 -0.0067764491850135127 0.066840106803106106 0.00011234084392147816
leaf_weight=210 1679 35023 256 5034 2060 1674 259 4570 43 2053 430 144 41 4964
leaf_count=210 1679 35023 256 5034 2060 1674 259 4570 43 2053 430 144 41 4964
internal_value=3.06436e-12 0.000259364 -0.000297222 -0.00426949 0.0003628 -0.0031996 0.00841347 -0.000108735 0.00370942 0.00267848 0.0150325 0.0112283 0.0410278 0.000720825
internal_weight=58440 56761 48876 6964 41912 6708 2319 39593 7885 7227 658 574 84 5174
internal_count=58440 56761 48876 6964 41912 6708 2319 39593 7885 7227 658 574 84 5174
is_linear=0
shrinkage=0.05


Tree=71
num_leaves=15
num_cat=0
split_feature=10 3 3 3 7 1 3 3 1 9 1 0 10 0
split_gain=49.5226 40.1281 48.4471 92.6201 49.62 40.552 36.1599 32.9498 49.4031 31.4732 30.4641 97.0518 27.8643 27.6803
threshold=24.451000000000004 358.50000000000006 341.50000000000006 326.50000000000006 -0.31800055644052067 108.00000000000001 359.50000000000006 346.50000000000006 111.00000000000001 80.101000000000013 110.00000000000001 -7.9999999999999991 4.2110000000000012 -6.9999999999999991
decision_type=2 2 2 2 2 2 2 2 2 2 2 2 2 2
left_child=1 2 3 4 -1 -5 -3 8 -4 -8 11 -2 -9 -12
right_child=10 6 7 5 -6 -7 9 12 -10 -11 13 -13 -14 -15
leaf_value=-0.0011220350817156832 -0.038662630833781873 -0.032220758879307233 0.0057380165945164815 0.00027904624962383817 0.0020371991257178939 -0.014729722770214133 0.011969993219739109 0.0098606796163476628 0.03194074091927733 -0.010640999343864184 0.0055854279466908728 -0.005343539734221199 -0.0024985514119913992 -0.010021669688242973
leaf_weight=22809 270 149 461 651 27311 1458 198 893 295 691 694 1147 932 481
leaf_count=22809 270 149 461 651 27311 1458 198 893 295 691 694 1147 932 481
internal_value=2.88176e-12 0.000313567 0.000498009 0.000167554 0.00059947 -0.0100969 -0.00942559 0.00718508 0.0159626 -0.00560503 -0.00675621 -0.0116923 0.00354901 -0.00080352
internal_weight=58440 55848 54810 52229 50120 2109 1038 2581 756 889 2592 1417 1825 1175
internal_count=58440 55848 54810 52229 50120 2109 1038 2581 756 889 2592 1417 1825 1175
is_linear=0
shrinkage=0.05


Tree=72
num_leaves=15
num_cat=0
split_feature=9 7 7 9 3 4 6 3 3 8 0 6 8 9
split_gain=48.8154 41.7979 37.5989 34.9818 40.2614 37.4569 26.7764 26.5456 24.9832 24.8035 14.6992 14.4816 13.3397 22.9564
threshold=89.379000000000019 0.99855310097228334 -0.95242240592625282 79.241 84.500000000000014 -0.93301270189221908 0.091259403071267925 174.50000000000003 180.50000000000003 24.631000000000004 -6.9999999999999991 -0.55657520495441892 25.951000000000008 82.819000000000031
decision_type=2 2 2 2 2 2 2 2 2 2 2 2 2 2
left_child=1 2 6 4 -4 -5 8 -8 -1 -2 11 -11 -3 -14
right_child=9 12 3 5 -6 -7 7 -9 -10 10 -12 -13 13 -15
leaf_value=0.010082580629482051 -0.01282781827006726 0.0081340163611294172 0.011243110254204075 0.0056537996607955226 0.0021959290626637918 -0.00035429084460408475 -0.0049327326232740873 -0.018772432440346168 -0.0024300402487450433 0.0093115569649064901 -0.01346414823158331 -0.0033007932883036177 -0.0035895714014487802 -0.020262230868399195
leaf_weight=459 968 89 1367 2818 12244 32661 1529 448 3048 271 290 1421 398 429
leaf_count=459 968 89 1367 2818 12244 32661 1529 448 3048 271 290 1421 398 429
internal_value=-2.67278e-12 0.000333194 0.000510979 0.000949627 0.00310457 0.000122915 -0.00341558 -0.00806889 -0.000792375 -0.00626743 -0.00306337 -0.00128073 -0.010259 -0.0122384
internal_weight=58440 55490 54574 49090 13611 35479 5484 1977 3507 2950 1982 1692 916 827
internal_count=58440 55490 54574 49090 13611 35479 5484 1977 3507 2950 1982 1692 916 827
is_linear=0
shrinkage=0.05


Tree=73
num_leaves=15
num_cat=0
split_feature=10 9 6 6 1 8 6 6 6 7 7 1 0 0
split_gain=46.1508 41.8183 41.2823 70.4686 68.1491 56.3554 52.1911 77.9357 21.4026 19.7614 15.4077 15.2035 23.4591 11.8185
threshold=0.08100000000000003 90.897000000000034 0.70290292807158605 0.45273815774107123 111.00000000000001 29.269000000000009 0.99374995976406788 0.96234642434711437 0.99761913169647187 -0.77243990499604276 -0.99052477729077237 113.00000000000001 -7.9999999999999991 -5.9999999999999991
decision_type=2 2 2 2 2 2 2 2 2 2 2 2 2 2
left_child=9 2 3 5 -5 -2 7 -4 -8 -1 -3 12 -11 -14
right_child=1 10 6 4 -6 -7 8 -9 -10 11 -12 -13 13 -15
leaf_value=0.00030543696667506906 -0.00066429160661605189 -0.035696577379066084 0.00096823857441557951 -0.011181475131832798 0.00062497582849484212 0.011800216109377338 -0.011981077255557476 0.010366977884402571 -0.0013782944418796585 0.011501626837513691 -0.0083897565916667589 0.01031693712976732 -0.00051943643723641219 0.0075706699597703521
leaf_weight=2595 30097 54 8978 3153 1996 935 769 2924 1249 773 1191 1311 1814 601
leaf_count=2595 30097 54 8978 3153 1996 935 769 2924 1249 773 1191 1311 1814 601
internal_value=8.41743e-13 -0.000522272 -0.000297335 -0.00118758 -0.00660473 -0.000288734 0.00201659 0.00327726 -0.0054187 0.00378018 -0.00957415 0.00578439 0.00392047 0.00149388
internal_weight=58440 51346 50101 36181 5149 31032 13920 11902 2018 7094 1245 4499 3188 2415
internal_count=58440 51346 50101 36181 5149 31032 13920 11902 2018 7094 1245 4499 3188 2415
is_linear=0
shrinkage=0.05


Tree=74
num_leaves=15
num_cat=0
split_feature=9 0 5 8 7 1 8 7 3 1 3 6 6 6
split_gain=42.2855 37.3359 67.6714 91.3706 114.928 90.4269 88.8158 66.261 57.6954 87.4247 80.0831 46.8869 33.2728 27.2731
threshold=87.361000000000018 -6.9999999999999991 0.6830127018922193 27.421000000000006 0.3484035575467645 107.00000000000001 28.761000000000006 0.90803977035715633 46.500000000000007 108.00000000000001 52.500000000000007 0.8697513045430848 -0.17647087149565668 0.091259403071267925
decision_type=2 2 2 2 2 2 2 2 2 2 2 2 2 2
left_child=1 7 3 11 -5 -4 -7 8 9 -1 -10 -3 -9 -14
right_child=-2 2 5 4 -6 6 -8 12 10 -11 -12 -13 13 -15
leaf_value=-0.026442528489436148 -0.0036315355393076484 -0.0084388641139251843 0.007331100812183123 0.00065744753681534123 0.012543820030336966 -0.011062839149354823 0.0039299389478207108 0.016715183066456529 0.024286308826321341 0.00099315202012107014 0.0011319688317809396 0.0045720319982740015 -0.00069189502317034855 0.010408069210380649
leaf_weight=473 7049 3439 1216 14255 2372 4397 1274 919 381 752 18810 867 1006 1230
leaf_count=473 7049 3439 1216 14255 2372 4397 1274 919 381 752 18810 867 1006 1230
internal_value=9.59292e-12 0.000498116 -0.000742394 0.000672075 0.00235315 -0.00504166 -0.00769469 0.00196225 0.000920109 -0.00960038 0.00159165 -0.00581916 0.00870591 0.00541408
internal_weight=58440 51391 27820 20933 16627 6887 5671 23571 20416 1225 19191 4306 3155 2236
internal_count=58440 51391 27820 20933 16627 6887 5671 23571 20416 1225 19191 4306 3155 2236
is_linear=0
shrinkage=0.05


Tree=75
num_leaves=15
num_cat=0
split_feature=10 6 6 10 6 0 8 3 8 7 6 7 3 7
split_gain=41.6043 36.5137 108.164 41.3652 43.691 37.8938 84.5554 44.9508 34.9374 32.7766 52.2812 26.3442 21.377 28.0193
threshold=0.08100000000000003 0.96234642434711437 0.99374995976406788 24.451000000000004 0.90892735371523092 -6.9999999999999991 27.881000000000007 14.500000000000002 28.071000000000009 -0.13398942717002907 0.97875492728876534 -0.80417042486635371 96.500000000000014 -0.031174269516803289
decision_type=2 2 2 2 2 2 2 2 2 2 2 2 2 2
left_child=-1 3 9 5 11 7 -7 -2 -6 10 -3 -5 13 -4
right_child=1 2 12 4 8 6 -8 -9 -10 -11 -12 -13 -14 -15
leaf_value=0.0035891518066457316 0.011175713646472071 0.01381610186613577 0.0068179677454061173 -0.021862876422943475 -0.017495640520937741 -0.0055649075978755807 0.00062657201767612818 0.00040937005090927261 -0.067968615178445671 0.014098130499653388 -0.0066527161386348141 -0.0036764760101317046 -0.022918692642905386 -0.0072432359270147156
leaf_weight=7094 1018 617 470 221 120 9622 12917 20343 48 1730 631 2012 158 1439
leaf_count=7094 1018 617 470 221 120 9622 12917 20343 48 1730 631 2012 158 1439
internal_value=3.90935e-13 -0.00049588 0.00354345 -0.000936009 -0.00732642 -0.000586502 -0.0020166 0.000922461 -0.0319165 0.00964286 0.00346688 -0.00547638 -0.00524418 -0.00378134
internal_weight=58440 51346 5045 46301 2401 43900 22539 21361 168 2978 1248 2233 2067 1909
internal_count=58440 51346 5045 46301 2401 43900 22539 21361 168 2978 1248 2233 2067 1909
is_linear=0
shrinkage=0.05


Tree=76
num_leaves=15
num_cat=0
split_feature=10 0 8 1 8 5 7 5 9 3 3 6 8 7
split_gain=38.1223 37.6169 98.1142 105.418 75.3424 68.6192 65.8742 51.4359 46.5964 35.1422 54.2128 51.8609 25.8181 24.9755
threshold=0.27700000000000008 -5.9999999999999991 27.689000000000007 107.00000000000001 27.161000000000005 0.6830127018922193 -0.28519997588938989 -0.24999999999999994 89.379000000000019 14.500000000000002 18.500000000000004 0.091259403071267925 24.631000000000004 0.99349222267034787
decision_type=2 2 2 2 2 2 2 2 2 2 2 2 2 2
left_child=-1 8 3 6 -5 7 -3 -4 9 11 -11 -2 -10 -7
right_child=1 2 5 4 -6 13 -8 -9 12 10 -12 -13 -14 -15
leaf_value=0.002643017245354139 -0.0044783475630923832 -0.017832286188861009 -0.0014852543866422686 -0.038439370577982641 -0.013221115857559149 -0.0053066606790359129 0.0095336052819527065 0.0073517014023137461 -0.012764436723763557 -0.017335069483611732 0.00064767563459728207 0.015114722145837371 -0.0025890267609891137 -0.019036153593635034
leaf_weight=11061 519 312 4014 373 1438 2335 745 2792 929 425 30249 967 1895 386
leaf_count=11061 519 312 4014 373 1438 2335 745 2792 929 425 30249 967 1895 386
internal_value=7.28061e-13 -0.000617033 -0.00298393 -0.0110917 -0.0184152 -0.000543179 0.00145588 0.0021399 0.000221571 0.000762308 0.000398518 0.00827165 -0.00593639 -0.00725432
internal_weight=58440 47379 12395 2868 1811 9527 1057 6806 34984 32160 30674 1486 2824 2721
internal_count=58440 47379 12395 2868 1811 9527 1057 6806 34984 32160 30674 1486 2824 2721
is_linear=0
shrinkage=0.05


Tree=77
num_leaves=15
num_cat=0
split_feature=10 10 7 7 6 6 3 1 0 3 0 9 3 9
split_gain=36.1503 32.0023 33.2466 57.6594 81.4214 56.2967 29.0608 26.3807 89.5211 27.6652 24.1284 31.0947 28.4967 23.9512
threshold=24.451000000000004 0.011000000000000001 -0.31800055644052067 0.64414586362404946 -0.72696319516528884 0.99374995976406788 253.50000000000003 110.00000000000001 -7.9999999999999991 40.500000000000007 -6.9999999999999991 82.991000000000028 290.50000000000006 90.897000000000034
decision_type=2 2 2 2 2 2 2 2 2 2 2 2 2 2
left_child=1 -1 6 5 -5 -4 -3 8 -2 -10 13 -12 -13 -9
right_child=7 2 3 4 -6 -7 -8 10 9 -11 11 12 -14 -15
leaf_value=0.0048088025127260396 -0.036268614911931327 -0.0014315256397139109 0.003932855102680064 -0.022263136082106866 -0.00068689900874620031 -0.0049737101787314629 -0.018654097079472135 0.0094084955414679532 0.012731951737371886 -0.0078152643591489403 0.0089171924017672575 -0.0080984373497231324 -0.040702291433505407 -0.017735478259187112
leaf_weight=3628 270 19822 15354 451 14339 2006 248 600 198 949 163 222 96 94
leaf_count=3628 270 19822 15354 451 14339 2006 248 600 198 949 163 222 96 94
internal_value=-3.75906e-12 0.000267907 -4.75726e-05 0.000949228 -0.00134484 0.00290367 -0.00164434 -0.00577241 -0.0103658 -0.00426832 -0.000233028 -0.00883944 -0.0179411 0.00573193
internal_weight=58440 55848 52220 32150 14790 17360 20070 2592 1417 1147 1175 481 318 694
internal_count=58440 55848 52220 32150 14790 17360 20070 2592 1417 1147 1175 481 318 694
is_linear=0
shrinkage=0.05


Tree=78
num_leaves=15
num_cat=0
split_feature=9 1 0 7 7 8 7 8 3 3 3 8 0 3
split_gain=34.7679 37.9857 114.709 80.5858 63.7173 62.4064 58.1363 54.5461 42.9299 41.1189 39.6123 36.2546 34.0151 33.2524
threshold=86.02300000000001 110.00000000000001 -7.9999999999999991 0.99349222267034787 0.90070004940655357 27.481000000000005 0.87709077819680659 27.041000000000007 44.500000000000007 354.50000000000006 350.50000000000006 29.371000000000006 -6.9999999999999991 329.50000000000006
decision_type=2 2 2 2 2 2 2 2 2 2 2 2 2 2
left_child=1 4 7 5 6 -4 8 -3 -1 10 -6 -5 13 -2
right_child=12 2 3 11 9 -7 -8 -9 -10 -11 -12 -13 -14 -15
leaf_value=-0.012787608997831166 0.00017002659532341577 0.0031319309705556487 -0.0054398894136936139 -0.020978492507512988 0.0066809245798336268 0.0020513838440859287 -0.023717240591256707 0.012791834375672854 -0.0011087419944142592 -0.0047538115331955712 0.027563827152466622 0.027139781814600739 -0.0072759972597110176 -0.010283504822281138
leaf_weight=822 7393 2863 3420 576 2143 14858 302 2985 18407 717 254 42 2810 848
leaf_count=822 7393 2863 3420 576 2143 14858 302 2985 18407 717 254 42 2810 848
internal_value=3.05885e-12 0.000588933 0.00194316 4.92855e-05 -0.000890823 0.00064969 -0.00194986 0.00806264 -0.00160799 0.00575143 0.0088938 -0.0177083 -0.00252547 -0.000905643
internal_weight=58440 47389 24744 18896 22645 18278 19531 5848 19229 3114 2397 618 11051 8241
internal_count=58440 47389 24744 18896 22645 18278 19531 5848 19229 3114 2397 618 11051 8241
is_linear=0
shrinkage=0.05


end of trees

feature_importances:
doy_cos=212
PRECIP=188
lat=160
RH=145
day_of_year=99
TEMP=91
doy_sin=85
lon=68
month_cos=42
month_sin=16

parameters:
[boosting: gbdt]
[objective: regression]
[metric: l2]
[tree_learner: serial]
[device_type: cpu]
[data_sample_strategy: bagging]
[data: ]
[valid: ]
[num_iterations: 79]
[learning_rate: 0.05]
[num_leaves: 15]
[num_threads: 12]
[seed: 42]
[deterministic: 0]
[force_col_wise: 0]
[force_row_wise: 0]
[histogram_pool_size: -1]
[max_depth: 5]
[min_data_in_leaf: 40]
[min_sum_hessian_in_leaf: 0.001]
[bagging_fraction: 1]
[pos_bagging_fraction: 1]
[neg_bagging_fraction: 1]
[bagging_freq: 0]
[bagging_seed: 400]
[bagging_by_query: 0]
[feature_fraction: 1]
[feature_fraction_bynode: 1]
[feature_fraction_seed: 30056]
[extra_trees: 0]
[extra_seed: 12879]
[early_stopping_round: 0]
[early_stopping_min_delta: 0]
[first_metric_only: 0]
[max_delta_step: 0]
[lambda_l1: 0]
[lambda_l2: 0]
[linear_lambda: 0]
[min_gain_to_split: 0]
[drop_rate: 0.1]
[max_drop: 50]
[skip_drop: 0.5]
[xgboost_dart_mode: 0]
[uniform_drop: 0]
[drop_seed: 17869]
[top_rate: 0.2]
[other_rate: 0.1]
[min_data_per_group: 100]
[max_cat_threshold: 32]
[cat_l2: 10]
[cat_smooth: 10]
[max_cat_to_onehot: 4]
[top_k: 20]
[monotone_constraints: ]
[monotone_constraints_method: basic]
[monotone_penalty: 0]
[feature_contri: ]
[forcedsplits_filename: ]
[refit_decay_rate: 0.9]
[cegb_tradeoff: 1]
[cegb_penalty_split: 0]
[cegb_penalty_feature_lazy: ]
[cegb_penalty_feature_coupled: ]
[path_smooth: 0]
[interaction_constraints: ]
[verbosity: -1]
[saved_feature_importance_type: 0]
[use_quantized_grad: 0]
[num_grad_quant_bins: 4]
[quant_train_renew_leaf: 0]
[stochastic_rounding: 1]
[linear_tree: 0]
[max_bin: 255]
[max_bin_by_feature: ]
[min_data_in_bin: 3]
[bin_construct_sample_cnt: 200000]
[data_random_seed: 175]
[is_enable_sparse: 1]
[enable_bundle: 1]
[use_missing: 1]
[zero_as_missing: 0]
[feature_pre_filter: 1]
[pre_partition: 0]
[two_round: 0]
[header: 0]
[label_column: ]
[weight_column: ]
[group_column: ]
[ignore_column: ]
[categorical_feature: ]
[forcedbins_filename: ]
[precise_float_parser: 0]
[parser_config_file: ]
[objective_seed: 16083]
[num_class: 1]
[is_unbalance: 0]
[scale_pos_weight: 1]
[sigmoid: 1]
[boost_from_average: 1]
[reg_sqrt: 0]
[alpha: 0.9]
[fair_c: 1]
[poisson_max_delta_step: 0.7]
[tweedie_variance_power: 1.5]
[lambdarank_truncation_level: 30]
[lambdarank_norm: 1]
[label_gain: ]
[lambdarank_position_bias_regularization: 0]
[eval_at: ]
[multi_error_top_k: 1]
[auc_mu_weights: ]
[num_machines: 1]
[local_listen_port: 12400]
[time_out: 120]
[machine_list_filename: ]
[machines: ]
[gpu_platform_id: -1]
[gpu_device_id: -1]
[gpu_use_dp: 0]
[num_gpu: 1]

end of parameters

pandas_categorical:[]
