tree
version=v4
num_class=1
num_tree_per_iteration=1
label_index=0
max_feature_idx=12
objective=regression
feature_names=lat lon month day_of_year month_sin month_cos doy_sin doy_cos TEMP RH PRECIP DHI DNI
feature_infos=[-8.5:-5.5] [105.5:114.5] [1:12] [1:366] [-1:1] [-1:1] [-0.9999994220246925:0.99998555065071859] [-0.99997919295908233:0.9999907524084426] [21.030000000000001:31.879999999999999] [45.799999999999997:95.322000000000003] [0:318.68000000000001] [0.30719999999999997:3.9851999999999999] [0:9.4740000000000002]
tree_sizes=5436 5721 5775 5753 5755 5772 5775 5802 5794 5772 5800 5793 5764 5796 5796 5810 5830 5808 5844 5798 5792 5833 5828 5839 5806 5832 5829 5825 5831 5851 5849 5855 5862 5871 5839 5864 5882 5875 5890 5853 5897 5877 5862 5874 5858 5889 5888 5872 5857 5870 5864 5910 5878 5855 5907 5905 5906 5910 5803 5874 5774 5816 5832 5895 5842 5843 5727 5820 5843 5848 5833 5855 5848 5850 5859 5703 5890 5782 5718 5733 5811 5715 5741 5804 5678 5722 5848 5732 5703 5713 5738 5787 5700 5718 5703 5720 5699 5769 5770 5689 5780 5809 5700 5726 5690 5666 5798 5712 5736

Tree=0
num_leaves=63
num_cat=0
split_feature=12 11 12 5 7 11 11 12 12 6 12 12 12 11 12 11 12 11 7 5 12 12 11 11 7 11 12 11 11 11 11 12 12 11 12 12 11 12 5 11 11 5 11 7 11 7 11 12 12 11 2 11 11 12 11 12 11 12 11 11 12 12
split_gain=49893 11522.8 8746.67 4217.19 2386.52 1899.72 1620.71 962.732 676.603 635.328 584.381 437.267 298.122 289.532 269.445 227.447 202.535 197.03 178.509 160.117 158.401 150.183 145.833 133.244 114.523 110.246 106.659 104.37 102.106 100.347 92.2461 69.0035 68.1265 67.7026 65.7225 57.7378 48.9627 47.2624 46.2045 42.478 37.1706 35.6614 35.1367 32.9954 31.8621 31.4406 31.1014 30.8143 30.1965 30.0426 29.9166 29.8716 28.3862 28.1311 27.3658 26.8377 26.1479 24.4855 24.2315 23.8222 23.3382 23.3222
threshold=1.6592500000000003 2.1855500000000005 4.2368500000000013 -0.5 -0.29342786347392819 2.7875000000000001 1.5771500000000003 2.8043 5.3072500000000007 -0.53493989022977317 3.1554000000000006 0.83400000000000019 0.83400000000000019 2.6816500000000008 5.3072500000000007 1.1473500000000001 0.60590000000000011 2.2878000000000003 -0.77243990499604276 -0.24999999999999994 3.5183000000000004 5.5088500000000016 2.4558000000000004 2.5691000000000002 -0.22700609751797865 3.0854500000000002 6.3236500000000015 2.5319000000000007 1.8894000000000002 3.1645000000000008 2.4959000000000002 2.1452500000000003 2.4023000000000008 2.4157000000000006 2.4337000000000004 2.2158000000000002 2.0456500000000006 4.8123500000000012 -0.9330127018922193 1.8030000000000002 0.7552000000000002 0.25000000000000017 2.2117000000000004 -0.7614016681079937 1.9611500000000002 -0.6905596507703472 2.9773000000000001 3.6870000000000007 4.7607500000000007 2.2494000000000001 8.5000000000000018 1.9539500000000001 2.4097000000000004 6.0191000000000008 1.3693000000000002 6.3236500000000015 2.3202000000000003 0.37260000000000004 2.4323000000000001 1.8894000000000002 4.7607500000000007 1.2404500000000003
decision_type=2 2 2 2 2 2 2 2 2 2 2 2 2 2 2 2 2 2 2 2 2 2 2 2 2 2 2 2 2 2 2 2 2 2 2 2 2 2 2 2 2 2 2 2 2 2 2 2 2 2 2 2 2 2 2 2 2 2 2 2 2 2
left_child=1 6 4 9 10 11 15 13 24 21 17 22 25 35 39 40 28 32 36 55 27 60 -3 26 50 -7 41 -9 -8 -14 -13 46 59 -22 45 52 -12 56 -16 -11 -1 -21 -28 -36 -18 -19 -15 -38 -41 -20 -5 -34 -6 -40 -17 -10 -26 -24 -37 -2 -4 -32
right_child=2 5 3 8 7 12 16 20 19 14 18 30 29 31 38 54 44 34 49 23 33 -23 57 -25 37 -27 42 -29 -30 -31 61 -33 51 -35 43 58 47 -39 53 48 -42 -43 -44 -45 -46 -47 -48 -49 -50 -51 -52 -53 -54 -55 -56 -57 -58 -59 -60 -61 -62 -63
leaf_value=4.698691984157179 4.9415424373318881 4.93785450017225 5.1698381333772359 5.1824889283787376 5.0325239082765689 5.0245696381682565 4.8508623448195864 5.1321060817096305 5.2272269091700645 5.1130872347553424 5.0708524029319033 4.9958309778521821 5.0749611753518256 5.1068462728332049 5.1535128507940229 4.7852425521592163 4.9068043349647557 5.0380930115901448 5.1151607974725559 5.2657183319050818 5.1668266835398553 5.230334409641058 4.9678932070701061 5.2483650411078964 5.201589993624653 5.0684388821131456 5.310624176352162 5.1762678231062269 4.8938376138488771 5.1122213467418076 5.0232877803221827 5.1513524769774284 4.9997534213010963 5.2055490849653268 5.0701051569116471 5.0779459989577465 5.0866758739323057 5.2474754237037891 5.1722667588876741 5.1313891424677207 4.7461349393131034 5.2863481218169444 5.2760458142774116 5.1048620538604306 4.9485305161476543 5.072139070587788 5.1347787469985775 5.1141853659229932 5.1510340152419456 5.1432059459789148 5.2149570097278826 5.0508358601543888 5.077377795149788 5.1925472196371159 4.8160615706985226 5.2598693325942945 5.2309773269711961 4.9916577015122359 5.1157144900965763 5.0059639506089573 5.1955237910908254 5.0502738787271566
leaf_weight=228 65 1430 545 508 210 1371 1023 688 689 659 759 965 1729 671 855 539 290 520 569 1691 551 1575 792 1069 356 984 1730 2409 1203 1242 641 1908 135 2501 469 253 752 1986 1803 1596 599 1661 354 654 496 567 982 888 1535 1162 643 753 430 1102 619 397 2025 958 517 491 1008 640
leaf_count=228 65 1430 545 508 210 1371 1023 688 689 659 759 965 1729 671 855 539 290 520 569 1691 551 1575 792 1069 356 984 1730 2409 1203 1242 641 1908 135 2501 469 253 752 1986 1803 1596 599 1661 354 654 496 567 982 888 1535 1162 643 753 430 1102 619 397 2025 958 517 491 1008 640
internal_value=5.12086 4.96873 5.17698 5.21733 5.12621 5.02705 4.84326 5.15593 5.25534 5.17068 5.08374 4.9854 5.06947 5.12321 5.15498 4.77311 4.8895 5.05461 5.10951 5.2747 5.18239 5.20858 4.96154 5.28064 5.22869 5.0429 5.28699 5.16646 4.87409 5.09054 5.01918 5.1384 5.02588 5.19856 5.07338 5.08486 5.09185 5.23608 5.17395 5.13616 4.73306 5.27594 5.30475 5.09035 4.93314 5.05585 5.12344 5.10157 5.14102 5.13399 5.20063 5.04307 5.06266 5.17996 4.80172 5.23916 5.22658 4.9809 5.1033 4.99843 5.18651 5.03677
internal_weight=58440 15749 42691 23787 18904 10752 4997 11120 13109 10678 7784 5426 5326 4971 7550 1985 3012 3654 4130 7591 6149 3128 3180 6505 5518 2355 5436 3097 2226 2971 2246 3561 1444 3052 2210 1410 2399 4367 3760 3790 827 3352 2084 1123 786 1087 1653 1640 3131 1731 1151 888 640 2905 1158 1086 2381 1750 770 556 1553 1281
internal_count=58440 15749 42691 23787 18904 10752 4997 11120 13109 10678 7784 5426 5326 4971 7550 1985 3012 3654 4130 7591 6149 3128 3180 6505 5518 2355 5436 3097 2226 2971 2246 3561 1444 3052 2210 1410 2399 4367 3760 3790 827 3352 2084 1123 786 1087 1653 1640 3131 1731 1151 888 640 2905 1158 1086 2381 1750 770 556 1553 1281
is_linear=0
shrinkage=1


Tree=1
num_leaves=63
num_cat=0
split_feature=12 11 12 5 7 11 11 12 12 6 12 12 12 11 11 12 5 11 12 5 11 12 12 11 7 11 12 11 11 11 12 12 12 11 11 11 11 12 6 11 6 12 10 11 6 11 12 7 7 12 11 11 6 3 11 6 11 11 11 12 11 12
split_gain=40442.9 9771.32 6664.69 3111.42 2071.19 1521.99 1463.66 885.892 572.958 472.925 428.18 350.667 316.946 245.349 227.411 204.31 170.381 159.362 120.94 119.173 117.425 116.697 113.136 102.855 111.744 100.639 89.7921 81.1034 78.1559 69.8177 60.3365 54.5681 51.688 50.6587 49.3637 48.125 46.7645 46.3566 40.4549 39.4135 36.8444 36.2564 34.7186 34.4637 33.6812 32.8619 32.5823 30.8953 28.662 28.6431 28.3392 28.0282 27.4134 24.6985 24.2215 23.9072 23.537 23.0519 29.4738 22.2494 22.1637 21.7785
threshold=1.7677000000000003 2.2271000000000005 4.456900000000001 -0.5 -0.30982845708428081 1.6357000000000002 2.7426000000000008 3.0900000000000003 3.2718000000000003 -0.38242426011641079 5.7169000000000008 0.89410000000000012 0.77435000000000009 2.5631000000000008 1.1473500000000001 0.68485000000000007 -0.68301270189221952 2.2655000000000007 5.487000000000001 -0.24999999999999994 3.1235000000000004 5.6742000000000008 3.7501000000000002 2.3982000000000006 -0.19337245081799007 3.0283500000000001 2.4337000000000004 1.9803500000000003 2.4959000000000002 2.4843500000000005 5.0367500000000005 2.4683000000000006 2.4683000000000006 2.5631000000000008 2.0396500000000004 2.9293 2.4097000000000004 2.4023000000000008 -0.59869031648930193 2.0917000000000008 -0.62588817255938378 1.2102000000000002 1.2470000000000001 1.4039000000000001 0.70290292807158605 0.93470000000000009 3.9176500000000005 -0.77243990499604276 -0.12545862287572049 6.6721500000000011 1.9940500000000003 2.2547000000000001 0.70290292807158605 251.50000000000003 1.9676500000000001 0.95242846126021108 2.8681000000000005 2.7951500000000005 2.1203000000000007 0.47795000000000004 1.9741000000000002 3.9707000000000003
decision_type=2 2 2 2 2 2 2 2 2 2 2 2 2 2 2 2 2 2 2 2 2 2 2 2 2 2 2 2 2 2 2 2 2 2 2 2 2 2 2 2 2 2 2 2 2 2 2 2 2 2 2 2 2 2 2 2 2 2 2 2 2 2
left_child=1 5 4 9 8 14 11 13 17 21 19 28 25 37 45 27 34 31 44 55 41 40 29 24 53 -8 35 -7 59 -9 51 -2 -19 -13 61 -15 -24 -6 -23 -18 -4 -14 49 -16 -11 -1 -36 -34 -25 -26 -17 -21 60 -12 -33 -5 -28 58 -32 -3 -20 -10
right_child=2 6 3 10 7 15 12 22 16 18 23 33 20 26 43 50 39 32 52 30 -22 38 36 48 42 -27 56 -29 -30 -31 57 54 47 -35 46 -37 -38 -39 -40 -41 -42 -43 -44 -45 -46 -47 -48 -49 -50 -51 -52 -53 -54 -55 -56 -57 -58 -59 -60 -61 -62 -63
leaf_value=-0.36740483864308432 -0.10781794488430024 -0.16681320611708314 0.071298339583704379 0.05621807858254263 -0.054332000932308527 -0.23251036137268746 -0.095035761309355052 0.020174058454300245 -0.052201523318000598 0.012694995579010047 0.11872279250361067 -0.10151950979101346 -0.058633318487858278 -0.0094036614594142573 -0.29969776284976274 -0.1822476015204475 -0.013353793842357742 -0.056578189717717955 0.043576467006164937 0.074884224868215457 -0.0091611186267141504 0.1050770703345769 0.054634309795571045 0.072637343155367989 0.16210042990238474 -0.053361445120745303 0.022742172273210522 -0.19513849472657141 -0.12507906178863062 0.058864836059653362 0.099903439266230687 -0.10161562121126073 -0.04411248093715487 -0.069569675265968953 -0.019540390815557265 0.019150618224486948 0.084950636924980616 -0.013634107899450791 0.074021150169332903 0.030522548502295438 0.044887158402635199 -0.032491596607625371 0.14900741031468437 -0.26790166824408201 0.038653099459562718 -0.32740544074460082 0.004532793805321348 -0.012871266299663476 0.12338997273541548 0.18805258116839124 -0.14378754362193022 0.10575949313956988 0.065386189113717616 0.14640850523512758 -0.059754571170400096 0.087916619796151452 0.043548381310933415 0.098646958020784103 0.13014261601600002 -0.14128560506064317 -0.0026643623656127605 -0.022266894856371466
leaf_weight=447 521 987 1164 393 495 1213 1253 586 433 2651 903 1179 982 1021 635 294 243 1004 1797 340 1678 1157 644 126 1223 1078 931 1114 1384 2285 376 169 556 857 1238 1399 2424 644 658 1300 967 1154 1142 736 616 380 1030 735 952 652 550 2174 602 501 759 603 1307 354 2258 522 110 554
leaf_count=447 521 987 1164 393 495 1213 1253 586 433 2651 903 1179 982 1021 635 294 243 1004 1797 340 1678 1157 644 126 1223 1078 931 1114 1384 2285 376 169 556 857 1238 1399 2424 644 658 1300 967 1154 1142 736 616 380 1030 735 952 652 550 2174 602 501 759 603 1307 354 2258 522 110 554
internal_value=3.46256e-10 -0.132949 0.0520532 0.0905455 0.0108256 -0.24366 -0.0792728 0.0380913 -0.0266353 0.0485001 0.124618 -0.119866 -0.0467126 0.0102823 -0.30761 -0.199332 -0.00375719 -0.0559539 0.0302703 0.107239 -0.0289579 0.0751843 0.0652354 0.145154 0.151907 -0.075763 0.0204554 -0.214619 -0.142242 0.0509677 0.113 -0.0819185 -0.0395605 -0.0880711 -0.0167316 0.00710354 0.078587 -0.0313211 0.0938182 0.0236127 0.0593135 -0.0445099 0.162753 -0.282629 0.0175895 -0.349025 -0.00860768 -0.026326 0.117458 0.171125 -0.157185 0.101584 0.0467821 0.128602 -0.067378 0.0754091 0.0348931 0.122606 0.125826 -0.157983 0.0409092 -0.0353993
internal_weight=58440 16443 41997 21719 20278 5369 11074 11736 8542 9722 11997 4929 6145 5797 2198 3171 4798 3744 5776 6498 3814 3946 5939 5499 4421 2331 4658 2327 2893 2871 5502 1449 2295 2036 3255 2420 3068 1139 1815 1543 2131 2136 3017 1371 3267 827 2268 1291 1078 1875 844 2514 2509 1404 928 996 2238 2988 2634 1509 1907 987
internal_count=58440 16443 41997 21719 20278 5369 11074 11736 8542 9722 11997 4929 6145 5797 2198 3171 4798 3744 5776 6498 3814 3946 5939 5499 4421 2331 4658 2327 2893 2871 5502 1449 2295 2036 3255 2420 3068 1139 1815 1543 2131 2136 3017 1371 3267 827 2268 1291 1078 1875 844 2514 2509 1404 928 996 2238 2988 2634 1509 1907 987
is_linear=0
shrinkage=0.1


Tree=2
num_leaves=63
num_cat=0
split_feature=12 11 12 5 7 11 11 12 12 12 5 5 12 11 12 11 11 11 7 11 11 11 12 11 12 11 12 11 12 11 12 12 12 12 11 11 12 5 7 5 11 11 12 11 11 12 11 11 7 7 11 12 12 12 11 5 12 12 11 12 11 12
split_gain=32816.3 7085.98 6267.25 2933.21 1516.54 1215.07 994.163 651.198 636.639 361.908 350.362 273.036 219.866 219.445 212.032 191.817 135.193 126.785 124.85 124.71 105.649 91.6236 77.3166 72.6755 72.6025 68.9887 67.9665 48.5724 48.5391 47.5419 46.2627 44.2551 44.1798 42.7254 38.8472 38.4365 37.7196 37.0846 36.3024 34.3512 32.1192 31.194 29.7109 29.4066 29.35 27.2162 25.3607 25.2721 24.0891 24.0259 23.9148 23.632 23.5094 21.3187 20.8467 20.7818 20.337 19.6493 19.4937 19.2112 19.1072 17.7952
threshold=1.5210000000000001 2.2547000000000001 4.078450000000001 -0.68301270189221952 -0.29342786347392819 1.6501000000000001 2.8503500000000002 5.3072500000000007 2.7071000000000001 2.8671500000000005 -0.24999999999999994 -0.24999999999999994 0.63350000000000006 2.6946000000000008 5.2338000000000013 1.2195500000000001 2.3538000000000001 3.2427500000000005 -0.77243990499604276 2.0190000000000006 2.4959000000000002 2.6058000000000008 0.89410000000000012 2.5691000000000002 6.1016500000000002 2.5631000000000008 3.3699500000000007 2.3257000000000008 0.74445000000000017 1.9871000000000003 2.1452500000000003 4.669550000000001 6.1016500000000002 3.3015500000000002 0.93470000000000009 1.9470000000000003 0.77435000000000009 -0.9330127018922193 -0.75013812021657655 -0.9330127018922193 2.0516500000000004 2.2547000000000001 2.1798000000000006 3.1098000000000003 2.3043500000000003 2.2535000000000003 2.0516500000000004 2.2167500000000007 -0.12545862287572049 0.26659387353423869 2.7587000000000006 5.8645000000000005 3.4599500000000005 4.5968500000000008 1.9676500000000001 0.25000000000000017 0.95315000000000005 3.6015500000000005 1.7845000000000002 0.50160000000000016 1.4613500000000001 2.1798000000000006
decision_type=2 2 2 2 2 2 2 2 2 2 2 2 2 2 2 2 2 2 2 2 2 2 2 2 2 2 2 2 2 2 2 2 2 2 2 2 2 2 2 2 2 2 2 2 2 2 2 2 2 2 2 2 2 2 2 2 2 2 2 2 2 2
left_child=1 5 4 14 9 15 12 11 13 16 32 35 25 27 37 34 29 22 40 36 33 24 59 -14 48 -3 50 -6 -21 -2 43 44 -9 -10 -1 -5 -7 -4 -18 -16 -11 49 -29 -15 -13 -31 -34 -20 -12 -26 -22 -41 -42 -37 -53 -33 -19 -49 -39 -8 -17 -40
right_child=2 6 3 7 8 19 17 10 20 18 21 31 23 30 39 60 38 56 47 28 26 -23 -24 -25 41 -27 -28 42 -30 45 -32 55 46 -35 -36 53 -38 58 61 51 52 -43 -44 -45 -46 -47 -48 57 -50 -51 -52 54 -54 -55 -56 -57 -58 -59 -60 -61 -62 -63
leaf_value=-0.33066435292263163 -0.12438510947051595 -0.14211644568070825 -0.0055690700628953744 0.016665145117191936 -0.072248945377263313 -0.20542964532811159 -0.078795177243262238 0.077996018236814943 -0.0043900493314357669 -0.049382131283627353 0.10802656972035281 0.052509091505368199 -0.10337155117477115 -0.0096732825051547774 0.024864046525187367 -0.26236276304451778 -0.061486063520644008 -0.027416242339851501 -0.017711038629918515 -0.17056618334999221 0.026720712995120268 0.10103541957897835 -0.033873672573640302 -0.069578374131734289 0.14198486641558636 -0.10914441307619115 0.064599682181070359 -0.040953898013329326 -0.13105497629902479 -0.092751566685555814 0.023265209261675988 0.088596744587994186 0.10688239793692317 0.033776078524706502 -0.2909571154304324 0.043450429658932456 -0.1619640239318553 -0.011014551137805929 -0.044863934825429219 0.038573260228339193 -0.036961756092431457 0.12219370390872375 -0.0099341565334325685 0.014177276698962689 0.085113708674098218 -0.062525130283805824 0.060202031119820455 0.0002513912082012187 0.12888027979462682 0.16254971729835926 0.047764212222093004 0.060581542587035291 -0.013656716629905164 0.063247101258909907 0.02078051860254182 0.10634931137422579 -0.0025895712418013955 0.024940639929198205 0.018153156719152887 -0.057108418701294184 -0.2375755595513426 -0.018511133195034581
leaf_weight=447 244 1357 1230 293 281 1395 711 1722 469 714 767 316 1184 1190 920 618 614 652 436 1116 832 954 1308 1376 1346 1192 2266 649 431 537 1596 1088 1190 783 549 919 233 253 479 1578 791 461 589 914 2186 669 129 818 1994 983 1539 1256 956 1333 147 1674 668 532 2429 960 626 551
leaf_count=447 244 1357 1230 293 281 1395 711 1722 469 714 767 316 1184 1190 920 618 614 652 436 1116 832 954 1308 1376 1346 1192 2266 649 431 537 1596 1088 1190 783 549 919 233 253 479 1578 791 461 589 914 2186 669 129 818 1994 983 1539 1256 956 1333 147 1674 668 532 2429 960 626 551
internal_value=2.78479e-10 -0.128543 0.0436847 0.0761391 -0.000589242 -0.219677 -0.0760888 0.0990448 0.0227185 -0.0358573 0.116565 0.0776278 -0.105908 -0.00271204 0.0252587 -0.276074 -0.061871 -0.0406512 -0.0169059 -0.179889 0.0452558 0.129663 -0.0520827 -0.0852077 0.134583 -0.126698 0.0522156 -0.0347151 -0.159558 -0.0841289 0.0104265 0.0906295 0.088545 0.019479 -0.308778 0.0507356 -0.199209 0.00880812 -0.0422396 0.0417556 -0.0315122 0.14596 -0.0261957 0.000687654 0.0809958 -0.0759842 0.102317 0.00322063 0.123087 0.150665 0.0403799 0.0469687 -0.0242087 0.0551684 0.0564114 0.0993563 -0.0148524 0.00998078 0.0154017 -0.066336 -0.249889 -0.0307665
internal_weight=58440 14823 43617 25168 18449 5415 9408 17355 11108 7341 9546 7809 5109 5219 7813 2240 3094 4299 4247 3175 5889 6505 2979 2560 5551 2549 4637 1519 1547 1450 3700 5264 3041 1252 996 2545 1628 3912 1644 3901 2461 2790 1238 2104 2502 1206 1319 1786 2761 2329 2371 2981 1747 2252 1403 2762 1320 1350 2682 1671 1244 1030
internal_count=58440 14823 43617 25168 18449 5415 9408 17355 11108 7341 9546 7809 5109 5219 7813 2240 3094 4299 4247 3175 5889 6505 2979 2560 5551 2549 4637 1519 1547 1450 3700 5264 3041 1252 996 2545 1628 3912 1644 3901 2461 2790 1238 2104 2502 1206 1319 1786 2761 2329 2371 2981 1747 2252 1403 2762 1320 1350 2682 1671 1244 1030
is_linear=0
shrinkage=0.1


Tree=3
num_leaves=63
num_cat=0
split_feature=12 11 12 5 7 11 11 12 12 6 12 11 12 11 12 12 11 11 11 7 7 11 12 7 11 12 11 12 12 12 12 7 11 12 11 6 6 12 11 11 11 11 11 12 11 3 12 11 12 12 12 11 12 12 11 11 10 0 11 11 7 3
split_gain=26598.1 5945.46 4876.72 2307.07 1281.53 1109.1 723.467 541.099 380.532 350.947 309.803 197.283 188.799 182.563 120.736 108.54 104.552 102.975 101.33 95.2833 87.1215 80.9106 78.5049 74.2379 81.348 68.9707 67.4058 57.8298 54.9125 47.782 42.5641 38.3214 37.8842 36.9061 36.2228 35.0818 32.4654 31.6451 31.141 29.5552 28.9148 25.3403 25.2088 23.8094 23.6422 22.8418 22.6234 22.3627 22.2363 21.7427 21.0548 19.8263 19.5933 19.5388 17.3007 16.9507 16.4941 16.4563 16.2164 15.9166 15.7583 15.6621
threshold=1.5868500000000003 2.1359000000000008 4.1835500000000012 -0.5 -0.33426211444629356 2.7075500000000003 1.5255500000000002 2.8671500000000005 5.5779500000000004 -0.38242426011641079 2.9932500000000002 2.9972500000000006 0.80390000000000017 2.5746000000000007 5.0367500000000005 5.5088500000000016 1.0590000000000002 1.8366000000000002 2.1913000000000005 -0.77243990499604276 -0.10837475778693638 2.3708500000000003 0.98445000000000016 -0.22700609751797865 2.4157000000000006 0.74445000000000017 2.3982000000000006 3.5442000000000005 2.1798000000000006 4.9251500000000012 0.95315000000000005 -0.71502926860092908 2.4786000000000006 6.4791500000000015 2.9031500000000006 0.70290292807158605 -0.62588817255938378 2.2535000000000003 1.8366000000000002 2.2547000000000001 2.0127500000000005 2.6751500000000004 3.3351500000000005 2.2934500000000004 1.8750000000000002 225.50000000000003 5.767100000000001 2.9864500000000005 4.9452000000000007 3.6870000000000007 3.6870000000000007 2.8028500000000007 3.5735000000000006 0.45755000000000007 2.0639000000000007 1.27885 0.95100000000000018 -7.9999999999999991 3.3132000000000006 1.8894000000000002 0.097680735332368748 136.50000000000003
decision_type=2 2 2 2 2 2 2 2 2 2 2 2 2 2 2 2 2 2 2 2 2 2 2 2 2 2 2 2 2 2 2 2 2 2 2 2 2 2 2 2 2 2 2 2 2 2 2 2 2 2 2 2 2 2 2 2 2 2 2 2 2 2
left_child=1 6 4 9 10 12 16 13 20 15 18 22 26 37 38 45 -1 -8 44 40 48 52 53 39 33 58 -3 41 34 -22 -19 43 -14 -25 -15 46 -17 -6 -11 -10 -12 -23 -27 -20 -2 -4 -16 -30 54 -42 -21 -31 -9 -7 -5 -18 -35 -26 -13 -48 -29 -40
right_child=2 5 3 8 7 11 17 21 23 14 19 25 32 28 35 36 55 30 31 50 29 27 -24 24 57 42 -28 60 47 51 -32 -33 -34 56 -36 -37 -38 -39 61 -41 49 -43 -44 -45 -46 -47 59 -49 -50 -51 -52 -53 -54 -55 -56 -57 -58 -59 -60 -61 -62 -63
leaf_value=-0.28982223630136872 -0.12443812799647572 -0.13991005413604826 0.032962111909167188 0.019078200470563043 -0.051899677524780391 -0.089793130462360815 -0.1994629921984192 -0.0049428277530790023 0.10146192835035217 -0.018018805314240296 -0.043435503209734938 -0.052100896641830576 -0.096911642172910872 -0.017479038546489144 0.019858136922292866 0.084160120349608195 -0.2540441641688595 -0.16719697336553682 -0.069361263056313724 -0.0043954429923000506 0.080163057495524298 0.025052822186344016 -0.040772025555167388 0.12121201531744422 0.11582825340192263 -0.023020889186166904 -0.10962782366240423 0.045994008084620785 0.011874487653322933 0.10369174776707393 -0.12249225957460137 -0.028861242129630739 -0.068608195151602658 0.15082322601538656 0.0087134007257978329 0.05016103355298273 0.059090687209989057 -0.018424240867436006 0.026617376824233974 0.057840435380454774 -0.028667775685912514 0.045746805174236092 0.00053443880096252713 -0.042364294569949078 -0.076935128901348765 0.053499138700107397 0.040370255120878933 0.031566896438525942 0.075324294611197468 -0.007094652533711214 0.017879179891935409 0.077602551221499991 0.028266640731246045 -0.067586041494254762 0.059224588766333686 -0.22958876454311869 0.12856923073070453 0.090334197302166519 -0.023111404149842307 -0.0021396030708044573 0.064954940702181788 0.0055869198243325468
leaf_weight=643 123 1347 1206 121 554 661 1141 327 1322 490 637 895 959 843 1743 1259 481 1406 598 953 2747 882 982 2196 377 1361 1618 579 1269 1932 251 1029 933 842 1413 862 876 576 445 176 1020 1798 682 720 707 983 1209 1057 1019 862 765 343 389 989 951 690 551 771 246 95 1804 1734
leaf_count=643 123 1347 1206 121 554 661 1141 327 1322 490 637 895 959 843 1743 1259 481 1406 598 953 2747 882 982 2196 377 1361 1618 579 1269 1932 251 1029 933 842 1413 862 876 576 445 176 1020 1798 682 720 707 983 1209 1057 1019 862 765 343 389 989 951 690 551 771 246 95 1804 1734
internal_value=-9.76944e-11 -0.113358 0.0401502 0.0698314 0.0020773 -0.0723604 -0.208235 0.0229906 0.0977067 0.0357019 -0.0303364 -0.0429018 -0.107636 0.00116375 0.0211552 0.0578314 -0.257424 -0.176344 -0.0539432 -0.0126355 0.0818986 0.0445645 -0.0631588 0.115741 0.121877 -0.0261566 -0.123385 0.0490141 0.0100419 0.0890398 -0.160425 -0.0433228 -0.0829544 0.129288 -0.00107393 0.0323499 0.073874 -0.0348361 0.00475955 0.0963368 -0.0250199 0.0389363 -0.0151576 -0.0546133 -0.0839747 0.0421845 0.0273112 0.0208233 0.0647473 -0.0187868 0.00552312 0.0997583 0.0130997 -0.0764823 0.0546931 -0.239634 0.142021 0.0987064 -0.0458508 0.0372733 0.060348 0.0098818
internal_weight=58440 15285 43155 24250 18905 10673 4612 11491 13348 10902 7414 5816 4857 5712 6578 4324 1814 2798 3177 4237 7113 5779 2632 6235 4737 3184 2965 5063 4582 5022 1657 2347 1892 3589 2256 3909 2135 1130 2669 1498 2519 2680 2043 1318 830 2189 3047 2326 2091 1882 1718 2275 716 1650 1072 1171 1393 1148 1141 1304 2383 2179
internal_count=58440 15285 43155 24250 18905 10673 4612 11491 13348 10902 7414 5816 4857 5712 6578 4324 1814 2798 3177 4237 7113 5779 2632 6235 4737 3184 2965 5063 4582 5022 1657 2347 1892 3589 2256 3909 2135 1130 2669 1498 2519 2680 2043 1318 830 2189 3047 2326 2091 1882 1718 2275 716 1650 1072 1171 1393 1148 1141 1304 2383 2179
is_linear=0
shrinkage=0.1


Tree=4
num_leaves=63
num_cat=0
split_feature=12 11 12 5 7 11 11 12 12 5 12 5 12 11 11 12 11 11 12 12 11 11 12 5 11 11 12 11 11 12 12 12 11 11 11 11 11 12 5 12 11 5 11 5 11 11 12 12 12 11 11 12 11 10 11 11 11 12 12 11 11 7
split_gain=21568.9 4588.77 4219.29 1997.18 966.199 843.865 597.253 477.221 381.157 239.059 215.835 200.665 160.08 154.68 138.747 137.423 94.4481 89.2819 84.5078 72.0209 71.9025 63.5715 50.3137 49.495 45.39 45.3067 43.6368 41.3094 37.6118 37.0385 36.6712 34.3526 32.6116 31.5813 30.5496 28.842 28.3744 26.0676 25.2981 24.2506 24.0618 23.5455 23.3211 23.2703 22.1002 21.1091 20.8226 19.9671 19.4861 18.5134 17.1086 16.6966 15.6058 15.1928 15.0967 14.6911 13.9309 13.8126 13.8095 13.724 13.4882 14.9503
threshold=1.4874000000000003 2.2878000000000003 3.9707000000000003 -0.68301270189221952 -0.27694043983797384 1.6887500000000004 2.8859000000000008 5.3072500000000007 2.6346000000000003 -0.24999999999999994 2.7071000000000001 -0.24999999999999994 4.9880500000000003 2.7659000000000007 1.2195500000000001 0.63350000000000006 2.3538000000000001 2.1687500000000006 0.4118500000000001 0.63350000000000006 2.4387500000000002 2.6058000000000008 6.5694000000000008 -0.68301270189221952 2.5995500000000002 2.5811000000000006 3.2399000000000004 2.3485 3.2595500000000004 6.0443000000000007 4.6422000000000008 6.5250000000000012 2.0067500000000007 1.8975500000000001 1.9940500000000003 2.0324500000000003 0.7552000000000002 3.4875500000000001 0.25000000000000017 1.9746000000000001 2.2494000000000001 -0.68301270189221952 2.0754000000000006 -0.9330127018922193 2.0516500000000004 2.7279500000000003 3.2123000000000004 2.0495000000000005 4.5968500000000008 2.1476500000000005 1.8975500000000001 3.3699500000000007 3.2276500000000001 1.2830000000000001 1.4613500000000001 3.1506000000000003 1.8817000000000002 4.6206000000000005 4.5282000000000009 2.7875000000000001 2.3043500000000003 -0.73865259438682551
decision_type=2 2 2 2 2 2 2 2 2 2 2 2 2 2 2 2 2 2 2 2 2 2 2 2 2 2 2 2 2 2 2 2 2 2 2 2 2 2 2 2 2 2 2 2 2 2 2 2 2 2 2 2 2 2 2 2 2 2 2 2 2 2
left_child=1 5 4 12 10 14 15 11 13 31 16 34 33 27 36 25 35 37 32 55 46 22 38 51 -17 -3 45 -6 -21 43 40 60 -7 57 -5 -2 -1 -12 -11 52 -13 -18 -24 -14 -20 -22 -10 -29 -36 -32 -31 -19 -15 -40 -16 -8 -33 -4 -35 -51 61 -9
right_child=2 6 3 7 8 18 19 9 20 21 17 30 29 39 54 24 41 23 44 28 26 -23 42 -25 -26 -27 -28 47 -30 50 49 56 -34 58 48 -37 -38 -39 53 -41 -42 -43 -44 -45 -46 -47 -48 -49 -50 59 -52 -53 -54 -55 -56 -57 -58 -59 -60 -61 -62 -63
leaf_value=-0.28116312696222756 -0.10227065958680899 -0.11305506585017305 -0.028377618027417357 0.014633150862923336 -0.060580424650943258 -0.16933677961811819 -0.060889671212329056 0.054524926500214593 -0.012154660005241714 0.095750663808264261 -0.050812491515362768 0.034611569587292716 0.011724176515439284 -0.0076005067287140786 -0.21266109594249416 -0.081511898120912196 -0.048086653430975457 -0.027077227868197759 -0.13935160670867738 -0.031110552622922935 0.015255477665789816 0.081515593435010039 0.13265327989023676 0.0095190908370639989 -0.054819177182438929 -0.086306384024244329 0.048296816914749449 -0.03272230444605622 -0.0063402559929018809 0.049857793997498366 0.053457376588906702 0.097328266892450083 -0.14321123038809405 0.0015255440278295089 0.034164196694056563 -0.065516168826799975 -0.24098914025040963 -0.024624226680980049 0.11872813153276796 0.017336502086014016 0.067338100139163595 -0.022936426205128167 0.10413214220886224 0.03058191031421123 -0.11313280547393188 0.035817006415921095 0.019770468805223117 -0.0094817839323788015 0.05258212749556318 0.086103341880538156 0.014039322293312629 -0.0070862277064560643 0.013707974237418534 0.101229565520398 -0.19153337994094197 -0.037855753838660175 0.050029968151024409 -0.0024080210652031001 0.01641158933547943 0.066536404822395992 0.039207817712000437 0.072994849471796186
leaf_weight=228 274 1304 378 416 306 986 733 599 324 2016 710 246 874 958 618 1190 795 883 544 1780 740 954 1098 1122 1371 1231 2485 688 935 1141 232 564 927 1382 1068 967 768 818 1206 1774 2590 700 388 2604 786 1535 553 799 1243 2206 151 793 536 843 747 445 70 447 1135 428 175 1633
leaf_count=228 274 1304 378 416 306 986 733 599 324 2016 710 246 874 958 618 1190 795 883 544 1780 740 954 1098 1122 1371 1231 2485 688 935 1141 232 564 927 1382 1068 967 768 818 1206 1774 2590 700 388 2604 786 1535 553 799 1243 2206 151 793 536 843 747 445 70 447 1135 428 175 1633
internal_value=3.22122e-11 -0.105307 0.0350479 0.0606431 -0.00254803 -0.176327 -0.0610308 0.0792308 0.0164026 0.0945418 -0.0312558 0.0618909 0.0194554 -0.00351815 -0.221806 -0.0835603 -0.0532386 -0.0173527 -0.143217 -0.0315394 0.0342879 0.105362 0.10946 -0.00673629 -0.0672223 -0.100066 0.0391357 -0.0271202 -0.0225801 0.0312138 0.0725612 0.0713968 -0.156677 0.00267275 0.0395799 -0.0736312 -0.250186 -0.0367929 0.103704 0.00943119 0.0644993 -0.0363106 0.125206 0.0258431 -0.123857 0.0291289 0.00797601 -0.0202346 0.0440705 0.0805386 0.0456716 -0.0176185 4.4303e-05 0.111529 -0.201099 -0.0521884 0.0921061 -0.0143068 0.00823816 0.0829239 0.065942 0.0680381
internal_weight=58440 14593 43847 26087 17760 5604 8989 17975 10698 9546 7062 8429 8112 5061 2361 5096 2736 4326 3243 3893 5637 6505 5551 2798 2561 2535 4760 1793 2715 4770 5702 3041 1913 3342 2727 1241 996 1528 4065 3268 2836 1495 1486 3478 1330 2275 877 1487 2311 2866 1292 1676 1494 2049 1365 1178 634 825 2517 2634 2407 2232
internal_count=58440 14593 43847 26087 17760 5604 8989 17975 10698 9546 7062 8429 8112 5061 2361 5096 2736 4326 3243 3893 5637 6505 5551 2798 2561 2535 4760 1793 2715 4770 5702 3041 1913 3342 2727 1241 996 1528 4065 3268 2836 1495 1486 3478 1330 2275 877 1487 2311 2866 1292 1676 1494 2049 1365 1178 634 825 2517 2634 2407 2232
is_linear=0
shrinkage=0.1


Tree=5
num_leaves=63
num_cat=0
split_feature=12 11 12 7 7 11 11 12 6 12 12 12 12 11 12 11 12 11 11 7 11 11 11 11 12 5 11 7 6 11 12 12 7 5 7 12 11 10 10 12 12 11 7 11 10 11 11 12 11 12 11 11 11 3 11 11 11 12 11 12 12 12
split_gain=17508.4 4527.8 2614.85 1349.11 927.112 797.633 586.131 342.355 271.135 217.592 193.152 189.932 169.09 119.472 91.4547 87.6395 76.146 75.9673 65.0615 60.5589 59.5421 54.5587 51.6312 44.1136 42.4606 37.4813 36.4854 34.1084 33.195 30.8408 30.4608 30.1368 28.354 27.1233 25.4819 23.6376 23.5503 23.3345 20.5321 20.4191 18.6031 18.5742 18.2085 18.2009 18.0963 17.1177 17.0345 16.0598 15.9963 15.9847 15.5233 15.228 15.1986 14.9135 14.7711 14.4697 14.0706 13.9543 13.838 13.5741 13.4605 13.2211
threshold=1.9387500000000002 2.1745000000000005 4.5051500000000013 -0.39036009226888674 -0.46800559042974538 2.7279500000000003 1.5925000000000002 3.2123000000000004 -0.59869031648930193 1.0446000000000002 1.0446000000000002 3.3997000000000006 5.7927500000000007 2.6689000000000003 0.63350000000000006 1.0590000000000002 5.6492500000000012 3.0399500000000006 2.1095000000000002 0.04621408538533487 2.0862000000000003 2.4323000000000001 2.4157000000000006 2.9972500000000006 5.9099000000000013 0.25000000000000017 1.9194000000000002 -0.62587551141915865 -0.35041564478062465 2.2167500000000007 3.8315000000000006 2.6027 0.18281312110578132 -0.9330127018922193 -0.7614016681079937 2.4683000000000006 2.0190000000000006 0.89300000000000024 0.41100000000000009 3.9176500000000005 0.37260000000000004 1.6760500000000003 -0.9292178835113839 3.3570000000000007 0.53700000000000014 1.8366000000000002 1.3271000000000002 5.0367500000000005 3.1820500000000007 0.52715000000000012 2.4039500000000005 2.7951500000000005 2.6185000000000005 142.50000000000003 3.3815000000000004 2.2825000000000002 1.8447500000000001 2.8043 1.8030000000000002 0.33590000000000003 1.1449000000000003 4.9662000000000015
decision_type=2 2 2 2 2 2 2 2 2 2 2 2 2 2 2 2 2 2 2 2 2 2 2 2 2 2 2 2 2 2 2 2 2 2 2 2 2 2 2 2 2 2 2 2 2 2 2 2 2 2 2 2 2 2 2 2 2 2 2 2 2 2
left_child=1 6 4 8 11 9 15 13 24 21 17 18 25 29 26 -1 33 49 58 39 56 59 32 -12 45 -5 -8 -11 -22 -6 52 48 38 -10 57 -31 42 -27 -14 55 -23 -35 -18 -19 -34 -4 -17 -47 -15 -7 -29 -39 -21 -30 -25 -9 -13 -20 -2 -3 -16 -43
right_child=2 5 3 12 7 10 14 19 16 27 23 20 22 31 60 46 36 43 34 30 28 40 -24 54 -26 37 -28 50 53 35 -32 -33 44 41 -36 -37 -38 51 -40 -41 -42 61 -44 -45 -46 47 -48 -49 -50 -51 -52 -53 -54 -55 -56 -57 -58 -59 -60 -61 -62 -63
leaf_value=-0.23531657715051424 -0.10323504446408688 -0.11872135762350705 0.02254762747083728 0.065360229127752079 -0.046894086722805581 -0.068760943489151446 -0.15893790793549167 -0.0049674789834795383 0.003195462463406744 -0.072807325440476953 -0.025194608452069323 -0.038599786084666375 0.10522979473570551 0.0061406088614465596 -0.11996436705023557 -0.20320980866360508 0.029409370774724653 -0.035014972743753058 -0.045685253480552135 0.027382142752445271 0.01990269123609462 -0.09549846915675296 0.077796649839939072 -0.0070363760310144744 0.075049921612408324 0.09177324816486554 -0.13302096256544424 -0.063292985232671115 0.008580946749949454 -0.021497932915587409 0.058293212231168491 0.029166817139991905 0.12669377156287343 -0.0044733712226540474 -0.016926762447312792 0.0024547556660399214 0.0078458548536505801 0.079156958502589206 0.084866662819465782 0.039437465469422728 -0.075318602675280608 0.015342365557679533 0.046584558721810811 -0.01056270981578035 0.10593127866040478 0.041068670494326706 -0.18095352291301559 0.060932416361473174 0.025073646045944076 -0.050147274279853375 -0.039778571977776074 0.058078377755626125 0.046677497987960698 -0.010883669776667999 0.012158016348562358 0.024922064488315167 -0.014758026571622515 -0.026805879586458765 -0.058460844310621422 -0.10001727100461721 -0.094539837035394855 0.028424611889966964
leaf_weight=643 78 694 193 2674 207 839 1098 201 1132 673 1335 311 1151 1530 413 612 988 1284 847 571 971 747 887 1451 1144 1292 1075 375 641 642 2162 1806 674 264 1064 1150 247 1563 869 947 1176 1299 1645 399 1113 630 785 1150 630 1025 1117 439 1432 1020 554 834 1213 728 600 880 420 1906
leaf_count=643 78 694 193 2674 207 839 1098 201 1132 673 1335 311 1151 1530 413 612 988 1284 847 571 971 747 887 1451 1144 1292 1075 375 641 642 2162 1806 674 264 1064 1150 247 1563 869 947 1176 1299 1645 399 1113 630 785 1150 630 1025 1117 439 1432 1020 554 834 1213 728 600 880 420 1906
internal_value=-2.53647e-10 -0.0833956 0.0359247 0.0602095 0.00956302 -0.0512281 -0.163394 0.0266531 0.0349428 -0.0790333 -0.0283685 -0.018136 0.0853246 0.00958609 -0.135317 -0.204765 0.0246183 -0.0446194 -0.035981 0.0432148 -0.00389352 -0.0944581 0.0995244 -0.0111105 0.0597223 0.074156 -0.146117 -0.0541186 0.0052145 -0.0103481 0.0500618 0.0196336 0.104587 0.0166362 -0.0288822 -0.00612651 0.0373701 0.0812962 0.0964696 0.0288263 -0.0831576 0.0210222 0.0401398 -0.0292179 0.113762 0.0508349 -0.190704 0.053902 0.0116627 -0.0585254 -0.0456887 0.0745348 0.0411769 -0.00337204 -0.00173279 0.0191174 -0.0196234 -0.0369588 -0.0636119 -0.108264 -0.107145 0.0231223
internal_weight=58440 17595 40845 21260 19585 12549 5046 12112 10598 5662 6887 7473 10662 5965 3006 2040 7481 3547 3317 6147 4156 3497 4694 3340 3117 5968 2173 2165 2632 1999 4165 3966 3807 4601 2639 1792 2880 3294 2020 1982 1923 3469 2633 1683 1787 1973 1397 1780 2160 1864 1492 2002 2003 1661 2005 1035 1524 1575 678 1574 833 3205
internal_count=58440 17595 40845 21260 19585 12549 5046 12112 10598 5662 6887 7473 10662 5965 3006 2040 7481 3547 3317 6147 4156 3497 4694 3340 3117 5968 2173 2165 2632 1999 4165 3966 3807 4601 2639 1792 2880 3294 2020 1982 1923 3469 2633 1683 1787 1973 1397 1780 2160 1864 1492 2002 2003 1661 2005 1035 1524 1575 678 1574 833 3205
is_linear=0
shrinkage=0.1


Tree=6
num_leaves=63
num_cat=0
split_feature=12 12 11 7 7 11 11 12 12 12 12 11 7 11 7 6 11 12 10 11 11 11 11 6 11 11 5 11 12 11 12 3 11 12 12 11 11 12 12 0 12 12 7 11 10 11 11 12 2 3 12 7 12 11 12 11 11 12 0 11 12 11
split_gain=14209.6 2950.87 2845.5 1345.24 658.77 570.52 316.384 301.433 271.425 170.192 163.261 112.702 104.124 103.864 77.6975 74.1554 68.584 67.8727 57.8277 54.5672 52.9865 50.9921 48.0901 44.0856 38.0887 36.4599 32.6972 30.0553 29.602 28.2014 26.545 26.5397 25.4336 25.3935 24.8805 24.7436 23.4993 19.9096 19.7177 17.113 16.7347 15.9698 15.8049 15.7435 15.7145 15.6035 14.4439 14.4315 13.8113 13.6785 13.533 13.0403 12.9305 12.4593 12.4191 12.2965 12.1202 12.0162 11.7788 11.5257 11.1662 10.7273
threshold=1.3748500000000001 3.9438000000000009 2.0975000000000006 -0.61236746317008228 -0.27694043983797384 2.6883500000000002 1.4855000000000003 5.1908500000000002 2.5712500000000005 5.1699500000000009 2.4337000000000004 2.8261000000000007 -0.22700609751797865 2.9773000000000001 -0.22700609751797865 -0.38242426011641079 2.2494000000000001 0.50160000000000016 1.0490000000000002 2.2604500000000005 2.4843500000000005 0.93470000000000009 1.7845000000000002 -0.28519255817492867 2.3929000000000005 2.4039500000000005 -0.68301270189221952 3.4093000000000004 3.2123000000000004 2.3876500000000003 0.68485000000000007 237.50000000000003 2.5319000000000007 3.4599500000000005 6.8599500000000004 2.3648500000000006 2.2988500000000003 4.5471500000000011 0.68485000000000007 -6.9999999999999991 3.1201000000000003 0.4118500000000001 -0.6652727025667432 2.0754000000000006 0.23100000000000007 1.9194000000000002 1.9194000000000002 1.9387500000000002 7.5000000000000009 148.50000000000003 6.0721000000000007 0.21652257995689161 6.3236500000000015 2.895 5.9919500000000001 2.7803000000000004 1.9611500000000002 2.0495000000000005 -7.9999999999999991 2.0862000000000003 3.2399000000000004 1.27885
decision_type=2 2 2 2 2 2 2 2 2 2 2 2 2 2 2 2 2 2 2 2 2 2 2 2 2 2 2 2 2 2 2 2 2 2 2 2 2 2 2 2 2 2 2 2 2 2 2 2 2 2 2 2 2 2 2 2 2 2 2 2 2 2
left_child=2 4 6 9 10 17 21 14 11 23 19 25 24 30 43 50 33 35 34 56 40 -1 -8 46 31 -6 60 38 55 -19 -7 52 51 45 -14 -4 -16 -38 -15 49 -10 -24 -21 -5 -17 -12 -3 -13 -45 -25 -11 -20 -9 -39 -33 -22 -2 -27 -53 -46 -18 -23
right_child=1 3 5 7 8 13 22 12 20 15 16 47 18 27 36 44 26 29 32 42 28 61 41 39 -26 57 -28 -29 -30 -31 -32 54 -34 -35 -36 -37 37 53 -40 -41 -42 -43 -44 48 59 -47 -48 -49 -50 -51 -52 58 -54 -55 -56 -57 -58 -59 -60 -61 -62 -63
leaf_value=-0.21893597921269051 -0.096822005206612272 -0.0027316542728138826 -0.10860814683639958 0.014862781521608873 -0.048498249843023131 -0.062118456357789203 -0.15078000252659024 0.048558962065185396 -0.010866009281276309 0.0409842392768692 -0.067823263667744299 0.00096269752095590872 0.091521032260043739 -0.038884373826808052 0.040901644885790039 0.029949776341433615 -0.023496126379520664 -0.086073243601600513 0.071344653519880216 -0.048745035666515703 0.013620054445307637 -0.18801428389514041 -0.13021129155440042 0.0071722414412625744 0.027549713755369479 -0.023218421123575177 0.0065123303755192045 -0.00076980219570747452 0.039147649071663466 -0.06330127461805149 -0.040738930102683625 0.066802442425308625 0.061274809347147623 -0.018468676912586659 0.11470579850981244 -0.08719445811939075 0.05399109233111371 0.070576866406819747 -0.020295731333457766 0.0074747025139007732 0.015570680953734534 -0.10855983071960509 -0.028400472696862484 0.027842285407184156 0.018142882378427219 -0.035019131750176249 0.023486790593843336 0.014636095321382797 0.046563580086111472 -0.013183939325222089 0.05731600716553497 0.09903567579972565 0.070690300300528738 0.048753684310883776 0.085427757342170174 0.028740122734384917 -0.065351929361218808 -0.0066144941846303686 0.080431718900561222 -0.015298570294839307 -0.0058753351102185944 -0.16932389929201255
leaf_weight=447 157 245 1012 341 419 1164 1047 796 359 1415 169 1562 2624 950 704 1566 831 908 766 779 837 677 1018 463 271 959 1177 501 2395 1356 1159 717 820 1074 562 1156 2240 1839 1429 1509 719 512 749 691 1441 1021 1476 1526 917 1150 791 548 395 305 715 1505 555 799 898 111 634 562
leaf_count=447 157 245 1012 341 419 1164 1047 796 359 1415 169 1562 2624 950 704 1566 831 908 766 779 837 677 1018 463 271 959 1177 501 2395 1356 1159 717 820 1074 562 1156 2240 1839 1429 1509 719 512 749 691 1441 1021 1476 1526 917 1150 791 548 395 305 715 1505 555 799 898 111 634 562
internal_value=-1.27928e-10 0.027544 -0.0882763 0.0489643 -0.00338417 -0.0581785 -0.156302 0.0669039 0.0118839 0.0204694 -0.0270575 -0.00456482 0.0789103 -0.0357199 0.0513573 0.0328093 -0.0168441 -0.0845441 0.086203 -0.0494267 0.0267768 -0.189982 -0.134266 0.00690394 0.0632411 -0.02199 -0.00589903 -0.0230307 0.0313305 -0.0724342 -0.0514517 0.0669286 0.0763175 -0.0296166 0.0956107 -0.0971901 0.0578608 0.0605841 -0.0277187 -0.000179839 0.00676663 -0.122966 -0.0387725 0.0343797 0.0228823 -0.0396779 0.0197544 0.00771969 0.0385185 -0.00734084 0.0468403 0.0818939 0.0558989 0.0674724 0.0761021 0.0233364 -0.0722913 -0.015672 0.0874822 0.0157511 -0.0158705 -0.179536
internal_weight=58440 44542 13898 26316 18226 9635 4263 16149 11080 10167 7146 5265 9112 5203 7037 5324 4906 4432 6218 2240 5815 1686 2577 4843 2894 2177 2642 2880 4737 2264 2323 2623 3032 2264 3186 2168 5088 4384 2379 3122 1078 1530 1528 1949 3118 1190 1721 3088 1608 1613 2206 2212 1191 2144 1432 2342 712 1758 1446 1552 1465 1239
internal_count=58440 44542 13898 26316 18226 9635 4263 16149 11080 10167 7146 5265 9112 5203 7037 5324 4906 4432 6218 2240 5815 1686 2577 4843 2894 2177 2642 2880 4737 2264 2323 2623 3032 2264 3186 2168 5088 4384 2379 3122 1078 1530 1528 1949 3118 1190 1721 3088 1608 1613 2206 2212 1191 2144 1432 2342 712 1758 1446 1552 1465 1239
is_linear=0
shrinkage=0.1


Tree=7
num_leaves=63
num_cat=0
split_feature=12 11 12 7 7 11 11 12 3 12 12 11 12 11 7 12 12 12 11 11 12 12 11 11 10 11 7 11 11 11 11 7 11 11 6 11 12 11 7 3 12 12 5 11 10 12 11 0 12 12 11 7 12 11 12 11 3 12 11 11 6 12
split_gain=11525.1 2820.13 1879.75 935.789 607.652 509.907 379.951 248.912 193.491 133.458 124.089 105.039 102.372 80.7412 76.7348 75.776 67.7839 58.6693 37.4897 34.1041 34.0694 33.3189 29.8538 29.2807 28.9304 26.6399 26.5821 24.5793 23.3637 22.7844 21.9204 20.8223 18.5286 18.3385 18.0088 17.2107 16.985 16.8837 16.5196 15.5987 15.2541 15.1519 14.5453 14.4474 14.091 14.0791 14.0058 13.5044 12.8017 12.7255 12.4561 12.2329 11.5556 10.893 10.189 9.77067 10.8458 9.57495 9.57468 9.17873 9.12381 8.97902
threshold=1.8035000000000003 2.2878000000000003 4.383700000000001 -0.39036009226888674 -0.62587551141915865 1.7120500000000003 2.8503500000000002 2.9665000000000004 218.50000000000003 5.8182000000000009 1.0753500000000003 2.5931000000000002 3.1201000000000003 1.1473500000000001 -0.099822328936730861 0.92125000000000012 0.92125000000000012 5.5319000000000011 2.3982000000000006 2.5631000000000008 5.6492500000000012 3.6870000000000007 2.1147500000000004 1.9124500000000004 0.89300000000000024 2.0324500000000003 -0.36648370705903521 3.2276500000000001 2.9864500000000005 1.7535500000000004 3.3132000000000006 0.26659387353423869 2.6185000000000005 2.0862000000000003 -0.21861968191509915 1.8894000000000002 3.6015500000000005 2.2494000000000001 0.21652257995689161 282.50000000000006 4.903550000000001 0.37260000000000004 -0.9330127018922193 0.7552000000000002 0.41100000000000009 2.3283500000000004 2.4786000000000006 -7.9999999999999991 2.3653000000000008 0.37260000000000004 2.1253000000000006 -0.97874870457683594 0.43310000000000004 2.7505000000000002 6.4791500000000015 2.2825000000000002 237.50000000000003 5.0113000000000012 1.9803500000000003 2.3929000000000005 -0.15101209918632377 3.8041000000000005
decision_type=2 2 2 2 2 2 2 2 2 2 2 2 2 2 2 2 2 2 2 2 2 2 2 2 2 2 2 2 2 2 2 2 2 2 2 2 2 2 2 2 2 2 2 2 2 2 2 2 2 2 2 2 2 2 2 2 2 2 2 2 2 2
left_child=1 5 4 8 12 13 10 11 17 24 19 37 22 43 36 27 25 29 31 52 35 32 -2 -14 39 -7 -12 -8 45 -4 -17 44 -16 42 -25 -10 59 -6 -26 -5 58 -15 -19 -1 -11 -13 -23 -33 -39 -21 -38 -44 -3 -40 -53 56 -22 -37 -31 -9 -24 -36
right_child=2 6 3 9 7 16 15 14 20 18 26 28 23 41 21 30 -18 33 -20 49 55 46 60 34 38 -27 -28 -29 -30 40 -32 47 -34 -35 61 57 50 48 53 -41 -42 -43 51 -45 -46 -47 -48 -49 -50 -51 -52 54 -54 -55 -56 -57 -58 -59 -60 -61 -62 -63
leaf_value=-0.20762155563162088 -0.059093104693826164 -0.086581016909185793 -0.0051806967874659347 0.060767599847995568 -0.041928757202882576 -0.11844615768094634 -0.039792061107653535 -0.0094698302692863348 0.010050470396556488 0.086848097180824299 -0.054239369044591902 -0.0059030356124692065 -0.035065721730747366 -0.15205985325070931 0.015110134997979663 -0.014488720840017047 -0.074056877055373352 0.017550128327079757 0.062921755235070681 -0.070590724176891759 0.053312526962006668 0.029428530245413694 -0.021463076259211466 0.0028100494965858556 0.046652656512869047 -0.098516277530873025 -0.029760244919966386 -0.017040461946038383 0.01763287617309808 -0.0016492462951579528 0.0053654682352018293 0.10638994737193475 0.033268043005947955 0.003146930744060228 -0.019280366905459315 0.033044354826418577 -0.0034514502487423752 -0.026694980108967828 0.063145366805089961 0.077001573682976526 0.02040231366219411 -0.12581574782615398 0.016669803062274984 -0.17804373616169211 0.07089222156806485 0.0097779974341213691 0.047821024569635204 0.086840129964517065 -0.006688236765678552 -0.053303396819835751 0.024499964922208496 0.033977472746727994 -0.070507053623285007 0.04791743171601423 0.051678651714708979 0.029233809583397077 0.070930308357142577 0.048558634554652105 0.013305310051694145 0.011095374596889633 -0.036929136236213918 -0.0062262710935052333
leaf_weight=228 526 897 710 1350 295 1329 1686 352 198 1238 660 1022 448 1372 789 1995 732 633 893 651 903 523 565 1070 1735 1354 1353 661 1996 681 771 612 1953 256 1115 747 184 568 1882 1054 1985 262 328 599 1001 1302 1987 836 732 1231 1194 1650 892 626 405 110 570 851 1153 566 1174 999
leaf_count=228 526 897 710 1350 295 1329 1686 352 198 1238 660 1022 448 1372 789 1995 732 633 893 651 903 523 565 1070 1735 1354 1353 661 1996 681 771 612 1953 256 1115 747 184 568 1882 1054 1985 262 328 599 1001 1302 1987 836 732 1231 1194 1650 892 626 405 110 570 851 1153 566 1174 999
internal_value=-7.55902e-11 -0.0702875 0.0280581 0.0477775 0.00523509 -0.126037 -0.0399473 0.0169603 0.0272986 0.0681708 -0.0577393 0.0016003 -0.0215338 -0.160738 0.0289971 -0.0201685 -0.101029 0.0186404 0.0813055 -0.0686806 0.0472876 0.0356637 -0.0382183 -0.0111289 0.0591205 -0.108388 -0.0377862 -0.0333844 0.00969752 0.0112692 -0.00895453 0.0857581 0.0280432 0.0288433 -0.00776096 0.0378605 0.0137476 -0.0203307 0.0541547 0.0678852 0.0143274 -0.147852 0.0310244 -0.186198 0.0797146 0.00288212 0.0439886 0.0951029 -0.0154296 -0.0592832 0.0207677 0.0346036 -0.0785665 0.0593445 0.037466 0.0579831 0.06013 0.0413063 0.00775239 0.00320981 -0.0319042 -0.0131115
internal_weight=58440 16673 41767 22407 19360 5876 10797 13463 11180 11227 5684 5915 5897 2461 7548 5113 3415 7801 4580 3671 3379 5252 2265 3632 6647 2683 2013 2347 4320 4529 2766 3687 2742 3272 3184 1796 2296 1595 4243 2404 3819 1634 3016 827 2239 2324 2510 1448 1300 1882 1378 2383 1789 2508 2055 1583 1473 1598 1834 918 1739 2114
internal_count=58440 16673 41767 22407 19360 5876 10797 13463 11180 11227 5684 5915 5897 2461 7548 5113 3415 7801 4580 3671 3379 5252 2265 3632 6647 2683 2013 2347 4320 4529 2766 3687 2742 3272 3184 1796 2296 1595 4243 2404 3819 1634 3016 827 2239 2324 2510 1448 1300 1882 1378 2383 1789 2508 2055 1583 1473 1598 1834 918 1739 2114
is_linear=0
shrinkage=0.1


Tree=8
num_leaves=63
num_cat=0
split_feature=12 12 11 7 5 11 11 12 12 12 12 11 11 5 11 6 11 11 12 11 11 11 12 11 11 5 5 12 11 11 3 12 11 12 11 12 6 11 11 5 11 11 11 12 0 12 12 12 12 11 12 12 11 0 0 10 12 5 11 12 12 12
split_gain=9353.3 1940.13 1866.71 883.11 450.877 376.122 211.63 199.584 183.184 117.207 110.067 76.5507 74.3495 73.7474 58.3451 51.492 50.2911 44.0731 44.0215 37.1228 36.8426 35.0141 31.3692 28.8991 28.8538 27.766 24.4935 22.9138 22.8903 22.0489 20.7212 18.3385 18.0486 17.1111 16.6897 14.7999 14.5875 14.5644 14.4896 14.3854 14.0062 13.8816 12.8012 12.7311 12.6411 12.4559 12.25 12.1592 11.655 11.4776 11.051 10.8564 10.8364 10.6907 10.297 10.2856 9.77136 9.49755 8.47952 8.32429 8.26148 7.41866
threshold=1.3748500000000001 3.9707000000000003 2.0975000000000006 -0.61236746317008228 -0.24999999999999994 2.6751500000000004 1.4337500000000001 5.1255500000000014 2.7071000000000001 2.3283500000000004 5.1481000000000003 2.7659000000000007 2.9569000000000005 -0.24999999999999994 2.1687500000000006 -0.25205528343633254 2.2011500000000006 2.4323000000000001 0.47795000000000004 2.6442000000000001 1.7631500000000002 2.3375000000000008 6.5694000000000008 0.93470000000000009 1.8975500000000001 -0.68301270189221952 0.25000000000000017 0.55330000000000013 2.4663500000000007 2.4493000000000005 206.50000000000003 0.52715000000000012 2.4323000000000001 3.3997000000000006 1.9871000000000003 2.1452500000000003 0.70290292807158605 1.8750000000000002 2.3319500000000004 0.25000000000000017 3.4404000000000003 2.0696500000000007 2.7803000000000004 0.30085000000000006 -7.9999999999999991 6.0721000000000007 3.3699500000000007 6.3236500000000015 3.3378000000000001 3.3132000000000006 3.1554000000000006 4.7384500000000012 2.9773000000000001 -6.9999999999999991 -6.9999999999999991 1.3510000000000002 2.1452500000000003 -0.68301270189221952 2.0324500000000003 7.1618500000000012 4.5709000000000009 5.9919500000000001
decision_type=2 2 2 2 2 2 2 2 2 2 2 2 2 2 2 2 2 2 2 2 2 2 2 2 2 2 2 2 2 2 2 2 2 2 2 2 2 2 2 2 2 2 2 2 2 2 2 2 2 2 2 2 2 2 2 2 2 2 2 2 2 2
left_child=2 4 6 10 9 18 23 16 11 17 24 28 31 29 37 45 -5 41 38 22 -8 -10 39 -1 51 46 -18 -14 58 47 60 -7 -20 42 59 49 54 -11 -4 -15 -29 -2 -23 -22 -36 53 -16 -9 -39 -13 -27 -3 -28 -12 61 -41 -30 -19 -6 -24 -26 -17
right_child=1 3 5 7 8 12 20 13 21 14 15 35 27 19 25 36 26 57 32 -21 43 33 34 -25 30 50 52 40 56 -31 -32 -33 -34 -35 44 -37 -38 48 -40 55 -42 -43 -44 -45 -46 -47 -48 -49 -50 -51 -52 -53 -54 -55 -56 -57 -58 -59 -60 -61 -62 -63
leaf_value=-0.17772934087437539 -0.075085774826449014 -0.018977346235755446 -0.089728835906993501 0.020119165616664395 -0.074495349662459423 -0.054387987342123023 -0.12394204662256043 0.045596598962357543 -0.003145633136642732 -0.052493634705491565 0.023031670396810752 -0.002063217021891414 -0.034613418852157143 0.061838060867179523 -0.020022060268053306 0.0018333872332805445 0.037457934195211783 -0.037108223112370595 -0.068684763529808998 0.050937281373221469 -0.10839177966117859 0.013902846089736579 0.083814530789097993 -0.14755995775552563 -0.0011954028361648094 -0.0057995741209909933 0.053417297505564801 -0.017803208554673659 -0.017715410823490624 0.014943087308161691 0.020422846174487252 -0.035997322637455913 -0.050884057984776666 0.034132537328430003 0.090765019166617777 0.015145307982457716 0.033219536748462515 -0.034755776415685898 -0.072649334718868322 0.078297380194575369 0.0028923246683700225 -0.048478361958754108 0.028036158393744067 -0.0905287597185927 0.057983552361699935 0.045161093947851928 -0.004303611749376512 0.062433398980496629 -0.017184536456349517 0.014372915995937763 0.0099070245958639679 0.00065546267939402443 0.036817797158880748 0.038375686907442835 0.020942632752367248 0.065149495250513487 -0.00014138515380343042 -0.018154150817500322 -0.029929362594460447 0.10239889640002871 0.010847996608959031 0.018180126722898676
leaf_weight=447 258 527 861 981 46 876 1111 1402 413 218 869 1713 727 2327 1323 847 2533 462 1121 1028 877 1135 573 1096 1252 823 2520 1900 719 188 1217 1423 1158 2027 181 1377 432 671 1174 1428 395 817 1472 732 336 953 793 618 863 565 983 605 466 951 959 1020 565 618 594 416 1045 413
leaf_count=447 258 527 861 981 46 876 1111 1402 413 218 869 1713 727 2327 1323 847 2533 462 1121 1028 877 1135 573 1096 1252 823 2520 1900 719 188 1217 1423 1158 2027 181 1377 432 671 1174 1428 395 817 1472 732 336 953 793 618 863 565 983 605 466 951 959 1020 565 618 594 416 1045 413
internal_value=1.09693e-11 0.022347 -0.0716203 0.039901 -0.00246642 -0.0472425 -0.126718 0.0544898 0.0109501 -0.0206762 0.0166965 -0.00153802 -0.0294523 0.063715 -0.0131356 0.0263725 0.0409825 -0.04053 -0.0691855 0.0685534 -0.109936 0.0247546 0.0714365 -0.1563 0.00540026 -0.00635808 0.044691 -0.0191422 -0.017683 0.0476991 0.00987311 -0.0430048 -0.0596399 0.0272412 0.0840203 0.00696074 0.0164074 -0.0283076 -0.0798756 0.0674677 -0.0142412 -0.0548641 0.021883 -0.100265 0.0694602 0.0358991 -0.0141314 0.0507477 -0.0248705 0.00201335 0.00274948 -0.00848455 0.0508268 0.0310493 0.0131344 0.0728191 -0.00998229 -0.0262623 -0.0331325 0.0916316 0.00428364 0.00719149
internal_weight=58440 44542 13898 26087 18455 9635 4263 16017 10626 7829 10070 5579 5321 9517 5674 5424 6500 2155 4314 7309 2720 5047 6281 1543 4646 3922 5519 3022 1924 2208 3514 2299 2279 4634 1506 3655 2651 1752 2035 4775 2295 1075 2607 1609 517 2773 2116 2020 1534 2278 1806 1132 2986 1820 2219 2448 1284 1080 640 989 2297 1260
internal_count=58440 44542 13898 26087 18455 9635 4263 16017 10626 7829 10070 5579 5321 9517 5674 5424 6500 2155 4314 7309 2720 5047 6281 1543 4646 3922 5519 3022 1924 2208 3514 2299 2279 4634 1506 3655 2651 1752 2035 4775 2295 1075 2607 1609 517 2773 2116 2020 1534 2278 1806 1132 2986 1820 2219 2448 1284 1080 640 989 2297 1260
is_linear=0
shrinkage=0.1


Tree=9
num_leaves=63
num_cat=0
split_feature=12 11 12 7 7 11 11 12 6 12 12 12 11 10 12 11 11 12 12 12 11 11 7 11 11 5 11 7 0 12 11 11 11 12 11 12 11 11 7 6 7 11 11 11 11 12 11 12 7 11 12 11 12 11 11 12 0 11 0 5 11 12
split_gain=7586.91 1986.99 1127.16 530.719 451.952 332.938 289.301 188.67 115.004 107.215 87.7246 74.7277 72.7868 57.0134 52.7804 51.1652 49.3266 26.8951 26.5439 25.8084 24.971 23.4511 23.2622 22.1191 22.0891 21.2891 20.5744 18.4317 19.8294 17.4751 15.6277 15.4549 15.2071 14.8521 14.4801 14.028 13.7961 12.5866 12.2219 12.0996 11.7124 10.5866 10.4904 10.1567 10.0991 9.84445 9.83634 9.62333 9.07369 8.94106 8.87741 8.3589 8.20298 8.16565 8.04629 8.01086 8.92549 7.99321 7.62218 7.48628 7.44817 7.1871
threshold=1.9746000000000001 2.2604500000000005 4.7384500000000012 -0.3744658827978154 -0.6391983530350368 1.6887500000000004 2.8187000000000002 3.4875500000000001 -0.59869031648930193 0.98445000000000016 3.6303500000000004 1.0753500000000003 2.5439000000000003 0.86100000000000021 0.68485000000000007 1.2195500000000001 2.2988500000000003 2.7071000000000001 5.767100000000001 6.0443000000000007 3.1379000000000006 2.0639000000000007 -0.35846086284744721 2.5503500000000003 1.9676500000000001 -0.24999999999999994 1.6631000000000002 0.3484035575467645 -6.9999999999999991 2.8357000000000006 1.9331000000000003 3.2276500000000001 2.0127500000000005 6.1016500000000002 2.5261 2.8671500000000005 3.1506000000000003 0.7552000000000002 0.26659387353423869 -0.21861968191509915 0.21652257995689161 1.7535500000000004 2.0324500000000003 2.2710000000000004 2.4039500000000005 4.0263500000000016 2.0862000000000003 0.37260000000000004 -0.98521978256641018 1.7631500000000002 0.35650000000000004 2.5871000000000008 6.401650000000001 2.2825000000000002 2.1421000000000006 6.4791500000000015 -6.9999999999999991 2.6816500000000008 -6.9999999999999991 -0.68301270189221952 2.2167500000000007 0.30085000000000006
decision_type=2 2 2 2 2 2 2 2 2 2 2 2 2 2 2 2 2 2 2 2 2 2 2 2 2 2 2 2 2 2 2 2 2 2 2 2 2 2 2 2 2 2 2 2 2 2 2 2 2 2 2 2 2 2 2 2 2 2 2 2 2 2
left_child=1 5 4 8 10 15 9 12 33 23 21 20 29 19 30 37 46 36 26 42 47 49 -11 61 -12 -18 -10 34 52 54 -7 59 55 41 -15 -23 -14 -1 60 -26 -19 -4 -5 -31 48 -27 -9 -8 -28 -2 -17 -24 -29 -35 -6 56 -20 -30 -50 -13 -21 -3
right_child=2 6 3 13 7 14 11 16 18 22 24 31 17 27 -16 50 25 40 32 38 -22 35 51 -25 39 45 44 28 57 43 -32 -33 -34 53 -36 -37 -38 -39 -40 -41 -42 -43 -44 -45 -46 -47 -48 -49 58 -51 -52 -53 -54 -55 -56 -57 -58 -59 -60 -61 -62 -63
leaf_value=-0.16908646895174395 -0.077316175680607557 -0.074412234113892403 0.011426278450036128 0.038830268752522941 -0.044394216690001626 -0.10170209438778788 -0.046916550358565311 -0.002957943714074669 -0.0050736126680588495 -0.044045163002509463 -0.015319537686164529 -0.044996696932796849 0.0022854786758043657 0.048417536848952863 -0.064563696996437117 -0.12249490217114173 0.021308427265810729 0.010322549981962463 0.018919023179814896 0.072522849115683172 -0.015226297492782058 -0.028417912580292016 -0.032794532424644182 -0.050021281169414206 0.010231044156524 0.031817109794204573 0.0046677986457886343 0.061548074614942418 0.053510738183719743 -0.016692295744290295 -0.08474418912095677 0.0059964984904244687 0.00066704838289900726 0.054966184029493617 0.0275343790036859 -0.013533778646652117 0.017836670286009573 -0.14232958143111318 0.08605164877603351 -0.0032884315851612737 0.024284049822429793 0.03886130945613675 0.061996418729486795 0.0059789796810005326 -0.010469371502004436 0.041174307729781867 0.017498215513515811 -0.029665344941778235 0.0135468234967424 -0.037973862026545617 -0.10170110836921936 -0.018666496250958006 0.080593665772727863 0.019870929267360934 -0.015226983066694256 0.038770321628606962 0.033553532751511232 0.036703542269022199 0.023785314815484876 -0.0081682709703775336 0.049897394612366003 -0.061155572791564972
leaf_weight=228 64 656 152 215 106 866 417 306 552 954 972 57 2131 1954 1111 1128 1039 858 1005 1130 1243 1207 720 1662 1118 1969 527 1027 950 265 1459 1036 217 837 400 1332 779 768 694 1623 2005 1884 2152 777 142 2621 1014 1440 1384 593 251 1001 290 72 878 559 712 403 1532 1743 167 1086
leaf_count=228 64 656 152 215 106 866 417 306 552 954 972 57 2131 1954 1111 1128 1039 858 1005 1130 1243 1207 720 1662 1118 1969 527 1027 950 265 1459 1036 217 837 400 1332 779 768 694 1623 2005 1884 2152 777 142 2621 1014 1440 1384 593 251 1001 290 72 878 559 712 403 1532 1743 167 1086
internal_value=-9.07268e-11 -0.0543861 0.0238708 0.0416769 0.00828454 -0.102393 -0.0311677 0.0181721 0.0251144 -0.0465012 -0.0128215 -0.0154647 0.00749564 0.0585801 -0.082493 -0.131184 0.0301544 0.0132187 0.0178102 0.0669501 -0.0261963 -0.0249669 -0.0315201 -0.058274 -0.0023672 0.0342344 0.0128984 0.0513197 0.057007 -0.00881188 -0.0910606 -0.00373404 0.0259611 0.0415582 0.044869 -0.0206095 0.0064485 -0.148455 0.0753408 0.0022259 0.0201 0.0368131 0.0598922 0.000213252 0.0156656 0.0371603 0.0127561 -0.0335392 0.0167435 -0.0418063 -0.11871 -0.0245771 0.0657419 0.0521864 -0.018369 0.0283727 0.0249876 0.0485046 0.0189259 -0.0093345 0.0696096 -0.0661477
internal_weight=58440 17826 40614 18957 21657 5811 12015 14748 9575 6079 6909 5936 7799 9382 3436 2375 6949 5773 6630 4358 3100 3196 2675 3404 3713 5629 4137 5024 2670 2026 2325 2836 2493 2945 2354 2539 2910 996 1991 2741 2863 2036 2367 1042 3585 4590 1320 1857 3443 657 1379 1721 1317 909 984 2276 1717 1353 2916 1800 1297 1742
internal_count=58440 17826 40614 18957 21657 5811 12015 14748 9575 6079 6909 5936 7799 9382 3436 2375 6949 5773 6630 4358 3100 3196 2675 3404 3713 5629 4137 5024 2670 2026 2325 2836 2493 2945 2354 2539 2910 996 1991 2741 2863 2036 2367 1042 3585 4590 1320 1857 3443 657 1379 1721 1317 909 984 2276 1717 1353 2916 1800 1297 1742
is_linear=0
shrinkage=0.1


Tree=10
num_leaves=63
num_cat=0
split_feature=12 12 11 7 5 11 12 12 11 12 12 11 11 7 11 7 11 10 6 11 6 12 11 11 11 12 11 11 3 12 12 12 3 12 11 0 0 11 7 11 11 12 2 11 11 11 11 11 11 0 5 11 11 12 12 9 11 6 6 0 12 11
split_gain=6164.06 1385.86 1132.45 601.53 303.505 228.279 147.068 129.641 126.854 83.8441 79.3123 52.146 49.6459 47.4006 41.9256 38.3384 31.9457 29.954 29.7207 29.2353 27.3736 23.2547 21.6852 19.4354 17.4403 17.21 16.5055 14.6339 14.0978 13.8288 13.3479 12.8291 12.3742 12.132 12.0158 11.9793 11.1774 11.1021 10.8043 10.2497 9.84078 9.74223 9.55256 9.36369 9.04437 8.96894 8.5949 8.56139 8.47809 8.02916 7.82366 7.81655 8.5634 7.59962 7.38105 7.33364 7.30841 7.16762 6.473 6.45755 6.20114 6.16623
threshold=1.2404500000000003 3.8888500000000001 2.0811500000000005 -0.61236746317008228 -0.24999999999999994 2.6504500000000006 5.2610500000000009 2.3653000000000008 1.4039000000000001 2.3283500000000004 5.4186000000000005 2.6504500000000006 2.9569000000000005 -0.22700609751797865 2.3147000000000006 -0.22700609751797865 2.4323000000000001 1.6370000000000002 -0.21861968191509915 2.5439000000000003 -0.38242426011641079 0.33590000000000003 1.7845000000000002 2.3821000000000008 0.93470000000000009 3.0579500000000004 3.1098000000000003 1.9405000000000003 150.50000000000003 6.5694000000000008 0.43310000000000004 4.5282000000000009 237.50000000000003 3.3378000000000001 2.3876500000000003 -7.9999999999999991 -6.9999999999999991 2.2494000000000001 -0.86974577485258975 2.0190000000000006 2.5319000000000007 0.43310000000000004 7.5000000000000009 2.4786000000000006 2.2494000000000001 3.4404000000000003 2.0696500000000007 2.1589000000000005 2.0255000000000005 -7.9999999999999991 -0.68301270189221952 2.2391000000000001 2.7951500000000005 3.1201000000000003 2.9932500000000002 78.433000000000007 2.0579000000000005 0.70290292807158605 0.95998215779580554 -6.9999999999999991 0.22810000000000002 2.3375000000000008
decision_type=2 2 2 2 2 2 2 2 2 2 2 2 2 2 2 2 2 2 2 2 2 2 2 2 2 2 2 2 2 2 2 2 2 2 2 2 2 2 2 2 2 2 2 2 2 2 2 2 2 2 2 2 2 2 2 2 2 2 2 2 2 2
left_child=2 4 8 10 9 21 15 11 24 16 18 44 41 23 27 42 39 29 35 37 47 61 -10 32 -1 -21 -13 -11 -20 58 -14 43 55 -29 -23 -3 -30 -9 -16 -2 -19 -7 -5 -17 -6 -32 57 -12 -44 -31 -18 -33 -53 -39 -40 -8 -51 59 -15 -22 -24 -4
right_child=1 3 5 6 7 12 13 19 22 14 20 26 30 17 38 31 50 40 28 25 46 34 60 -25 -26 -27 -28 33 36 49 45 51 -34 -35 -36 -37 -38 53 54 -41 -42 -43 48 -45 -46 -47 -48 -49 -50 56 -52 52 -54 -55 -56 -57 -58 -59 -60 -61 -62 -63
leaf_value=-0.14435867196494853 -0.064539697282500086 0.0011259901540064457 -0.075462426579642028 0.015284084516358799 -0.045203566898045347 -0.046636561184642787 0.046756256304701774 -0.014911547051233929 -0.10068639063749792 -0.039407111364982227 0.034166584088182114 -0.0049664667361382191 -0.032869172935684525 0.061290076172727831 -0.014954747973785765 0.023325646050309009 -0.031792901269240122 0.052978080363737336 0.0086961954727392699 0.01436082679100986 0.010964786490195316 -0.06021294779692158 -0.090301442932961551 0.016124451681196552 -0.12064523904015259 0.02644184655731523 0.0084181842319469204 -0.02454867210347788 -0.011179037213283411 0.0830438071327365 -0.016672732258121537 0.029097787097493444 0.051032867171161768 -0.010289071685421057 -0.046286641148661524 0.017937297040234786 0.0024702489524971146 -0.0018028760854104633 -0.00621848504872836 -0.041135271980715586 0.038511933824112915 -0.032682236797040291 -0.0010880297486437485 0.03670370666642802 -0.020320237900692061 0.0010164920373932739 -0.011340497362532847 0.0016720657990149717 0.031248495720296865 0.07320743270913245 -0.015524968270675505 0.047332391772824986 0.032557188849113648 0.015181420129508927 0.0060008895314625933 0.030359055105410107 0.049206895412749085 0.031331967418695504 0.045392207340854744 0.022666301893636543 -0.076772721721708626 -0.062401820360250465
leaf_weight=447 231 545 704 1008 174 747 455 254 1257 350 1759 2236 450 2313 551 721 523 1648 1220 2275 1217 1166 591 264 1013 2448 1567 1209 1227 460 1886 373 1374 1178 1322 1907 1174 443 856 985 658 1515 88 1907 910 338 106 85 1031 386 680 2107 482 650 1170 681 189 334 288 770 794 743
leaf_count=447 231 545 704 1008 174 747 455 254 1257 350 1759 2236 450 2313 551 721 523 1648 1220 2275 1217 1166 591 264 1013 2448 1567 1209 1227 460 1886 373 1374 1178 1322 1907 1174 443 856 985 658 1515 88 1907 910 338 106 85 1031 386 680 2107 482 650 1170 681 189 334 288 770 794 743
internal_value=-8.42572e-11 0.017348 -0.0608004 0.031934 -0.00354919 -0.0407094 0.0438254 0.00715631 -0.104249 -0.018718 0.0130427 -0.00496635 -0.0263864 0.052727 -0.0116926 0.0337715 -0.0341511 0.0577657 0.00569946 0.0169163 0.0234842 -0.0586758 -0.0911766 0.0419339 -0.127905 0.0206226 0.000548587 -0.0203114 -5.7235e-05 0.06342 -0.0171624 0.0381193 0.0446485 -0.0175115 -0.0528132 0.0142007 -0.00450504 0.0039211 -0.00253863 -0.0455813 0.0488503 -0.0372905 0.022345 0.0330334 -0.0243144 -0.0139844 0.016506 0.0326687 0.0287055 0.0731964 -0.0225974 0.0426318 0.0445817 0.00829757 0.000838113 0.0369266 0.0653186 0.0177777 0.0595298 0.0154993 -0.0825456 -0.0687561
internal_weight=58440 45467 12973 26777 18690 8871 16433 10957 4102 7733 10344 4887 4936 8716 5314 7717 2419 5942 6073 6070 4271 3935 2642 2774 1460 4723 3803 2737 3621 3636 2674 5590 2510 2387 2488 2452 2401 1347 2577 1216 2306 2262 2127 2628 1084 2224 2427 1844 1119 1035 1203 2962 2589 1093 2026 1136 575 2321 2601 1987 1385 1447
internal_count=58440 45467 12973 26777 18690 8871 16433 10957 4102 7733 10344 4887 4936 8716 5314 7717 2419 5942 6073 6070 4271 3935 2642 2774 1460 4723 3803 2737 3621 3636 2674 5590 2510 2387 2488 2452 2401 1347 2577 1216 2306 2262 2127 2628 1084 2224 2427 1844 1119 1035 1203 2962 2589 1093 2026 1136 575 2321 2601 1987 1385 1447
is_linear=0
shrinkage=0.1


Tree=11
num_leaves=63
num_cat=0
split_feature=12 11 12 7 7 11 11 12 6 12 11 12 12 11 7 12 12 12 11 0 0 7 10 11 11 11 12 12 11 11 11 7 11 5 11 12 11 12 11 12 7 0 11 11 12 11 7 0 11 11 11 12 11 11 8 11 3 7 11 7 5 5
split_gain=5005.24 1215.1 830.098 385.374 291.623 235.277 160.2 120.461 86.2075 59.0135 54.9033 53.4746 52.6413 40.1352 39.028 32.5342 28.4049 24.4403 21.8453 19.0489 18.0801 17.4401 15.995 15.3486 14.2415 12.8501 12.7071 12.492 11.1278 10.982 10.9581 10.3751 10.1764 9.96127 9.90912 9.58903 9.49582 9.05181 8.44492 8.44267 8.42011 9.08361 8.3804 8.28134 7.99094 7.76119 7.67755 7.83657 7.46925 7.35925 7.3527 7.2366 7.05338 6.83851 6.59559 6.45369 6.34671 6.29322 6.19225 6.16095 6.15368 6.13626
threshold=1.8035000000000003 2.3147000000000006 4.5282000000000009 -0.3744658827978154 -0.6391983530350368 1.7324500000000003 2.9199500000000005 3.1201000000000003 -0.62588817255938378 0.89410000000000012 2.7075500000000003 5.9099000000000013 3.1838500000000005 1.27885 -0.13398942717002907 0.4118500000000001 1.0118500000000001 6.1290000000000004 2.3043500000000003 -6.9999999999999991 -7.9999999999999991 -0.70289845916694649 1.1430000000000005 2.1421000000000006 2.5871000000000008 2.4039500000000005 3.7501000000000002 5.6492500000000012 2.0975000000000006 1.9263500000000002 3.2595500000000004 0.16587474750015932 1.8207500000000001 -0.9330127018922193 0.7552000000000002 1.1079500000000002 2.0811500000000005 2.4337000000000004 2.7587000000000006 2.4683000000000006 0.3484035575467645 -7.9999999999999991 2.1253000000000006 1.6760500000000003 3.7501000000000002 2.3648500000000006 0.16587474750015932 -6.9999999999999991 3.5954500000000005 2.0324500000000003 2.6185000000000005 0.31655000000000005 2.0516500000000004 2.3257000000000008 27.407000000000007 2.2011500000000006 257.50000000000006 -0.97507822412530132 3.4093000000000004 -0.98521978256641018 -0.9330127018922193 -0.9330127018922193
decision_type=2 2 2 2 2 2 2 2 2 2 2 2 2 2 2 2 2 2 2 2 2 2 2 2 2 2 2 2 2 2 2 2 2 2 2 2 2 2 2 2 2 2 2 2 2 2 2 2 2 2 2 2 2 2 2 2 2 2 2 2 2 2
left_child=1 5 4 8 12 13 9 10 27 24 25 22 23 34 42 52 30 19 31 33 -14 -11 28 -2 -3 49 38 29 -5 -4 -8 56 -19 -10 -1 -17 -22 58 -16 -27 50 -42 -9 -33 -44 -28 -20 -48 -18 -6 -24 -15 -7 59 -23 -29 -13 -35 -12 -21 -25 -38
right_child=2 6 3 11 7 15 16 14 17 21 37 18 20 51 26 35 48 32 46 53 36 54 40 60 -26 39 45 55 -30 -31 -32 43 -34 57 -36 -37 61 -39 -40 -41 41 -43 44 -45 -46 -47 47 -49 -50 -51 -52 -53 -54 -55 -56 -57 -58 -59 -60 -61 -62 -63
leaf_value=-0.13774195242869228 -0.038532958465117603 -0.052160439137561923 0.005371063732917407 0.028343201206232488 -0.049536545767488199 -0.07999678325676729 -0.023439840571718381 -0.0063944621656249106 -0.0046069161706797073 -0.043256985826050122 0.0029800573673069448 0.04745157780497699 -0.01912638729702399 -0.097819729038097894 0.014091643105393854 -0.061020423808677053 -0.0043525017658105148 0.029225578406518737 0.025904878415987882 0.0077858120969982866 -0.010438584092922528 -0.017297576291708146 0.03376759711922709 -0.028953157322711649 -0.039089256381683167 -0.011148279807678643 0.016091324689338847 0.042151316444936471 0.048684352280581648 0.030504725780035026 -0.0082388459580758026 0.088912233471203209 0.0050202850367806577 -0.0033822743978350112 -0.11439236359936851 -0.045501840771782674 -0.0084140598423205967 0.014555547777441395 0.025930904033375377 0.0024247316074253859 0.050420997369232251 0.035750625076814854 0.0045547829186890114 0.062854758440004682 0.017431553414170086 0.031742440811332547 0.058573298604729089 0.037902857156054535 0.020478220492630275 -0.015922469366123921 0.015225168969201664 -0.08104377620651744 -0.067687600161987924 -0.00086842976047091518 -0.027978271903318711 0.019221297828868653 0.059916258385034254 0.01067403177609315 0.019046806767865528 0.020024424868812424 -0.016186399030297349 0.0043599789813508578
leaf_weight=228 651 1548 201 304 71 1008 1600 281 740 461 1790 820 894 1085 1199 1062 1989 1169 227 499 1100 1318 1515 568 1806 857 361 1352 2332 1287 674 134 204 374 896 637 503 2012 1211 985 642 1232 827 1358 1155 2590 325 421 129 788 249 337 865 209 1030 135 814 2147 277 2341 1126 1490
leaf_count=228 651 1548 201 304 71 1008 1600 281 740 461 1790 820 894 1085 1199 1062 1989 1169 227 499 1100 1318 1515 568 1806 857 361 1352 2332 1287 674 134 204 374 896 637 503 2012 1211 985 642 1232 827 1358 1155 2590 325 421 129 788 249 337 865 209 1030 135 814 2147 277 2341 1126 1490
internal_value=-1.20657e-11 -0.0463198 0.0184905 0.0324889 0.00429284 -0.0817786 -0.0257668 0.0121556 0.0191345 -0.0361669 0.00245816 0.0462103 -0.0135934 -0.105007 0.0207796 -0.0652225 -0.0111731 0.013538 0.0550932 0.0109071 -0.00660079 -0.0254743 0.0404068 -0.0254824 -0.0451221 -0.00860041 0.0254281 0.0335874 0.0463385 0.0271097 -0.0189344 0.0591661 0.0256292 0.00559431 -0.119129 -0.0552021 -0.00298039 0.00978084 0.0200407 -0.00389018 0.0361089 0.0407764 0.0097673 0.065195 0.0120587 0.0298278 0.042008 0.0469081 -0.00284015 -0.0187008 0.0311502 -0.093844 -0.0743121 0.0165893 -0.0219829 0.0400696 0.053661 0.00858872 0.00513317 0.017874 -0.0204671 0.00113602
internal_weight=58440 16673 41767 21031 20736 6118 10555 14404 10658 6163 6780 10373 6332 2546 7624 3572 4392 7683 4099 6310 3987 2809 6274 2345 3354 2701 5361 2975 2636 1488 2274 3126 1373 3261 1124 1699 3093 4079 2410 1842 3638 1874 2263 1492 1982 2951 973 746 2118 859 1764 1422 1873 3049 2348 1487 1634 2521 2067 2840 1694 1993
internal_count=58440 16673 41767 21031 20736 6118 10555 14404 10658 6163 6780 10373 6332 2546 7624 3572 4392 7683 4099 6310 3987 2809 6274 2345 3354 2701 5361 2975 2636 1488 2274 3126 1373 3261 1124 1699 3093 4079 2410 1842 3638 1874 2263 1492 1982 2951 973 746 2118 859 1764 1422 1873 3049 2348 1487 1634 2521 2067 2840 1694 1993
is_linear=0
shrinkage=0.1


Tree=12
num_leaves=63
num_cat=0
split_feature=12 12 11 7 5 11 11 12 12 12 3 11 11 7 11 11 11 7 12 11 11 11 11 12 3 11 11 11 12 12 11 5 0 12 6 12 11 12 12 6 11 12 0 11 0 12 11 10 11 12 12 11 0 12 0 10 11 10 0 7 12 11
split_gain=4064.78 851.397 804.812 366.806 226.03 156.765 100.792 96.9727 77.1395 64.9307 43.9257 38.7817 30.2021 30.186 28.8275 25.5721 25.2996 22.0309 18.2237 17.8018 17.1057 16.6131 14.9995 14.6121 14.0301 13.4047 11.9744 11.6086 12.5906 11.103 10.8402 10.4412 10.4356 9.8895 9.79426 9.5402 9.36916 9.35517 8.59658 8.57261 8.01127 7.9243 7.61333 7.46834 7.4614 7.60521 7.36122 6.84405 6.80136 6.76667 6.73751 6.63025 6.32414 6.23526 7.54585 6.18062 5.97899 5.87487 5.86088 5.82085 5.80246 5.67763
threshold=1.3748500000000001 4.1835500000000012 2.1203000000000007 -0.62587551141915865 -0.24999999999999994 2.7659000000000007 1.5066000000000002 2.8043 5.7169000000000008 2.8043 196.50000000000003 2.7659000000000007 2.2064500000000007 -0.22700609751797865 2.4387500000000002 3.0983000000000005 2.4440500000000003 -0.30982845708428081 5.1481000000000003 2.4157000000000006 2.5439000000000003 1.0590000000000002 2.1253000000000006 0.22810000000000002 142.50000000000003 2.9670000000000001 2.2494000000000001 2.1421000000000006 4.9251500000000012 0.5797000000000001 1.9263500000000002 -0.68301270189221952 -6.9999999999999991 0.37260000000000004 0.95242846126021108 3.4875500000000001 1.8894000000000002 0.33590000000000003 2.0802 0.81428061195174062 2.2928500000000005 2.1798000000000006 -7.9999999999999991 3.4679000000000006 -7.9999999999999991 6.9422500000000005 1.7845000000000002 0.86100000000000021 2.4267500000000006 2.0495000000000005 2.1798000000000006 2.2655000000000007 -6.9999999999999991 6.3620500000000009 -6.9999999999999991 0.66100000000000014 1.8603500000000002 1.8650000000000004 -6.9999999999999991 0.11478523713130605 4.8354000000000008 3.3132000000000006
decision_type=2 2 2 2 2 2 2 2 2 2 2 2 2 2 2 2 2 2 2 2 2 2 2 2 2 2 2 2 2 2 2 2 2 2 2 2 2 2 2 2 2 2 2 2 2 2 2 2 2 2 2 2 2 2 2 2 2 2 2 2 2 2
left_child=2 4 6 10 9 16 21 11 13 14 24 26 42 36 30 33 37 22 46 34 51 -1 -10 -8 -3 27 -6 -15 48 -18 -2 -14 55 -7 44 -22 -5 -4 61 60 53 -28 -11 -17 45 -19 -12 -30 -29 -16 -32 -9 -37 54 -20 -26 -25 -46 59 -21 -38 -13
right_child=1 3 5 8 7 15 23 20 17 12 18 38 31 25 49 43 29 19 40 58 35 -23 -24 56 32 -27 41 28 47 -31 50 -33 -34 -35 -36 52 39 -39 -40 -41 -42 -43 -44 -45 57 -47 -48 -49 -50 -51 -52 -53 -54 -55 -56 -57 -58 -59 -60 -61 -62 -63
leaf_value=-0.11396546726278718 -0.05544825941539569 0.015782968716193287 -0.059002876056943626 0.0037856746727309657 -0.033519043549368015 -0.036796550234219232 -0.078386349918134368 -0.0041105811892163972 0.039870807353999983 -0.024244497247662752 -0.021443724918561724 -0.0015406983762593519 -0.0049431827992443278 0.021172566986404368 -0.020664259843903809 -0.011786927030185478 -0.043162976688756717 0.056407043184326204 0.016303173413582044 0.020647801578869238 0.017142180350899702 -0.093748807982621696 0.014113638945600276 -0.071159554863454516 0.0026976917579304427 0.020498061207692493 -0.014307845373692854 0.024582913958846625 0.048981806247080754 -0.030094627396874102 -0.035836442451594362 0.0067605208602039921 0.0080552518037396974 -0.021082522740664272 0.042425177787019958 0.03258028919363664 0.02110857767143336 -0.045880375994305694 0.010951454054623434 0.01640252605974787 -0.011063634789024945 -0.001217850548495083 -0.010871738912796289 0.0045529844200029312 0.054371400129599234 0.075338541175854423 0.011769463112229121 0.038438907457015503 0.036037801596787114 -0.0077562984558187335 -0.023123775717200534 0.012536756351411285 0.0211167666618884 0.034280420588448837 0.028123442883653545 -0.0082046064534710261 -0.058111888189503504 0.041071902882328939 0.030241481955459511 0.05162910946656623 0.033630879114287235 0.01041023974391745
leaf_weight=643 173 1008 875 250 212 496 1209 303 1293 570 70 1547 1498 459 724 1670 1270 756 1061 74 2156 1105 274 598 1143 585 1032 718 1044 1332 793 1552 1841 2080 787 959 615 1433 1811 909 64 838 1682 336 1355 295 1429 1501 1864 925 879 1137 966 546 1100 954 851 440 550 336 929 535
leaf_count=643 173 1008 875 250 212 496 1209 303 1293 570 70 1547 1498 459 724 1670 1270 756 1061 74 2156 1105 274 598 1143 585 1032 718 1044 1332 793 1552 1841 2080 787 959 615 1433 1811 909 64 838 1682 336 1355 295 1429 1501 1864 925 879 1137 966 546 1100 954 851 440 550 336 929 535
internal_value=-3.21226e-11 0.0147318 -0.0472141 0.0273788 -0.000382067 -0.030819 -0.0825347 0.00884981 0.0370081 -0.0124477 0.0116705 2.12232e-05 -0.00547306 0.0310401 -0.0230315 -0.0175157 -0.0432336 0.0456056 0.0191007 0.0490987 0.0184044 -0.101185 0.035367 -0.0702693 0.00525581 0.0349001 -0.0109953 0.0364083 0.0377723 -0.0364731 -0.0316188 0.00101228 0.00256119 -0.0241082 0.052299 0.0217108 0.0222276 -0.0508553 0.00591295 0.0241071 0.0239056 -0.00844185 -0.0142565 -0.00905003 0.0550293 0.0617208 0.0102185 0.0427638 0.0328524 -0.0134236 -0.0291532 0.00903388 0.0268277 0.0247324 0.02232 -0.00226215 -0.0634966 0.0511114 0.0369876 0.0460374 0.028643 0.00153027
internal_weight=58440 44542 13898 24250 20292 9492 4406 11496 15034 8796 9216 5975 5302 8874 3494 4582 4910 6160 4270 4593 5521 1748 1567 2658 4946 6171 2082 5586 5127 2602 1845 3050 3938 2576 3633 4081 2703 2308 3893 2453 2771 1870 2252 2006 2846 1051 1499 2545 2582 1649 1672 1440 1925 2707 2161 2097 1449 1795 960 410 1544 2082
internal_count=58440 44542 13898 24250 20292 9492 4406 11496 15034 8796 9216 5975 5302 8874 3494 4582 4910 6160 4270 4593 5521 1748 1567 2658 4946 6171 2082 5586 5127 2602 1845 3050 3938 2576 3633 4081 2703 2308 3893 2453 2771 1870 2252 2006 2846 1051 1499 2545 2582 1649 1672 1440 1925 2707 2161 2097 1449 1795 960 410 1544 2082
is_linear=0
shrinkage=0.1


Tree=13
num_leaves=63
num_cat=0
split_feature=12 12 11 5 7 11 12 12 11 11 11 12 5 12 11 11 11 5 12 11 11 11 12 0 11 7 0 12 11 11 12 0 11 12 11 12 10 12 11 11 11 0 11 1 12 12 11 11 7 10 12 7 7 0 11 12 8 11 11 2 11 12
split_gain=3298.97 758.441 589.226 326.271 174.851 119.163 91.0417 78.0516 67.8745 45.5994 40.2708 37.0796 33.7928 30.6475 27.2183 25.5283 17.611 16.9853 13.3241 13.1376 13.0642 12.9817 12.444 11.8532 11.6687 11.2281 9.86037 9.8406 11.9032 9.49568 9.33657 10.029 8.95372 8.73571 9.58882 8.40253 8.2223 7.96258 7.38065 7.37837 7.35896 6.97382 6.962 6.48431 6.34419 5.99791 5.88279 5.76407 5.3404 6.32493 5.14002 5.11039 5.02022 5.52063 4.9848 4.97076 4.8888 4.86296 4.82033 4.59033 4.56035 4.29282
threshold=1.2102000000000002 3.8888500000000001 2.0811500000000005 -0.68301270189221952 -0.6391983530350368 2.6504500000000006 5.4407000000000005 2.5359500000000001 1.3693000000000002 2.6504500000000006 2.1421000000000006 2.5034500000000004 -0.24999999999999994 4.9452000000000007 2.5139 2.9670000000000001 2.5319000000000007 0.25000000000000017 0.25070000000000009 1.8366000000000002 3.1506000000000003 2.1642000000000006 4.8354000000000008 -7.9999999999999991 1.7735000000000003 0.33222858587828868 -7.9999999999999991 6.8599500000000004 1.9871000000000003 2.1147500000000004 6.2917000000000014 -6.9999999999999991 0.7552000000000002 4.7138500000000008 2.6118000000000001 6.729000000000001 2.1110000000000002 0.45755000000000007 2.0579000000000005 1.8531500000000001 2.4097000000000004 -6.9999999999999991 2.1203000000000007 112.00000000000001 0.25070000000000009 1.8035000000000003 2.1359000000000008 1.8750000000000002 -0.10837475778693638 0.49500000000000011 0.22810000000000002 -0.9292178835113839 0.2499757677084001 -6.9999999999999991 2.3091500000000003 3.3997000000000006 27.451000000000004 3.2595500000000004 3.5954500000000005 7.5000000000000009 1.8750000000000002 2.0495000000000005
decision_type=2 2 2 2 2 2 2 2 2 2 2 2 2 2 2 2 2 2 2 2 2 2 2 2 2 2 2 2 2 2 2 2 2 2 2 2 2 2 2 2 2 2 2 2 2 2 2 2 2 2 2 2 2 2 2 2 2 2 2 2 2 2
left_child=2 4 8 13 11 18 10 9 32 42 22 29 35 24 38 44 27 33 -4 50 45 30 -5 60 -3 59 -19 48 -29 -2 31 43 -1 -12 -35 54 -28 -17 -9 -24 -20 -27 -6 -15 -7 -11 -25 -37 -14 -50 -10 -26 -18 -54 -8 -40 -44 -39 -22 -16 -13 -31
right_child=1 3 5 6 7 15 12 14 19 20 17 23 16 21 25 37 52 26 40 -21 58 -23 39 46 51 41 36 28 -30 61 -32 -33 -34 34 -36 47 -38 57 55 -41 -42 -43 56 -45 -46 -47 -48 -49 49 -51 -52 -53 53 -55 -56 -57 -58 -59 -60 -61 -62 -63
leaf_value=-0.11257121011353376 -0.044055689324813838 -0.019898830164861481 -0.053084829705561699 -0.0010196208894173813 -0.038735862975041509 -0.04044853564609522 0.027954743965484953 -0.026629935996606947 -0.078241056576371204 -0.0078013196069292709 0.018502628947545393 -0.046508002952190049 0.03721102479194921 0.011809517275433716 0.0038661000132944609 -0.024371746595716105 0.020104983429309525 0.03899990088132594 -0.0446113338768932 -0.059207277271915576 0.0055684359090769214 -0.0073606775550607122 -0.0047578614937357497 -0.016299300084778156 -0.0030858725708666972 0.022340337635344269 0.033908153492929534 0.061322891706846495 0.03593161765586439 -0.031268258932148657 0.023735987720947427 0.017053187713610498 -0.090858182567929435 0.030679376243262509 0.0082125475723913346 0.046700017627917784 0.023019344014141963 -0.013841238860582823 -0.0027817666476398417 0.020069018642277309 -0.034435603097036603 0.012849277365449231 -0.012058913323134067 0.00073854365294547723 -0.025219044740981252 0.00075727499234066369 -0.0060264548409334406 0.011095198451836881 0.050910382720228589 0.041244852028334569 -0.066586905098464114 0.0050398584097901449 0.045434424704810801 0.027556628194608492 0.0087458852701173678 0.0075301935409117426 -0.022935459541438347 -0.0037838668734266872 0.021617009452213405 0.01363652955634681 -0.021405144763830888 -0.019705410941131849
leaf_weight=228 409 279 1019 631 143 318 2185 96 880 1523 2311 83 1178 1177 1069 476 316 1268 1491 1178 1492 323 138 836 1389 1673 1360 669 255 803 732 1743 1137 1525 217 362 1415 1261 1054 903 1358 1441 1194 961 1956 1771 1673 52 1154 1638 664 1748 304 400 144 840 632 777 214 874 565 535
leaf_count=228 409 279 1019 631 143 318 2185 96 880 1523 2311 83 1178 1177 1069 476 316 1268 1491 1178 1492 323 138 836 1389 1673 1360 669 255 803 732 1743 1137 1525 217 362 1415 1261 1054 903 1358 1441 1194 961 1956 1771 1673 52 1154 1638 664 1748 304 400 144 840 632 777 214 874 565 535
internal_value=-4.10825e-11 0.0125466 -0.0449927 0.0233758 -0.00277969 -0.030217 0.0308077 0.0029067 -0.0762868 -0.00459735 0.0241902 -0.0190318 0.0382745 0.00698062 0.0103277 -0.0196712 0.0425295 0.0271081 -0.0432711 -0.0671609 0.000478774 0.01202 0.0100612 -0.0125634 -0.000301047 0.0142263 0.0316941 0.0450208 0.0543156 -0.030721 0.013377 0.0114232 -0.094485 0.0225334 0.0278807 0.0291006 0.0283558 -0.0127267 0.000420556 0.0167778 -0.039761 0.0179484 -0.0174874 0.00683328 -0.0273488 -0.00319984 -0.00944937 0.0422279 0.0428575 0.0452398 -0.0732292 0.00144195 0.0305764 0.0352766 0.0267671 0.00179165 -0.0158234 -0.0100068 0.00758156 0.00826103 -0.0246205 -0.0266448
internal_weight=58440 45697 12743 26777 18920 8656 18425 14016 4087 6969 9768 4904 8657 8352 7047 4788 5914 8096 3868 2722 5000 4936 1672 3157 3416 5057 4043 4894 924 1747 4613 3881 1365 4053 1742 2743 2775 2514 1990 1041 2849 3114 1969 2138 2274 3294 2509 414 3970 2792 1544 3137 1020 704 2329 1894 1826 2038 1706 1943 648 1338
internal_count=58440 45697 12743 26777 18920 8656 18425 14016 4087 6969 9768 4904 8657 8352 7047 4788 5914 8096 3868 2722 5000 4936 1672 3157 3416 5057 4043 4894 924 1747 4613 3881 1365 4053 1742 2743 2775 2514 1990 1041 2849 3114 1969 2138 2274 3294 2509 414 3970 2792 1544 3137 1020 704 2329 1894 1826 2038 1706 1943 648 1338
is_linear=0
shrinkage=0.1


Tree=14
num_leaves=63
num_cat=0
split_feature=12 11 12 7 5 11 11 12 12 12 11 12 7 11 10 10 12 11 11 7 7 10 11 11 12 12 11 11 11 7 3 11 0 7 11 0 11 11 11 12 7 3 12 7 11 11 0 11 11 0 11 0 12 0 12 12 11 11 12 0 11 0
split_gain=2676.37 720.36 396.671 179.976 173.422 118.826 109.819 54.5943 48.8005 46.7694 26.3396 25.7457 25.2149 24.9534 21.9993 21.4208 21.0073 19.1833 14.0854 12.9946 12.7301 12.407 11.8324 11.3012 10.5677 9.24945 9.10323 8.30327 7.89173 7.84608 7.54654 7.49613 7.26159 8.05666 7.0259 6.96894 6.93647 6.30188 6.1438 5.91664 5.84043 5.78242 5.5581 5.48127 5.43261 5.23594 4.97401 4.96294 4.81978 4.77965 4.56851 4.40523 4.36687 4.29453 4.24118 4.00344 3.87947 4.19524 3.83548 3.82745 3.82732 3.66108
threshold=2.0495000000000005 2.2271000000000005 4.8354000000000008 -0.61236746317008228 -0.24999999999999994 2.8767500000000004 1.5771500000000003 3.3378000000000001 1.0753500000000003 3.6599000000000008 2.0000500000000003 1.1079500000000002 -0.19337245081799007 2.3147000000000006 1.6370000000000002 0.23100000000000007 0.45755000000000007 2.8424500000000004 1.0590000000000002 -0.77243990499604276 -0.34234976856068178 0.29100000000000009 2.5139 2.3648500000000006 6.0443000000000007 6.2252500000000008 2.1642000000000006 1.7442000000000002 3.2276500000000001 -0.91595872546125101 222.50000000000003 2.2825000000000002 -6.9999999999999991 0.21652257995689161 2.4726000000000004 -6.9999999999999991 1.7000500000000003 1.8817000000000002 2.9670000000000001 6.1290000000000004 0.26659387353423869 192.50000000000003 0.26270000000000004 -0.88620506325989179 3.5041000000000007 2.3821000000000008 -7.9999999999999991 1.9611500000000002 2.5376500000000006 -6.9999999999999991 2.5139 -6.9999999999999991 0.31655000000000005 -6.9999999999999991 2.9043500000000004 2.6346000000000003 2.895 2.1359000000000008 0.26270000000000004 -5.9999999999999991 2.7426000000000008 -7.9999999999999991
decision_type=2 2 2 2 2 2 2 2 2 2 2 2 2 2 2 2 2 2 2 2 2 2 2 2 2 2 2 2 2 2 2 2 2 2 2 2 2 2 2 2 2 2 2 2 2 2 2 2 2 2 2 2 2 2 2 2 2 2 2 2 2 2
left_child=1 6 4 15 9 8 18 17 22 13 36 28 21 27 24 25 37 31 -1 41 -10 39 -3 -9 56 30 29 -2 52 -17 49 -6 33 -16 -23 40 -11 -8 -37 51 -25 61 -24 -15 -13 -26 -29 -18 -22 -4 -34 -5 -7 -19 -33 -48 57 -14 -20 -31 -21 -12
right_child=2 5 3 12 7 11 16 23 20 10 19 44 14 43 32 26 47 53 58 60 48 34 42 35 45 -27 -28 46 -30 59 -32 54 50 -35 -36 38 -38 -39 -40 -41 -42 -43 -44 -45 -46 -47 55 -49 -50 -51 -52 -53 -54 -55 -56 -57 -58 -59 -60 -61 -62 -63
leaf_value=-0.092713184281604299 -0.055164013247368707 -0.040024407632483959 0.0078293446811412513 0.021401607550744522 -0.016125173219271399 -0.02955915874926679 -0.063790696288607979 0.010590586068953509 -0.026111457328941809 -0.032377722020396314 -0.015524603345374203 -0.0019757108197424019 0.026826647501117712 -0.013029244580150893 0.022992945033290624 0.0015136427155007682 -0.050533896624456336 0.016852648403973162 -0.077951682163468497 0.012643784789296002 -0.020276400811140141 0.023043520876408752 -0.038961188982492727 0.018667067605794369 0.049452230063855226 0.026563304750799023 -0.013016002887577219 -0.026181546394038066 -0.006472242249540839 0.0092647875960842514 0.024195942633776685 -0.0011643814493988301 0.030044368164633656 0.039531994255978233 0.0028898120184749133 0.021322829150916035 -0.0069935407432967223 -0.052808349460830975 0.0095151324061298007 0.039027357351635872 0.028959023881645819 0.0065078229244216468 -0.02688104173710272 -0.0017556201471377862 0.012340318016438468 0.035326367098384222 -0.022957490201897197 -0.037940513357223885 -0.0093953395499376761 0.017088587650105954 0.019245391864551972 0.034029617407080291 -0.015799483495954007 0.0087657093780045617 0.0075845214783648827 -0.012085106773914995 0.021438922123584146 0.03975281312261305 -0.065905682309182409 0.019863028675991365 -0.0057043438967472569 -0.0012854916720545404
leaf_weight=643 59 1829 1199 554 246 268 919 961 1073 117 228 2336 290 540 395 1134 458 1252 987 2161 575 1746 477 779 1547 892 224 484 924 1193 675 1429 993 1158 192 1897 1347 1211 574 791 1887 919 1890 2142 299 316 450 988 1394 1042 647 551 1655 1381 905 1369 151 1871 361 477 120 868
leaf_count=643 59 1829 1199 554 246 268 919 961 1073 117 228 2336 290 540 395 1134 458 1252 987 2161 575 1746 477 779 1547 892 224 484 924 1193 675 1429 993 1158 192 1897 1347 1211 574 791 1887 919 1890 2142 299 316 450 988 1394 1042 647 551 1655 1381 905 1369 151 1871 361 477 120 868
internal_value=-2.10065e-11 -0.0317107 0.0144421 0.0254475 0.00546559 -0.0185805 -0.0617117 0.0141203 -0.026992 -0.00359522 0.00256171 -0.00747462 0.0332505 -0.0106261 0.036673 0.0126607 -0.0512316 0.00660623 -0.0805348 0.0065093 -0.0173483 0.0266735 -0.0339834 0.0205438 0.0414516 0.0176524 0.00638324 -0.0181211 -0.0140676 0.00793296 0.0149266 0.000478023 0.0304247 0.0353253 0.0210469 0.0224058 -0.00902219 -0.0575467 0.01858 0.0324248 0.0259517 0.000657704 -0.0293154 -0.00402548 -0.000351235 0.0470562 -0.0171721 -0.0419293 -0.0125729 0.0121346 0.025784 0.0276985 -0.0177171 0.0126111 0.00222797 -0.0147748 0.0369353 0.0380182 -0.0747257 0.0122919 0.0116785 -0.00424764
internal_weight=58440 18287 40153 18038 22115 12720 5567 11311 7238 10804 5760 5482 11202 5044 7368 6836 3576 5213 1991 4296 3042 3834 4196 6098 4175 3808 3028 2362 2847 2804 2916 2580 3193 1553 1938 5137 1464 2130 2471 1896 2666 2015 2367 2682 2635 1863 2303 1446 1969 2241 1640 1105 1923 2633 2334 1819 2312 2161 1348 1670 2281 1096
internal_count=58440 18287 40153 18038 22115 12720 5567 11311 7238 10804 5760 5482 11202 5044 7368 6836 3576 5213 1991 4296 3042 3834 4196 6098 4175 3808 3028 2362 2847 2804 2916 2580 3193 1553 1938 5137 1464 2130 2471 1896 2666 2015 2367 2682 2635 1863 2303 1446 1969 2241 1640 1105 1923 2633 2334 1819 2312 2161 1348 1670 2281 1096
is_linear=0
shrinkage=0.1


Tree=15
num_leaves=63
num_cat=0
split_feature=12 11 12 7 5 11 12 11 12 11 11 12 3 7 12 12 11 11 11 7 12 5 11 0 7 7 11 0 12 1 11 12 11 11 11 11 0 11 11 12 0 11 3 10 12 11 0 11 10 12 10 3 12 8 12 0 3 11 11 12 7 10
split_gain=2173.59 455.16 437.398 183.992 133.176 92.8305 64.0176 56.6643 39.159 36.436 29.5131 27.4182 22.2747 22.2265 16.5307 14.7333 13.2948 12.5528 12.3374 11.1938 9.98549 9.78921 9.5089 8.90045 8.66541 8.54865 8.22976 8.12767 7.88403 7.61167 7.60184 7.59046 7.13205 6.47414 6.33791 5.97491 6.61879 5.57885 5.57877 5.56304 5.46923 5.26572 5.14144 5.07481 5.00222 4.99912 4.9376 4.8086 4.64026 4.59697 4.59657 4.47855 4.46994 4.32888 4.32013 4.29744 4.09916 4.04728 3.88387 3.84188 3.67852 3.61885
threshold=1.4874000000000003 2.3257000000000008 4.383700000000001 -0.6905596507703472 -0.68301270189221952 1.6079000000000001 2.9665000000000004 2.9199500000000005 5.9919500000000001 2.4959000000000002 2.3257000000000008 2.7071000000000001 194.50000000000003 -0.27694043983797384 0.5797000000000001 0.28860000000000002 2.2928500000000005 1.0590000000000002 3.0071000000000008 -0.11692317777808843 0.55330000000000013 -0.68301270189221952 2.8503500000000002 -7.9999999999999991 0.097680735332368748 0.28313308994381592 2.0067500000000007 -6.9999999999999991 5.7927500000000007 112.00000000000001 2.0917000000000008 5.0593000000000012 2.5194000000000005 1.9871000000000003 1.7120500000000003 2.3147000000000006 -5.9999999999999991 2.3821000000000008 3.5954500000000005 2.3283500000000004 -7.9999999999999991 1.6220500000000002 148.50000000000003 1.2830000000000001 3.5735000000000006 2.0975000000000006 -7.9999999999999991 1.9539500000000001 1.2110000000000003 3.5735000000000006 2.1110000000000002 316.50000000000006 0.5797000000000001 27.331000000000007 0.21730000000000002 -6.9999999999999991 142.50000000000003 1.9331000000000003 2.6816500000000008 6.796450000000001 0.2499757677084001 0.66100000000000014
decision_type=2 2 2 2 2 2 2 2 2 2 2 2 2 2 2 2 2 2 2 2 2 2 2 2 2 2 2 2 2 2 2 2 2 2 2 2 2 2 2 2 2 2 2 2 2 2 2 2 2 2 2 2 2 2 2 2 2 2 2 2 2 2
left_child=1 5 4 12 11 17 9 14 13 45 33 30 35 27 54 57 19 -1 39 43 -9 -16 26 56 -18 44 -15 29 34 58 -2 37 61 -8 -14 36 42 -28 -22 -11 -27 -21 -4 59 -12 -6 -26 -17 -44 -25 -33 -42 -19 -23 -3 60 -13 -7 -5 -10 -20 -29
right_child=2 7 3 8 6 15 10 20 16 18 25 23 28 22 21 47 24 52 55 41 38 53 -24 49 46 40 31 32 -30 -31 -32 50 -34 -35 -36 -37 -38 -39 -40 -41 51 -43 48 -45 -46 -47 -48 -49 -50 -51 -52 -53 -54 -55 -56 -57 -58 -59 -60 -61 -62 -63
leaf_value=-0.083441862867186273 -0.037188220442882905 -0.038954223110851449 0.008733750087398507 0.017671372560465855 -0.030355693851395211 -0.057726251630825988 -0.021908011592056298 -0.018852980738021614 0.031082874253825155 -0.0046517559286365605 0.0061346354104009227 -0.0035547323391823525 -0.0069001430802686356 0.011357164964603417 -0.033979257034906389 -0.047640252144225521 0.010190956090652459 -0.067867112520311038 -0.0013629152483370065 0.059653898965881538 -0.0073410439907917388 -0.013709235974243106 0.016567448317554408 -0.0090554866109058118 0.042225579287720999 0.024711719398409413 0.017616781006202637 0.028260964974303266 0.019945921829006376 0.0018249474537640254 -0.019450369713610013 0.03532515490540835 0.00046641172131966038 0.0012628097288771099 0.011904906217564388 -0.019654779444423925 0.011133570330397439 0.02808118095763696 0.014278972172224895 0.003179836125308773 0.018699638723928828 0.041053606451278965 0.0022657926059962102 0.019110705931999872 0.014518634866348096 -0.012722462909118413 0.024798538300877675 -0.03691144040292129 -0.0074130335546389453 -0.0015173910883726676 0.027573728407546336 0.0096072051625831559 -0.04141460272358425 -0.022300799676697111 -0.029260107529233567 0.0043109590022481587 -0.019677405727454703 -0.048050635680939167 -0.016665531294968196 0.042369683102739086 0.014924115433979146 0.018201729871508681
leaf_weight=643 290 638 714 1058 184 778 133 833 1181 2001 1223 202 196 271 452 579 296 1372 162 166 2641 1200 769 1506 240 972 723 847 1343 512 1448 2005 141 1292 2094 113 908 1725 125 1659 1753 1831 1455 269 1702 1274 504 1500 751 1748 1237 784 67 1147 1645 1425 719 973 34 405 963 619
leaf_count=643 290 638 714 1058 184 778 133 833 1181 2001 1223 202 196 271 452 579 296 1372 162 166 2641 1200 769 1506 240 972 723 847 1343 512 1448 2005 141 1292 2094 113 908 1725 125 1659 1753 1831 1455 269 1702 1274 504 1500 751 1748 1237 784 67 1147 1645 1425 719 973 34 405 963 619
internal_value=-5.92705e-12 -0.0334296 0.0111259 0.0208958 0.000915403 -0.0548303 0.00577903 -0.0188552 0.027371 -0.000721496 0.0121216 -0.011856 0.00821462 0.0237667 -0.0256542 -0.0455914 0.0346955 -0.0718259 0.00261859 0.0374042 -0.00925461 -0.0205033 0.0270328 -0.00746253 0.0246626 0.0150055 0.0283829 0.0169211 0.0138629 0.0118853 -0.0224101 0.0291938 0.0219475 -0.0008998 0.0102954 0.0030078 0.00367678 0.0249906 -0.006364 -0.00110186 0.0183335 0.0425997 0.00135803 0.031811 0.0110131 -0.0149478 0.0304202 -0.0398994 -0.00102922 -0.00500613 0.0323676 0.0158898 -0.0666355 -0.017908 -0.0319692 0.00795853 -0.0161413 -0.0523497 0.0166023 0.0339651 0.0125788 0.0240136
internal_weight=58440 14593 43847 22407 21440 5912 15527 8681 14833 7668 7859 5913 7574 9941 5082 3830 4892 2082 6210 3852 3599 2799 6730 4175 1040 6434 5961 3211 3633 1604 1738 5690 1607 1425 2290 3941 3828 2448 2766 3660 3509 1997 2920 1855 2925 1458 744 2079 2206 3254 3242 2537 1439 2347 2283 2550 921 1751 1092 1586 1125 1466
internal_count=58440 14593 43847 22407 21440 5912 15527 8681 14833 7668 7859 5913 7574 9941 5082 3830 4892 2082 6210 3852 3599 2799 6730 4175 1040 6434 5961 3211 3633 1604 1738 5690 1607 1425 2290 3941 3828 2448 2766 3660 3509 1997 2920 1855 2925 1458 744 2079 2206 3254 3242 2537 1439 2347 2283 2550 921 1751 1092 1586 1125 1466
is_linear=0
shrinkage=0.1


Tree=16
num_leaves=63
num_cat=0
split_feature=12 12 11 7 5 11 12 11 12 12 3 11 7 11 11 7 11 0 11 7 7 12 12 3 11 11 11 12 11 0 12 11 11 11 11 12 1 10 11 12 7 12 11 11 7 12 11 12 11 11 0 0 12 0 0 10 12 11 11 10 11 1
split_gain=1767.02 410.758 313.715 169.385 103.615 60.5876 47.6459 41.0941 39.7375 32.7546 20.3396 19.0469 17.8072 17.4307 14.0172 12.9714 14.3657 12.0127 11.846 9.67845 9.59132 9.20923 8.94017 8.44268 8.26171 8.08975 7.15033 6.93792 6.83829 6.7584 6.51679 6.35787 5.92418 5.76661 5.74637 5.6562 5.47966 5.37102 5.38551 5.3028 5.02665 4.69663 4.50632 4.44862 4.35634 4.4164 4.33018 4.09837 4.09715 4.07678 3.91773 3.78251 3.64036 4.20608 3.58271 3.58196 3.52369 3.49518 3.34132 3.2202 3.11393 3.07531
threshold=1.2102000000000002 4.1293000000000015 2.1203000000000007 -0.6905596507703472 -0.24999999999999994 2.6504500000000006 2.2934500000000004 1.3693000000000002 5.6492500000000012 2.1798000000000006 194.50000000000003 2.0000500000000003 -0.88620506325989179 2.5995500000000002 3.0983000000000005 0.16587474750015932 2.3091500000000003 -6.9999999999999991 2.5691000000000002 -0.88620506325989179 -0.27694043983797384 3.3378000000000001 5.1481000000000003 237.50000000000003 1.8603500000000002 2.9773000000000001 2.1359000000000008 0.19715000000000002 2.6377000000000002 -6.9999999999999991 5.5578000000000012 3.0740500000000002 1.5771500000000003 2.0190000000000006 0.7552000000000002 3.4599500000000005 112.00000000000001 0.7210000000000002 2.3430000000000004 0.31655000000000005 0.77652048701313048 7.2955000000000014 2.5376500000000006 2.8424500000000004 -0.58481178939031186 0.71365000000000012 1.8894000000000002 3.2399000000000004 2.1536500000000003 2.3257000000000008 -5.9999999999999991 -7.9999999999999991 6.8599500000000004 -7.9999999999999991 -6.9999999999999991 0.12100000000000004 0.15515000000000004 3.5954500000000005 1.6631000000000002 1.0490000000000002 3.5954500000000005 113.00000000000001
decision_type=2 2 2 2 2 2 2 2 2 2 2 2 2 2 2 2 2 2 2 2 2 2 2 2 2 2 2 2 2 2 2 2 2 2 2 2 2 2 2 2 2 2 2 2 2 2 2 2 2 2 2 2 2 2 2 2 2 2 2 2 2 2
left_child=2 4 7 10 9 27 13 34 11 19 30 -5 29 -6 39 16 23 41 33 -2 28 43 36 -10 56 37 -14 -4 55 58 32 50 -3 -8 -1 -28 -12 38 -22 -7 59 -17 -21 -20 -29 -46 -32 -35 52 51 -15 -34 53 61 -23 -13 -9 -16 -11 -19 -33 -24
right_child=1 3 5 8 6 14 18 24 15 12 22 20 26 31 57 17 -18 40 21 42 25 54 48 -25 -26 -27 35 44 -30 -31 46 60 49 47 -36 -37 -38 -39 -40 -41 -42 -43 -44 -45 45 -47 -48 -49 -50 -51 -52 -53 -54 -55 -56 -57 -58 -59 -60 -61 -62 -63
leaf_value=-0.083698586204595748 -0.029103632690407607 -0.021634061855463071 -0.041034049577831654 0.0046431610101291612 -0.015591849433155537 -0.026811534233598246 -0.031445668709087882 -0.059513733833482421 0.022958197290532698 -0.051037244858412913 0.0084377320937381768 0.022669097005217784 -0.01126928626089219 -0.0016388492300691837 -0.0080617292997031582 0.038515770635428763 0.010238605011191837 0.037987755328823737 0.0042845401193481415 -0.020951371309033823 0.020125809017561464 0.021560005709114392 0.012340989916785169 0.032699913452372192 -0.042298787006734097 0.011736567859240661 -0.003310842185743556 -0.037054851501437523 -0.0045993893320888934 -0.0070922008898987796 0.0091699525205798209 0.0030722568020833734 -0.0052273846660614107 -0.0014670185029001721 -0.066303941853862111 0.0048851226700835524 -0.0070369789003713159 0.022114593493729011 0.032408636705542643 -0.01629959699929167 0.017637568900325137 0.054215792962454358 -0.0093426956555872093 0.011862226176918067 -0.0304342078938954 -0.021217607119818228 -0.0097887826104879495 0.0080742755229124049 -0.0037602234519673165 -0.017793414436212025 -0.012829582459248154 0.0030862130951058442 0.031917589770603008 0.017962474190676505 0.013395061504994938 0.0139665256983508 -0.049676302237962766 0.01251658229010137 -0.016718110432897688 0.026301202878533377 0.016808573815820588 -0.0036388323061146369
leaf_weight=228 772 131 623 779 879 594 47 546 1646 29 1161 714 692 1792 1609 1309 507 428 1241 657 506 1061 487 1936 1309 582 2190 602 159 1188 1279 1529 745 782 1137 1368 285 4035 1212 2498 357 223 681 2062 1660 757 133 1061 108 122 379 2062 138 1579 1089 1401 1093 87 1304 525 185 160
leaf_count=228 772 131 623 779 879 594 47 546 1646 29 1161 714 692 1792 1609 1309 507 428 1241 657 506 1061 487 1936 1309 582 2190 602 159 1188 1279 1529 745 782 1137 1368 285 4035 1212 2498 357 223 681 2062 1660 757 133 1061 108 122 379 2062 138 1579 1089 1401 1093 87 1304 525 185 160
internal_value=-3.37509e-11 0.00918242 -0.0329286 0.0179203 -0.00110463 -0.0217056 0.00491316 -0.0548645 0.023857 -0.00930838 0.00637315 0.019617 -0.00591822 -0.00287519 -0.0143118 0.0296001 0.0259934 0.0347892 0.0099661 -0.0201874 0.020972 0.0123307 0.0116334 0.0282234 -0.0482225 0.0229717 -0.00196853 -0.0314261 0.0154009 -0.0125768 0.00176453 2.01731e-06 -0.000828591 0.00314373 -0.0692094 -0.000159611 0.00538774 0.0241083 0.028791 -0.018319 0.0277584 0.0408011 -0.0150429 0.00901515 -0.0294434 -0.0275476 0.00738418 0.00402583 0.0152869 0.000101937 -0.00359246 0.000879718 0.016157 0.01518 0.0174244 0.0169044 -0.0529534 -0.00700612 -0.0174647 0.0315497 0.00455488 0.00838926
internal_weight=58440 45697 12743 24709 20988 8430 12107 4313 16319 8881 8390 9388 6771 4764 4788 6931 4089 2842 7343 2110 8609 5453 3918 3582 2948 6335 4250 3642 2274 2521 4472 3885 3060 1890 1365 3558 1446 5753 1718 3092 1310 1532 1338 3303 3019 2417 1412 1843 2472 2929 2171 2807 2364 2226 2150 2115 1639 1696 1333 953 1714 647
internal_count=58440 45697 12743 24709 20988 8430 12107 4313 16319 8881 8390 9388 6771 4764 4788 6931 4089 2842 7343 2110 8609 5453 3918 3582 2948 6335 4250 3642 2274 2521 4472 3885 3060 1890 1365 3558 1446 5753 1718 3092 1310 1532 1338 3303 3019 2417 1412 1843 2472 2929 2171 2807 2364 2226 2150 2115 1639 1696 1333 953 1714 647
is_linear=0
shrinkage=0.1


Tree=17
num_leaves=63
num_cat=0
split_feature=12 11 12 7 7 11 11 12 3 11 12 12 11 10 11 12 12 11 11 7 7 7 0 11 11 11 7 7 0 0 12 1 10 7 8 0 11 6 12 12 11 12 11 12 11 0 7 11 7 10 2 10 11 12 11 12 12 11 9 11 0 7
split_gain=1435.16 367.528 234.346 98.3187 97.8734 71.0435 48.0137 41.258 24.5384 21.3319 20.1861 19.3961 18.2363 15.7917 12.3092 11.4119 11.234 9.29142 8.75517 8.4739 7.45282 7.33922 9.72596 7.2905 7.24373 6.59916 6.417 6.06717 5.82936 5.78543 5.94742 5.60605 5.28403 4.899 4.89431 4.83795 4.71366 4.62783 4.52731 4.48487 4.47973 4.33926 4.20003 4.16334 4.14509 4.02077 3.93326 3.66581 3.59802 3.45905 3.32127 3.18441 3.14347 3.10494 3.76565 3.07051 3.01597 3.84827 3.00962 2.95005 2.88221 2.84583
threshold=1.9033000000000002 2.3257000000000008 4.8354000000000008 -0.71502926860092908 -0.39036009226888674 1.7324500000000003 2.9199500000000005 3.4599500000000005 218.50000000000003 2.6689000000000003 0.89410000000000012 3.4875500000000001 2.2655000000000007 0.39100000000000013 1.27885 0.86315000000000008 0.68485000000000007 2.1476500000000005 1.8207500000000001 0.26659387353423869 -0.85225707553516283 0.3484035575467645 -7.9999999999999991 2.0324500000000003 2.5261 1.9871000000000003 0.77652048701313048 0.19969739736768838 -6.9999999999999991 -6.9999999999999991 6.6183500000000004 112.00000000000001 0.051000000000000011 0.16587474750015932 27.407000000000007 -7.9999999999999991 2.8261000000000007 -0.15101209918632377 0.17555000000000001 2.5712500000000005 2.0862000000000003 0.21730000000000002 3.5041000000000007 2.7071000000000001 2.5811000000000006 -6.9999999999999991 0.74298546529340237 0.7552000000000002 -0.59867820553660911 1.4590000000000003 7.5000000000000009 3.8550000000000009 2.6627000000000005 6.1290000000000004 1.8894000000000002 0.17555000000000001 5.9099000000000013 1.5771500000000003 85.701000000000022 3.3570000000000007 -7.9999999999999991 -0.98521978256641018
decision_type=2 2 2 2 2 2 2 2 2 2 2 2 2 2 2 2 2 2 2 2 2 2 2 2 2 2 2 2 2 2 2 2 2 2 2 2 2 2 2 2 2 2 2 2 2 2 2 2 2 2 2 2 2 2 2 2 2 2 2 2 2 2
left_child=1 5 3 11 8 14 10 9 17 23 41 25 40 19 47 38 -8 29 -13 53 -12 24 -23 -5 -15 -2 52 36 44 30 31 -4 -10 -11 -22 -20 50 -27 -7 -25 -9 -3 -18 59 -29 -19 -30 -1 -43 -31 -14 -46 -24 54 -6 -16 57 -33 -17 -35 -21 -37
right_child=2 6 4 7 13 15 16 12 32 33 20 18 27 21 55 58 42 45 35 60 34 22 26 39 -26 37 -28 28 46 49 -32 56 -34 43 -36 61 -38 -39 -40 -41 -42 48 -44 -45 51 -47 -48 -49 -50 -51 -52 -53 -54 -55 -56 -57 -58 -59 -60 -61 -62 -63
leaf_value=-0.075328728452063454 -0.027309623722852751 -0.031570545035096174 0.0087820431402192613 -0.029283629686413484 0.0027502318663108682 -0.044506784820292078 -0.013488542326864568 -0.0049370766532069021 0.023196801181804221 0.0011605510184202201 -0.026763599788936582 -0.016653561031353327 0.0093674088271392987 0.021610516606418974 -0.055426942295586035 -0.030041943812698479 -0.0036114966941226956 -0.016743666901177651 -0.0080305347807519828 0.045934251996444901 -0.0073522981381095283 0.034265006979329056 0.030276936679450278 -0.0075713685577274903 0.0080417950192917097 -0.0049093998827060793 0.015652604357399753 0.014950691471499862 0.017377087957295364 0.014879459959775389 0.019967959907751347 -0.012533366682594131 0.014573094504991703 0.0038261112951631297 -0.015870220975444372 -0.0052089881363836174 0.00040956219997585562 -0.0146474420305966 -0.035457586535666503 0.00016470156907903038 0.0066036999864959372 -0.034596896448859535 0.0076711671394956733 0.012207993557771836 0.029857593507566935 0.0014126262506492847 0.0073275330752588259 -0.061126827187503556 -0.021268138117758219 0.0062352660031559266 0.016477295799857083 0.019968577498150453 0.017968044320650568 0.032533751913339418 0.026331956070002417 -0.046035968630468146 0.0064296790156676128 0.0014882027084010762 -0.019058150835219684 0.013810890594477163 0.034874962186340328 0.0026105208542429553
leaf_weight=228 306 638 1564 106 72 766 1244 482 1447 1158 344 390 1250 2498 604 630 3047 185 749 409 1515 1047 845 1174 467 702 830 646 983 1777 282 309 1396 1706 1216 586 329 1601 1987 2072 1113 221 370 1731 630 358 645 896 2423 626 1385 674 275 965 1138 822 458 534 413 358 556 2262
leaf_count=228 306 638 1564 106 72 766 1244 482 1447 1158 344 390 1250 2498 604 630 3047 185 749 409 1515 1047 845 1174 467 702 830 646 983 1777 282 309 1396 1706 1216 586 329 1601 1987 2072 1113 221 370 1731 630 358 645 896 2423 626 1385 674 275 965 1138 822 458 534 413 358 556 2262
internal_value=-4.3762e-11 -0.0241026 0.0101889 0.00350532 0.018725 -0.0432726 -0.0130613 0.00764302 0.0112908 0.00268465 -0.0187139 -0.00680881 0.0127038 0.0260237 -0.056182 -0.0346006 -0.00535199 0.00771131 -0.00242218 0.0317632 -0.0128922 0.0230008 0.0264906 -0.00347601 0.0194734 -0.0135123 0.0223164 0.0150413 0.0178131 0.00893276 0.00611146 0.00474757 0.0189623 0.00685395 -0.011145 -0.00087916 0.0116954 -0.0116791 -0.0379755 -0.00263325 0.00311614 -0.0241684 -0.00238979 0.00859122 0.0215012 -0.00477322 0.0133955 -0.0640076 -0.0223822 0.0126276 0.0131045 0.0247462 0.0272547 0.0283029 0.0249287 -0.0500136 -0.000102473 -0.00365138 -0.0256927 0.00555797 0.0395623 0.00100159
internal_weight=58440 17364 41076 23038 18038 6346 11018 16442 8936 8305 6357 6596 8137 9102 2550 3796 4661 6093 3987 3140 3075 5962 2997 3352 2965 2609 1950 6542 3578 5550 3147 2865 2843 4953 2731 3597 2964 2303 2753 3246 1595 3282 3417 3795 1950 543 1628 1124 2644 2403 2635 1304 1120 2175 1210 1426 1301 843 1043 2064 965 2848
internal_count=58440 17364 41076 23038 18038 6346 11018 16442 8936 8305 6357 6596 8137 9102 2550 3796 4661 6093 3987 3140 3075 5962 2997 3352 2965 2609 1950 6542 3578 5550 3147 2865 2843 4953 2731 3597 2964 2303 2753 3246 1595 3282 3417 3795 1950 543 1628 1124 2644 2403 2635 1304 1120 2175 1210 1426 1301 843 1043 2064 965 2848
is_linear=0
shrinkage=0.1


Tree=18
num_leaves=63
num_cat=0
split_feature=12 12 11 7 7 11 12 12 11 12 11 3 11 11 11 7 11 12 6 12 11 11 11 12 7 7 11 12 11 12 12 0 0 11 0 10 11 0 1 0 12 7 11 8 7 7 9 10 6 11 3 12 11 11 10 11 11 10 2 0 11 12
split_gain=1166.08 263.798 215.704 103.645 75.8422 46.6203 35.2392 29.2063 24.5737 23.9407 13.8782 13.7957 13.5289 13.2527 11.6064 10.3013 9.00669 7.80123 7.31366 7.19585 6.06654 6.04509 5.9027 5.51824 5.30749 5.12687 5.12258 5.04961 5.01368 4.98556 4.7053 4.6119 4.56267 4.44586 4.3154 4.31275 4.26436 4.35991 4.16603 4.09363 4.07801 3.97895 3.92288 3.87055 3.76491 3.63811 3.58092 3.41939 3.31132 3.30756 3.25633 3.06889 2.9749 2.93404 2.88744 2.85142 2.82265 2.80731 2.76318 2.74775 2.68355 2.65958
threshold=1.2747500000000003 4.3367000000000013 2.0754000000000006 -0.70289845916694649 -0.15101602693478741 2.6118000000000001 2.8671500000000005 2.8671500000000005 1.3271000000000002 5.9919500000000001 2.895 194.50000000000003 2.1687500000000006 1.9470000000000003 3.1506000000000003 -0.88620506325989179 2.2547000000000001 5.0367500000000005 -0.28519255817492867 7.0436500000000004 2.4157000000000006 2.7075500000000003 2.5995500000000002 0.19715000000000002 0.097680735332368748 -0.11692317777808843 2.2167500000000007 0.27515000000000006 1.8531500000000001 0.43310000000000004 6.0191000000000008 -6.9999999999999991 -5.9999999999999991 2.4558000000000004 -6.9999999999999991 0.51500000000000012 2.3147000000000006 -5.9999999999999991 112.00000000000001 -7.9999999999999991 5.5319000000000011 -0.13398942717002907 1.9539500000000001 27.521000000000004 -0.23537842981696178 0.16587474750015932 85.399000000000015 0.95100000000000018 0.96465729447553372 0.7552000000000002 148.50000000000003 3.7501000000000002 3.4404000000000003 3.0283500000000001 0.66100000000000014 2.2271000000000005 2.4786000000000006 1.6730000000000003 5.5000000000000009 -7.9999999999999991 2.7143000000000002 3.6303500000000004
decision_type=2 2 2 2 2 2 2 2 2 2 2 2 2 2 2 2 2 2 2 2 2 2 2 2 2 2 2 2 2 2 2 2 2 2 2 2 2 2 2 2 2 2 2 2 2 2 2 2 2 2 2 2 2 2 2 2 2 2 2 2 2 2
left_child=2 4 8 11 7 27 10 15 49 13 20 36 28 40 29 39 19 26 59 25 -6 41 55 -10 -18 57 -15 -4 -9 -7 31 38 -22 -17 48 -26 37 50 -13 -2 -5 56 -21 -12 -31 -23 -29 -36 61 -1 -3 -30 -45 -28 -52 -8 -19 -11 60 -14 -20 -24
right_child=1 3 5 9 6 14 22 12 23 16 43 30 18 17 -16 33 24 21 58 42 32 45 34 -25 35 -27 53 46 51 44 -32 -33 -34 -35 47 -37 -38 -39 -40 -41 -42 -43 -44 52 -46 -47 -48 -49 -50 -51 54 -53 -54 -55 -56 -57 -58 -59 -60 -61 -62 -63
leaf_value=-0.067795852205732407 -0.031850022208724786 0.0064183740871982878 -0.031819888613176688 -0.00070486808048809729 -0.013924200699028125 -0.020210685923352945 -0.0051346414400302255 -0.021015492642994276 -0.04525201877257732 0.023599566398661283 0.0082292117800048786 0.007375962474899668 -0.0020240294270771455 0.0079837930704718865 -0.0042333302345582899 -0.014289687036503022 0.0072201343938733641 0.019632182856393534 0.0018110420617168362 0.040154987882825788 -0.00080477732786599565 -0.00092754501496639216 0.01438343866344686 -0.036309588435661358 0.034388020189132458 0.030275113897400192 0.017712368178963631 -0.026587620666764268 -0.010898093494745617 -0.023565488667542437 0.016161417378259595 0.011847556082760323 -0.012481463768637362 -0.0057647860198795095 0.02053265091562935 0.017941382281247125 -0.017398894934288773 0.0081940260277590139 -0.0050955322547456619 -0.017742103939349382 0.011991258227143657 0.024709102327643111 0.021152920831942045 -0.0003570203120085924 -0.01104600335401814 0.016313240351941326 -0.018951582639165434 0.0081289729018203805 0.0033515804784201467 -0.054480218168413433 0.0017738882259228682 -0.0030900180500762265 0.0096421356941984587 0.0067740738102041453 -0.0053558008080772969 0.0075776293847799985 0.0027463903171675548 0.011088286168282717 -0.006958290417065395 0.0090939026103907025 -0.012157232288630327 0.022230690359252979
leaf_weight=228 251 655 1108 453 564 1107 198 273 1194 1433 1588 860 274 804 1523 1097 331 1731 1361 614 2287 165 1011 1635 215 1400 3140 1668 911 266 935 1402 392 1383 256 617 116 890 389 1139 573 2681 132 1554 2477 474 972 1686 176 1026 1207 1125 368 266 1073 1621 105 205 770 1178 153 754
leaf_count=228 251 655 1108 453 564 1107 198 273 1194 1433 1588 860 274 804 1523 1097 331 1731 1361 614 2287 165 1011 1635 215 1400 3140 1668 911 266 935 1402 392 1383 256 617 116 890 389 1139 573 2681 132 1554 2477 474 972 1686 176 1026 1207 1125 368 266 1073 1621 105 205 770 1178 153 754
internal_value=-2.10087e-11 0.00763168 -0.0261456 0.0151849 -8.89988e-05 -0.0175941 0.00510614 -0.00661501 -0.0452489 0.0199011 0.000218418 0.00557395 -0.00227241 0.0171753 -0.0116229 -0.0133982 0.025627 0.0183572 0.00144671 0.0279925 -0.00449784 0.0209651 0.0108948 -0.0400838 0.0179305 0.0258316 0.0151634 -0.0261541 -0.00829002 -0.0145461 0.010062 0.00791077 -0.00251335 -0.00953568 0.0130969 0.0221914 0.00149017 0.00206301 0.00349173 -0.0202896 0.00638566 0.022253 0.0367927 0.00457592 -0.0122601 0.0118614 -0.0237762 0.00976406 0.0164315 -0.0569012 0.000203865 -0.00658371 0.00155749 0.0168581 -0.00158144 0.00619389 0.0186665 0.0220337 -0.00208105 0.00699589 0.000399453 0.0177357
internal_weight=58440 45236 13204 22866 22370 9121 12455 9915 4083 15339 6753 7527 6045 10392 5373 3870 4947 9366 3736 3784 3243 5156 5702 2829 1163 3038 4210 3748 2309 3850 3586 2651 2679 2480 3883 832 3941 3825 1249 1390 1026 4517 746 3510 2743 639 2640 1942 1941 1254 2935 2036 1922 3406 2280 1819 1836 1638 2284 1452 1514 1765
internal_count=58440 45236 13204 22866 22370 9121 12455 9915 4083 15339 6753 7527 6045 10392 5373 3870 4947 9366 3736 3784 3243 5156 5702 2829 1163 3038 4210 3748 2309 3850 3586 2651 2679 2480 3883 832 3941 3825 1249 1390 1026 4517 746 3510 2743 639 2640 1942 1941 1254 2935 2036 1922 3406 2280 1819 1836 1638 2284 1452 1514 1765
is_linear=0
shrinkage=0.1


Tree=19
num_leaves=63
num_cat=0
split_feature=12 11 12 5 7 11 11 12 7 3 12 10 12 11 11 12 11 12 11 7 0 12 3 8 11 11 11 11 7 0 11 10 5 10 11 0 0 0 1 11 12 6 12 12 9 12 3 10 7 5 1 11 7 8 11 0 12 1 0 0 12 0
split_gain=952.107 257.076 143.276 66.8905 61.712 50.9222 32.831 20.2364 17.5495 16.1135 16.0218 12.4712 11.0133 9.01534 9.00857 7.99283 7.87582 7.74393 7.38809 6.64804 6.57936 6.4345 5.96641 5.54286 5.2055 4.79603 6.11496 4.65927 4.55234 4.44226 4.19125 4.06999 3.72434 3.6224 3.51876 3.47829 3.4101 3.37745 3.25864 3.23272 3.19977 3.0785 3.05554 3.01755 3.00429 2.98294 2.95931 2.97069 2.95431 2.70396 2.69193 2.68818 2.57561 2.4955 2.42587 2.34734 2.34131 2.31157 2.2604 2.25085 2.22437 2.56291
threshold=2.0495000000000005 2.3375000000000008 4.903550000000001 -0.24999999999999994 -0.39036009226888674 1.7735000000000003 2.9569000000000005 3.6870000000000007 -0.91595872546125101 218.50000000000003 0.98445000000000016 2.0610000000000004 3.5735000000000006 1.1473500000000001 2.7587000000000006 0.95315000000000005 2.1476500000000005 0.86315000000000008 2.0000500000000003 0.26659387353423869 -7.9999999999999991 3.6303500000000004 78.500000000000014 27.021000000000004 2.3430000000000004 2.5139 2.9972500000000006 2.1359000000000008 0.77652048701313048 -5.9999999999999991 1.7735000000000003 0.15100000000000005 -0.9330127018922193 0.061000000000000019 2.5995500000000002 -6.9999999999999991 -7.9999999999999991 -7.9999999999999991 109.00000000000001 1.7442000000000002 6.6183500000000004 0.95998215779580554 0.20750000000000005 0.33590000000000003 84.483000000000018 0.14390000000000003 136.50000000000003 1.2110000000000003 0.2499757677084001 -0.68301270189221952 112.00000000000001 1.6220500000000002 0.2499757677084001 28.151000000000007 1.5771500000000003 -6.9999999999999991 6.5694000000000008 110.00000000000001 -6.9999999999999991 -6.9999999999999991 6.5250000000000012 -6.9999999999999991
decision_type=2 2 2 2 2 2 2 2 2 2 2 2 2 2 2 2 2 2 2 2 2 2 2 2 2 2 2 2 2 2 2 2 2 2 2 2 2 2 2 2 2 2 2 2 2 2 2 2 2 2 2 2 2 2 2 2 2 2 2 2 2 2
left_child=1 5 3 8 9 13 10 14 21 16 34 19 24 -1 27 43 29 45 -14 33 56 36 55 -12 39 -9 41 -5 -22 32 -23 60 -4 -6 -3 52 -2 -20 -37 -10 50 -27 -15 -8 -19 -7 59 -48 -17 -25 -34 -42 -16 -26 -35 -13 -21 -30 -28 -18 61 -11
right_child=2 6 4 7 11 17 15 25 12 31 23 22 18 42 35 48 46 44 37 20 28 30 -24 49 53 26 58 -29 57 -31 -32 -33 40 54 -36 38 -38 -39 -40 -41 51 -43 -44 -45 -46 -47 47 -49 -50 -51 -52 -53 -54 -55 -56 -57 -58 -59 -60 -61 -62 -63
leaf_value=-0.053850813043340953 -0.021197806050778076 -0.022278836477227164 0.00030062429505489549 -0.019761884349336813 0.025929525029661279 -0.037235050935914199 -0.018356693697313933 0.0094384049904904996 -0.048937581777573208 0.012526808847686925 -0.0047808460365546942 0.027376114303763743 -0.00537438028814324 -0.045181267331133923 0.0021381268480475443 -0.0073869815138889617 -0.010231511966876682 -0.025629539258849449 -0.00029079822728798259 0.031460794735764068 0.02773411465041703 -0.017587220537385383 0.013223316965240343 -0.019745814287811161 0.0022150140946967252 0.019070292785175764 0.014249922700372397 0.0016090167440667069 0.023589241759211649 0.012936208803147262 -0.0025060379762117317 0.0099652839569296051 0.0094644993660733482 0.03223552595886555 -0.016081987560472549 0.009846866752215494 -0.010073339131803964 0.0072594408982996714 0.0016388744925642197 -0.0083914125588887695 0.0211799335854128 0.0064316863310523338 -0.037159535552446658 -0.0067789079782570056 -0.015728433035324074 -0.028714121078545131 -0.0058873014033047691 -0.029744779741899537 0.0015696628596483129 -0.010780337800445496 0.0034071066448480535 -0.010983467246566354 0.012916949169905229 -0.0050552852343817584 0.018379955495567018 0.017448007128457357 0.042478239032179982 0.0076680684303594886 0.002020035872350113 0.0088805766972567309 0.025583632062405871 0.020641760941879774
leaf_weight=827 351 1607 892 106 1196 508 262 1835 20 757 1526 511 718 993 258 440 98 620 744 537 962 205 2101 442 1180 2343 255 2715 163 1199 1823 845 1569 134 2132 880 1282 2909 1074 1170 250 210 910 1599 606 2148 162 77 2259 1408 1378 29 1575 787 2217 446 301 207 371 166 344 801
leaf_count=827 351 1607 892 106 1196 508 262 1835 20 757 1526 511 718 993 258 440 98 620 744 537 962 205 2101 442 1180 2343 255 2715 163 1199 1823 845 1569 134 2132 880 1282 2909 1074 1170 250 210 910 1599 606 2148 162 77 2259 1408 1378 29 1575 787 2217 446 301 207 371 166 344 801
internal_value=-2.46579e-11 -0.0189137 0.0086139 0.00340549 0.0154648 -0.0346688 -0.00999093 0.0087188 -0.00211344 0.00942752 -0.0142362 0.0213591 0.000648387 -0.0451336 0.00508398 -0.00336696 0.00644799 -0.0273094 0.00389901 0.0241162 0.028476 -0.0077925 0.0162044 -0.00924228 -0.00385223 0.0135092 0.0158589 0.000805998 0.0241085 0.00757945 -0.00403052 0.0157402 0.00601977 0.021449 -0.0187454 0.00827072 -0.0124645 0.0057217 0.00533541 -0.00907286 0.00760113 0.0180307 -0.0413453 -0.00840888 -0.0207355 -0.0303439 -0.00551213 -0.0135736 0.000109521 -0.0129224 0.0066321 0.0178368 0.0113998 -0.000693845 0.0191697 0.0227492 0.0354181 0.014682 0.00700186 0.00178594 0.0183058 0.0166989
internal_weight=58440 18287 40153 22811 17342 6612 11675 11622 11189 8567 7115 8775 7528 2730 6608 4560 5820 3882 4371 5717 2170 3661 3058 3376 3157 5014 3179 2821 1332 5317 2028 2747 4118 3547 3739 3787 1633 3653 1954 1190 3226 2553 1903 1861 1226 2656 503 239 2699 1850 2947 279 1833 1967 2351 957 838 370 626 264 1902 1558
internal_count=58440 18287 40153 22811 17342 6612 11675 11622 11189 8567 7115 8775 7528 2730 6608 4560 5820 3882 4371 5717 2170 3661 3058 3376 3157 5014 3179 2821 1332 5317 2028 2747 4118 3547 3739 3787 1633 3653 1954 1190 3226 2553 1903 1861 1226 2656 503 239 2699 1850 2947 279 1833 1967 2351 957 838 370 626 264 1902 1558
is_linear=0
shrinkage=0.1


Tree=20
num_leaves=63
num_cat=0
split_feature=12 11 12 7 7 11 11 12 11 12 12 11 7 11 12 0 10 10 12 11 8 11 7 11 11 11 8 11 7 11 0 12 11 11 12 0 7 8 7 7 12 0 0 0 11 1 0 1 3 11 5 3 11 10 12 2 12 10 9 1 11 12
split_gain=771.808 217.175 110.18 57.5031 45.7857 38.2401 32.1019 21.3746 12.7181 12.5223 12.4625 11.3781 9.68461 9.9336 9.35176 9.16727 6.63899 6.34686 6.304 6.23918 5.90529 5.90304 5.15576 4.87303 4.3675 4.24756 4.15337 3.84655 3.71069 5.17377 4.22833 3.62888 3.38379 3.24692 3.22708 3.9765 3.20475 2.98907 2.98756 2.98494 2.90599 2.89201 2.83147 2.81026 2.74432 2.70953 2.64494 3.38813 2.61343 2.61197 2.59882 2.82381 2.57838 2.46549 2.39736 2.38581 2.38362 2.37275 2.21136 2.19335 2.16867 2.15843
threshold=2.1452500000000003 2.2223000000000002 5.0367500000000005 -0.72694848937061807 -0.6905596507703472 2.7659000000000007 1.5614500000000002 3.7501000000000002 2.4613 0.71365000000000012 0.92125000000000012 2.1745000000000005 0.21652257995689161 2.5139 3.7801000000000005 -6.9999999999999991 0.37100000000000011 0.091000000000000025 0.28860000000000002 1.7535500000000004 27.277000000000008 2.1642000000000006 0.77652048701313048 1.9263500000000002 0.93470000000000009 3.3351500000000005 27.941000000000006 3.5954500000000005 0.19969739736768838 2.8261000000000007 -6.9999999999999991 6.9422500000000005 2.0639000000000007 2.8261000000000007 6.6721500000000011 -7.9999999999999991 -0.30982845708428081 29.173000000000005 0.75438814418115718 0.11478523713130605 6.729000000000001 -7.9999999999999991 -5.9999999999999991 -7.9999999999999991 2.5139 112.00000000000001 -5.9999999999999991 106.00000000000001 254.50000000000003 1.9405000000000003 0.25000000000000017 319.50000000000006 1.8675500000000003 1.0810000000000002 0.27515000000000006 7.5000000000000009 0.26270000000000004 1.0490000000000002 81.619000000000014 112.00000000000001 1.9676500000000001 6.2252500000000008
decision_type=2 2 2 2 2 2 2 2 2 2 2 2 2 2 2 2 2 2 2 2 2 2 2 2 2 2 2 2 2 2 2 2 2 2 2 2 2 2 2 2 2 2 2 2 2 2 2 2 2 2 2 2 2 2 2 2 2 2 2 2 2 2
left_child=1 6 3 14 16 9 24 8 32 -3 25 60 13 17 23 31 34 40 -8 -16 -11 42 37 -2 -1 54 33 39 29 55 44 -14 -5 -10 35 -4 58 57 -32 -12 52 -21 59 -25 -30 -43 -41 -48 -15 -20 -28 -52 61 -46 -7 -13 -26 -17 -19 -18 -9 -6
right_child=2 5 4 7 12 10 18 11 26 20 27 28 15 48 19 22 21 36 49 41 -22 -23 -24 43 56 -27 50 -29 30 -31 38 -33 -34 -35 -36 -37 -38 -39 -40 46 -42 45 -44 -45 53 -47 47 -49 -50 -51 51 -53 -54 -55 -56 -57 -58 -59 -60 -61 -62 -63
leaf_value=-0.052220196686935109 -0.021410591245782165 -0.020681251359026223 0.0025020566640749642 -0.017781968903375637 0.00603854234751444 -0.018775142901424381 -0.032265401867413779 -0.0065452001730591297 0.0047497948518945426 -0.0076147809609756426 -0.0076736670103933037 0.0078841385047004314 0.024608621010522747 -0.002375736751621792 -0.01507721853336824 0.024113858477877722 0.0044839242307054923 0.013970310206114856 -0.029050682716595739 -0.0050349186143462989 -0.015659682674891814 -0.020864249405955586 0.0088957034502380374 -0.013803855951632858 -0.043364579141849567 0.00042153387789702887 -0.0016610425708792351 0.011969626777583751 0.011769855745269661 -0.0037518368094550587 0.0140344225528772 0.035758334563592793 -0.0024759350852023615 0.010316644123654496 0.019215840852062488 0.010582901442701752 0.017016334012696716 0.029443169070293408 0.0049677620616723449 0.00084588145742643282 0.029131585245010805 0.003284402861903288 0.0091758050724169756 -0.0055006729890179785 0.028006941309353463 -0.0043133037440111826 0.010482028093485331 -0.0084482548198076667 0.010783701409304016 -0.021388630218832794 0.0082799377722677665 -0.00072382385448713736 0.021724863441458148 0.017790682437026493 -0.010006425472128763 0.013438997255953012 -0.03432478140267408 0.014158601714062802 0.0064256994555609197 -0.0041469979392770064 0.0037674484803119413 0.019092021724603819
leaf_weight=447 259 2602 845 157 222 366 1620 264 2224 1841 750 1410 1811 333 287 378 635 1049 661 813 1809 108 568 501 1092 353 1019 208 536 260 979 348 1805 1981 299 2180 2155 281 578 2583 377 2281 548 2187 313 591 110 673 276 1361 927 558 1433 963 2105 1712 398 653 617 549 896 295
leaf_count=447 259 2602 845 157 222 366 1620 264 2224 1841 750 1410 1811 333 287 378 635 1049 661 813 1809 108 568 501 1092 353 1019 208 536 260 979 348 1805 1981 299 2180 2155 281 578 2583 377 2281 548 2187 313 591 110 673 276 1361 927 558 1433 963 2105 1712 398 653 617 549 896 295
internal_value=-2.12139e-11 -0.0165709 0.00796989 0.00361536 0.0143819 -0.00966862 -0.0331493 0.00681062 0.00338127 -0.0153806 -0.0046726 0.0105694 0.0180862 0.0157706 -0.00404235 0.0219601 0.00663751 0.0169774 -0.0276173 -0.000875627 -0.011602 0.00181826 0.0168547 -0.0083105 -0.0435508 -0.00983939 0.00545235 -0.00129817 0.0121415 0.00980151 0.0144904 0.0264058 -0.00370073 0.00737237 0.0093052 0.00832561 0.01447 0.0203004 0.0106686 -0.00196866 0.0210946 0.00023044 0.00323264 -0.00704825 0.0177744 0.00172095 -0.000697487 -0.00578883 0.00358815 -0.0238934 0.00222804 0.00489671 0.0195407 0.0202967 -0.0113052 0.0109302 -0.0409499 0.0178085 0.0111762 0.000481917 0.00142043 0.0134869
internal_weight=58440 18979 39461 23501 15960 13400 5579 16582 8671 6252 7148 7911 10796 6757 6919 4039 5164 6148 3642 3972 3650 1840 1880 2947 1937 2824 6709 4324 6751 3382 3369 2159 1962 4205 3324 3025 3821 1312 1557 4116 2327 3685 1732 2688 1812 2872 3366 783 609 2022 2504 1485 1950 1276 2471 3122 1490 1031 1666 1184 1160 517
internal_count=58440 18979 39461 23501 15960 13400 5579 16582 8671 6252 7148 7911 10796 6757 6919 4039 5164 6148 3642 3972 3650 1840 1880 2947 1937 2824 6709 4324 6751 3382 3369 2159 1962 4205 3324 3025 3821 1312 1557 4116 2327 3685 1732 2688 1812 2872 3366 783 609 2022 2504 1485 1950 1276 2471 3122 1490 1031 1666 1184 1160 517
is_linear=0
shrinkage=0.1


Tree=21
num_leaves=63
num_cat=0
split_feature=12 11 12 7 7 11 12 12 11 12 11 11 11 11 11 3 11 12 11 6 7 5 12 10 11 7 11 8 11 8 7 12 11 11 11 0 12 0 1 3 11 11 3 11 0 12 6 3 0 0 12 0 12 11 1 12 8 10 3 5 7 7
split_gain=628.699 137.813 120.505 48.1338 46.5792 32.4515 17.9454 15.5094 14.3793 11.7879 11.2666 8.28967 7.60138 7.16895 7.15009 6.94942 6.42166 6.36613 6.02501 6.01598 5.37778 4.90084 4.27352 4.09812 4.07337 4.03854 3.93348 3.92764 3.92231 3.5246 3.50186 3.36676 3.30217 3.29974 3.27076 3.46401 3.20455 3.07426 2.94967 2.7969 2.76801 2.73016 2.60996 2.5857 2.47765 2.46196 2.28962 2.26691 2.18531 2.14571 2.1331 2.12854 2.09855 2.09258 2.07776 2.02824 2.00785 1.99102 2.89946 1.87028 1.77935 3.05518
threshold=1.6242000000000003 2.0639000000000007 4.6206000000000005 -0.72694848937061807 -0.15101602693478741 2.6883500000000002 3.0579500000000004 2.9932500000000002 1.5255500000000002 6.3236500000000015 2.0811500000000005 1.8675500000000003 3.2276500000000001 2.3375000000000008 2.0862000000000003 192.50000000000003 2.4959000000000002 0.55330000000000013 2.7875000000000001 -0.21861968191509915 -0.30982845708428081 0.25000000000000017 0.74445000000000017 0.21700000000000005 3.3570000000000007 -0.19337245081799007 1.6760500000000003 27.311000000000007 1.7120500000000003 27.789000000000005 0.16587474750015932 5.8182000000000009 2.2988500000000003 0.93470000000000009 2.5746000000000007 -6.9999999999999991 7.0436500000000004 -7.9999999999999991 109.00000000000001 152.50000000000003 2.4440500000000003 2.1359000000000008 190.50000000000003 2.5631000000000008 -7.9999999999999991 0.37260000000000004 0.96465729447553372 230.50000000000003 -6.9999999999999991 -5.9999999999999991 0.17555000000000001 -5.9999999999999991 0.14390000000000003 2.1359000000000008 113.00000000000001 6.4791500000000015 26.911000000000005 4.4350000000000014 78.500000000000014 -0.68301270189221952 0.3484035575467645 0.87291090774974645
decision_type=2 2 2 2 2 2 2 2 2 2 2 2 2 2 2 2 2 2 2 2 2 2 2 2 2 2 2 2 2 2 2 2 2 2 2 2 2 2 2 2 2 2 2 2 2 2 2 2 2 2 2 2 2 2 2 2 2 2 2 2 2 2
left_child=1 8 4 15 7 17 16 13 33 11 28 31 22 26 36 41 53 52 20 32 40 -16 -7 -22 29 -24 -2 -19 -9 -18 -20 59 -12 -1 -8 46 -11 -23 -37 43 47 49 -15 -21 54 -10 -36 -13 -32 -4 -35 -43 -3 -6 -17 -56 -27 60 -59 -5 -25 -62
right_child=2 5 3 9 6 12 34 10 45 14 19 18 -14 42 21 44 24 27 30 39 23 37 25 57 -26 56 -28 -29 -30 -31 48 -33 -34 50 35 38 -38 -39 -40 -41 -42 51 -44 -45 -46 -47 -48 -49 -50 -51 -52 -53 -54 -55 55 -57 -58 58 -60 -61 61 -63
leaf_value=-0.046998177073745921 -0.049248985513563902 -0.027430558984770495 0.00040171411879999183 0.0057186387736974532 -0.023082427624357891 -0.012120429923145897 0.0060763393265104437 -0.026170481133329516 -0.029987592666819742 0.021072633936591516 0.0012902377049514235 0.0090735925405169629 -0.00057193465004769716 -0.0076320523088419454 0.0032098103436178668 0.0060287405039692842 0.0039787992918947704 -0.010062702056845556 -0.0044517649273359975 0.0025833890180729218 0.021737712257418069 0.026860738555583092 -0.016814164698371315 0.014817721054196107 0.010083075122538969 -0.00079316082807294366 -0.013266461818855439 -0.017650504293620025 -0.0060612890157586505 -0.001820228027708372 0.017184878203384681 0.010149136862200868 0.0091544510064215743 -0.041423986483233532 0.015005738976058242 0.012569988390606142 0.029302400482485287 0.013259738594781193 0.00487891059967753 -0.0054330065624878902 0.00035916679720257355 -0.02163864386966452 -0.00015644361319047933 -0.0071084184648828918 0.0096054785210846205 -0.023114570878891204 0.0030666189363480292 0.015226948555817719 0.0056394602541454284 0.0069159064192786659 -0.033491369113826115 -0.00038991216588880038 -0.019711454126800768 -0.0052633584163035872 -0.011428228076254418 0.010854217949859699 -0.0068881562649494958 0.018129710153916536 0.0086020878118621014 -0.0066778555006408169 0.02282280091321973 0.012939479802541124
leaf_weight=447 31 425 2195 232 73 2024 1996 102 1543 1545 955 1079 1544 1306 318 687 2792 1302 214 1660 1387 258 304 1828 685 878 1520 1433 1977 1678 271 666 1211 622 1839 862 682 467 1183 1035 204 90 727 330 2250 787 176 1345 415 657 745 99 2056 678 151 56 1406 522 823 256 943 468
leaf_count=447 31 425 2195 232 73 2024 1996 102 1543 1545 955 1079 1544 1306 318 687 2792 1302 214 1660 1387 258 304 1828 685 878 1520 1433 1977 1678 271 666 1211 622 1839 862 682 467 1183 1035 204 90 727 330 2250 787 176 1345 415 657 745 99 2056 678 151 56 1406 522 823 256 943 468
internal_value=-9.71846e-12 -0.0172515 0.006236 0.01188 0.00126187 -0.0115623 0.00556584 -0.00348146 -0.0328637 0.015141 -0.000827353 0.0135289 -0.00664514 -0.00886522 0.0203928 0.00453932 0.00164372 -0.0173657 0.0145012 0.00166398 0.0153159 0.01356 -0.00867832 0.016975 0.0029023 -0.00598634 -0.0139856 -0.0140383 -0.00704789 0.00180189 0.00671644 0.00552558 0.00568708 -0.0395397 0.00939081 0.0110203 0.0235929 0.0180998 0.00812082 -0.0012167 0.0115464 0.00113102 -0.00495878 0.000976205 0.00783596 -0.0276661 0.0139629 0.0124879 0.0102004 0.00190235 -0.0371008 -0.0105084 -0.0210338 -0.00699544 0.00338246 -0.00540013 -0.00454516 0.0155339 0.0122998 -0.00078444 0.0168769 0.0195447
internal_weight=58440 15516 42924 20108 22816 11372 11962 10854 4144 13923 7270 10653 6156 3584 3270 6185 5906 5216 9499 5191 8599 1043 4612 5971 5155 2588 1551 2735 2079 4470 900 1154 2166 1814 6056 4060 2227 725 2045 3025 2628 3041 2033 1990 3144 2330 2015 2424 686 2852 1367 189 2481 751 894 207 2284 4584 1345 488 3239 1411
internal_count=58440 15516 42924 20108 22816 11372 11962 10854 4144 13923 7270 10653 6156 3584 3270 6185 5906 5216 9499 5191 8599 1043 4612 5971 5155 2588 1551 2735 2079 4470 900 1154 2166 1814 6056 4060 2227 725 2045 3025 2628 3041 2033 1990 3144 2330 2015 2424 686 2852 1367 189 2481 751 894 207 2284 4584 1345 488 3239 1411
is_linear=0
shrinkage=0.1


Tree=22
num_leaves=63
num_cat=0
split_feature=12 12 11 7 11 11 12 12 12 11 11 11 10 7 11 10 11 5 11 0 7 5 8 0 11 10 0 11 12 11 1 7 12 3 8 3 11 11 11 11 6 0 7 5 10 9 10 12 12 12 11 11 5 11 11 11 7 1 11 12 12 3
split_gain=511.419 125.274 86.1023 53.2542 35.9795 19.9654 17.0329 16.1735 11.7593 9.59058 9.17005 7.76508 6.80063 5.07012 5.0628 4.94168 4.81036 4.3811 5.49422 4.94848 4.13853 4.08287 4.05521 3.61132 3.66235 3.59112 3.42547 3.41919 3.21695 3.76325 3.08955 3.07764 3.0733 3.07084 3.05578 3.00083 2.85635 2.81523 2.78573 2.41932 2.38862 2.28679 2.19109 2.14604 2.14116 2.07788 1.96801 1.9452 1.93778 1.92605 2.69711 2.29929 1.88788 1.88605 1.82257 1.80651 1.80367 1.77557 1.76361 1.72773 1.72117 1.72073
threshold=1.1449000000000003 4.0263500000000016 2.3595500000000005 -0.77243990499604276 2.4157000000000006 1.5614500000000002 2.5712500000000005 5.7169000000000008 2.6346000000000003 2.9375000000000004 2.0000500000000003 2.9569000000000005 0.27700000000000008 -0.30982845708428081 2.1253000000000006 1.9010000000000005 1.9676500000000001 0.25000000000000017 2.7426000000000008 -7.9999999999999991 0.33222858587828868 0.6830127018922193 26.911000000000005 -5.9999999999999991 2.3043500000000003 0.56100000000000017 -7.9999999999999991 1.9405000000000003 5.9099000000000013 1.5255500000000002 112.00000000000001 -0.59867820553660911 0.28860000000000002 76.500000000000014 27.777000000000008 322.50000000000006 1.9331000000000003 0.93470000000000009 1.6760500000000003 3.3815000000000004 -0.99630266176052629 -7.9999999999999991 0.3484035575467645 -0.9330127018922193 0.21700000000000005 84.53100000000002 3.9130000000000007 5.0816500000000007 6.796450000000001 4.9880500000000003 2.2167500000000007 2.5194000000000005 -0.9330127018922193 2.3091500000000003 2.0000500000000003 1.7324500000000003 -0.099822328936730861 111.00000000000001 2.2547000000000001 0.33590000000000003 0.20750000000000005 100.50000000000001
decision_type=2 2 2 2 2 2 2 2 2 2 2 2 2 2 2 2 2 2 2 2 2 2 2 2 2 2 2 2 2 2 2 2 2 2 2 2 2 2 2 2 2 2 2 2 2 2 2 2 2 2 2 2 2 2 2 2 2 2 2 2 2 2
left_child=2 4 5 12 8 37 11 10 36 31 38 22 28 14 48 42 55 18 26 40 25 -21 -6 24 30 -8 56 -7 29 -3 -14 -4 -33 -17 -13 -22 -2 -1 -5 59 -19 61 53 -24 -44 -38 -23 -40 -9 50 -28 -51 -27 -15 -46 -10 -12 -42 -35 -11 -39 -18
right_child=1 3 9 7 6 27 20 13 16 39 17 34 23 15 -16 33 41 19 -20 21 35 46 43 -25 -26 52 49 -29 -30 -31 -32 32 -34 58 -36 -37 45 60 47 -41 57 -43 44 -45 54 -47 -48 -49 -50 51 -52 -53 -54 -55 -56 -57 -58 -59 -60 -61 -62 -63
leaf_value=-0.042298359319284329 -0.02349974521238244 -0.017322133177783274 -0.022925427130139252 -0.01490242575540893 -0.00064004913180680057 -0.026781579984063511 0.0098942372166258875 0.012858662583023511 -0.029732204992639816 -0.014097710068631548 0.0031285125290581349 0.0049370899482411726 0.00047423798233085367 0.019652086656054651 0.00051059800125907446 0.020440924143210554 0.0067418691417616278 -0.0012468312152971823 -0.0020045955855768818 0.014548031273620025 0.009716305807372181 0.0102290283343082 -0.018702003537926008 0.0043483425079231539 -0.023275768350394646 -0.01061986234125234 0.004615526236425917 -0.020601449686125949 0.010198366044439459 0.0042175639194776682 -0.0067157694717550056 -0.017450388066576363 -0.010810172913865303 0.014112548102394155 -0.0013579174945827174 0.0032486957161823788 -0.015026190248636157 -0.036119951045015301 -0.0024884831516269169 0.0016067981091342266 0.015955545669409318 -0.0016183493735448002 0.030333414201377931 -0.0061954614571411099 0.029288961246043216 -0.008629399850410507 0.002582924516406581 0.0061779178233787625 0.021140881469112912 0.015149828163331963 0.011911247099394624 -0.0001523491393198215 0.0018850678533664071 0.011182954743612332 0.018079861329423023 -0.011085039498351365 0.011234578327453094 0.023271877423572659 0.0058279671775319196 -0.0056976601734104026 -0.029188509888825088 -0.0095638781249954268
leaf_weight=447 231 84 308 91 1758 1414 594 1774 59 282 905 1822 1775 1702 311 424 72 60 407 1595 2513 835 146 1031 83 127 728 2440 1005 2359 901 938 2713 564 1337 1004 996 862 390 407 761 3037 351 2277 194 1036 564 771 336 1515 1667 105 2445 311 575 435 394 588 472 1859 613 640
leaf_count=447 231 84 308 91 1758 1414 594 1774 59 282 905 1822 1775 1702 311 424 72 60 407 1595 2513 835 146 1031 83 127 728 2440 1005 2359 901 938 2713 564 1337 1004 996 862 390 407 761 3037 351 2277 194 1036 564 771 336 1515 1667 105 2445 311 575 435 394 588 472 1859 613 640
internal_value=-2.26512e-11 0.00482577 -0.0181343 0.00948849 -0.000995074 -0.0270208 0.00185647 0.0123483 -0.00714128 -0.010246 0.0100197 -0.00146906 0.00222239 0.0161251 0.0124219 0.0180771 -0.00403643 0.0110181 0.00919315 0.0133894 0.00550893 0.0110896 -0.00429628 -0.000701289 -0.00258827 0.00288612 0.0100508 -0.0228689 0.00543606 0.00347694 -0.00194661 -0.013326 -0.0125161 0.0132721 0.00227282 0.00786999 -0.0129627 -0.0353462 0.00194612 -0.00546057 0.0182762 -0.00281419 0.0203162 -0.00694905 0.0238616 -0.0117648 0.00714654 0.00326672 0.0141775 0.0114949 0.00969359 0.014158 0.0012676 0.0183436 0.0209076 -0.0133121 0.00558717 0.0191446 0.0103381 -0.00680407 -0.0332393 -0.00791498
internal_weight=58440 46157 12283 25628 20529 5776 14023 18390 6506 6507 11376 7340 7238 7014 2421 4593 4243 10124 5721 4403 6683 2994 4181 3790 2759 3166 5314 3854 3448 2443 2676 3959 3651 1460 3159 3517 2263 1922 1252 2548 1409 3749 3133 2423 1120 2032 1399 1161 2110 4015 2395 1620 2572 2013 769 494 1299 1349 1036 2141 1475 712
internal_count=58440 46157 12283 25628 20529 5776 14023 18390 6506 6507 11376 7340 7238 7014 2421 4593 4243 10124 5721 4403 6683 2994 4181 3790 2759 3166 5314 3854 3448 2443 2676 3959 3651 1460 3159 3517 2263 1922 1252 2548 1409 3749 3133 2423 1120 2032 1399 1161 2110 4015 2395 1620 2572 2013 769 494 1299 1349 1036 2141 1475 712
is_linear=0
shrinkage=0.1


Tree=23
num_leaves=63
num_cat=0
split_feature=12 11 12 7 7 11 12 12 11 6 11 11 0 10 5 11 11 0 10 12 11 12 1 11 11 7 3 11 7 3 0 1 12 7 11 10 11 11 11 12 8 0 0 0 3 10 7 0 12 0 6 11 12 0 11 7 10 12 9 3 1 3
split_gain=416.172 120.679 58.0239 32.6772 23.7202 23.0758 16.892 11.0674 9.59055 7.88293 7.12713 7.05063 6.94117 6.51819 5.59198 4.75597 4.3272 4.19002 3.68391 3.62273 3.55606 3.55511 3.54668 3.48755 3.20038 3.34914 3.36827 3.14492 3.13327 3.09591 3.05423 3.62055 4.44469 2.86095 3.45267 3.77505 2.7251 2.60058 2.55497 2.51783 2.44525 2.31522 2.27468 2.24017 2.16347 1.96298 1.99532 1.91817 1.88066 1.8688 1.79906 1.76152 1.74804 1.74757 1.7342 1.72375 1.71061 1.70882 1.70087 1.69527 2.24339 1.61211
threshold=2.2158000000000002 2.3319500000000004 5.0816500000000007 -0.72694848937061807 -0.33426211444629356 1.8287000000000002 0.5797000000000001 3.7501000000000002 3.0983000000000005 -0.38242426011641079 2.6689000000000003 2.1745000000000005 -6.9999999999999991 0.21700000000000005 -0.68301270189221952 1.27885 1.6220500000000002 -5.9999999999999991 1.9410000000000005 3.7801000000000005 3.0983000000000005 0.95315000000000005 106.00000000000001 2.3929000000000005 2.7075500000000003 0.3484035575467645 323.50000000000006 2.0862000000000003 0.41202506375868281 144.50000000000003 -6.9999999999999991 112.00000000000001 6.2917000000000014 0.1318557721318592 2.5023500000000003 0.95100000000000018 2.2271000000000005 3.5954500000000005 2.7659000000000007 0.16620000000000004 27.841000000000005 -7.9999999999999991 -5.9999999999999991 -7.9999999999999991 291.50000000000006 0.13100000000000003 0.18281312110578132 -7.9999999999999991 1.5541000000000003 -5.9999999999999991 0.40614137006726808 1.7120500000000003 1.3748500000000001 -5.9999999999999991 2.6627000000000005 -0.98801846520836312 2.3530000000000006 0.33590000000000003 84.483000000000018 102.50000000000001 112.00000000000001 319.50000000000006
decision_type=2 2 2 2 2 2 2 2 2 2 2 2 2 2 2 2 2 2 2 2 2 2 2 2 2 2 2 2 2 2 2 2 2 2 2 2 2 2 2 2 2 2 2 2 2 2 2 2 2 2 2 2 2 2 2 2 2 2 2 2 2 2
left_child=1 5 3 12 9 15 39 10 14 23 36 51 16 28 52 57 -2 48 -14 55 33 -7 -19 30 25 44 47 29 -6 -11 31 -4 -33 38 50 -36 -5 -10 43 -3 56 -31 -29 -13 -15 -42 -47 -27 -16 -28 -35 -9 -8 -37 -41 -18 -12 -1 -23 -38 -61 -48
right_child=2 6 4 7 13 21 8 11 37 27 40 20 18 24 17 -17 19 22 -20 -21 -22 58 -24 -25 -26 26 49 42 -30 41 -32 32 -34 34 35 53 59 -39 -40 54 45 -43 -44 -45 -46 46 61 -49 -50 -51 -52 -53 -54 -55 -56 -57 -58 -59 -60 60 -62 -63
leaf_value=-0.035734394057297031 -0.026390372059022144 -0.019723108000298844 0.012062087905737711 -0.0069556629189558537 0.017510980226526231 -0.019723856410124155 -0.018354190295591401 -0.027149285130541434 -0.00019241739243710458 0.0089356727812861282 0.011929713228519705 0.0031119148219960866 0.0031011303015788319 0.011830324032516231 -0.005286040104720436 -0.026227894812392821 -0.015580776148798088 0.0027020994090838778 -0.0035554699059326105 -0.0026162214905414037 0.00076824149947931188 -0.017037832703552948 -0.012616108898499826 -0.0036855313374639254 0.0069908316727007192 0.023889883854324327 0.013605141821241111 -0.010920626899590797 0.02712482201386934 -0.0013674619226152129 0.013922079556165876 -0.0028686650372854988 0.012013304075998559 0.0026123110952869805 0.020829692700541635 0.013251387782498203 0.0036866381960830733 0.010427764225258812 -0.0029132464690210828 -0.014542994477812472 0.022192528237606965 0.0050003225896310234 0.0039012057660645586 0.0097921834360767939 -0.0073933236963542497 -0.0029134271929810852 0.0066293024856139346 0.016590202941306406 -0.0011332986171845208 0.00086628820485989185 0.011540214716951595 0.0014026339024210139 -0.0096571338249244344 0.006113272983930074 -0.009400077626105445 -0.007333677656596641 0.0059146224422196693 -0.022392881546556109 -0.0096489349211081807 0.00034076153990700227 -0.0085623481709944157 -0.00022737245916757467
leaf_weight=1018 101 422 1022 564 1660 2529 396 22 2601 1234 637 645 1988 2412 2712 1849 325 178 1429 1997 478 600 1002 172 784 570 519 232 426 866 1724 494 338 518 569 1422 1135 253 218 1082 51 1676 187 2264 60 535 968 977 1824 148 400 1213 555 452 1664 1151 1834 106 648 1714 339 531
leaf_count=1018 101 422 1022 564 1660 2529 396 22 2601 1234 637 645 1988 2412 2712 1849 325 178 1429 1997 478 600 1002 172 784 570 519 232 426 866 1724 494 338 518 569 1422 1135 253 218 1082 51 1676 187 2264 60 535 968 977 1824 148 400 1213 555 452 1664 1151 1834 106 648 1714 339 531
internal_value=-2.07734e-11 -0.0119532 0.00595773 0.00282508 0.0107069 -0.0227561 -0.00620647 0.00525168 -0.00410182 0.00689207 0.00267922 0.0078577 -0.00290524 0.0147182 -0.00617837 -0.0293463 -0.00598624 -0.00499707 0.000317319 -0.00539286 0.00909228 -0.0175687 -0.0103054 0.0102236 0.0129044 0.0138938 0.0167187 0.00391392 0.0194743 0.00482599 0.0108923 0.00807488 0.00317713 0.00970555 0.011731 0.0136958 -0.000548302 0.000749035 0.00752849 -0.0125317 0.00533718 0.00283097 -0.00430563 0.008311 0.0113637 0.00281514 0.00232928 0.0192798 -0.00361615 0.0107785 0.00650247 0.000894017 -0.0132786 0.0115297 -0.0114265 -0.0091496 0.00746525 -0.0344762 -0.0132013 0.000585246 -0.00112936 0.00420042
internal_weight=58440 19439 39001 23500 15501 6750 12689 16509 9521 7945 8308 8201 6991 7556 6667 2973 3574 5716 3417 3473 6966 3777 1180 3750 5470 4686 2214 4195 2086 3776 3578 1854 832 6488 3361 2443 3752 2854 3127 3168 4556 2542 419 2909 2472 2085 2034 1547 4536 667 918 1235 951 1874 2746 1476 2471 1124 1248 3188 2053 1499
internal_count=58440 19439 39001 23500 15501 6750 12689 16509 9521 7945 8308 8201 6991 7556 6667 2973 3574 5716 3417 3473 6966 3777 1180 3750 5470 4686 2214 4195 2086 3776 3578 1854 832 6488 3361 2443 3752 2854 3127 3168 4556 2542 419 2909 2472 2085 2034 1547 4536 667 918 1235 951 1874 2746 1476 2471 1124 1248 3188 2053 1499
is_linear=0
shrinkage=0.1


Tree=24
num_leaves=63
num_cat=0
split_feature=12 11 12 11 7 11 12 11 12 11 12 11 11 10 5 11 12 11 11 12 6 7 8 12 12 0 11 7 9 11 11 11 10 3 7 7 6 0 0 10 6 11 0 0 12 1 12 10 12 11 10 11 0 1 7 0 1 0 9 0 11 7
split_gain=337.945 81.76 59.2928 26.3729 25.5502 19.6752 12.8757 9.4543 8.34543 7.74411 7.01065 6.01054 4.87807 4.5067 4.39423 4.30328 4.18227 3.96873 3.87343 3.79276 3.68312 3.57244 3.30048 3.23298 2.85632 3.61494 2.77503 2.75472 2.68208 2.65786 2.59111 2.4915 2.41082 3.35231 2.40175 3.53726 2.60185 2.36779 2.34285 2.18659 2.13646 2.64557 2.10833 2.09921 2.07074 2.02747 1.99703 1.95598 1.89821 1.83517 1.79647 1.76801 1.89722 1.7533 1.73509 2.23491 2.31304 1.72699 1.69894 1.65542 1.60319 1.58308
threshold=1.8376500000000002 2.4157000000000006 4.6422000000000008 2.2655000000000007 -0.72694848937061807 1.7233000000000003 3.1838500000000005 3.0071000000000008 3.6303500000000004 2.895 6.401650000000001 1.7845000000000002 2.0862000000000003 1.2110000000000003 -0.68301270189221952 1.9124500000000004 0.22810000000000002 1.8675500000000003 2.8503500000000002 0.68485000000000007 0.84313847884979054 -0.34234976856068178 28.021000000000004 0.45755000000000007 6.796450000000001 -7.9999999999999991 2.5691000000000002 0.2499757677084001 84.941000000000017 3.4679000000000006 2.1421000000000006 0.7552000000000002 0.66100000000000014 74.500000000000014 -0.074115882986646633 0.75438814418115718 -0.90893996196865023 -7.9999999999999991 -5.9999999999999991 1.5270000000000004 0.90162119223771331 2.5139 -7.9999999999999991 -6.9999999999999991 0.39155000000000006 113.00000000000001 5.8645000000000005 3.6810000000000009 7.1618500000000012 2.4726000000000004 0.21700000000000005 1.7631500000000002 -7.9999999999999991 111.00000000000001 0.31595530242620651 -6.9999999999999991 111.00000000000001 -7.9999999999999991 82.041000000000011 -6.9999999999999991 3.0611000000000002 0.21652257995689161
decision_type=2 2 2 2 2 2 2 2 2 2 2 2 2 2 2 2 2 2 2 2 2 2 2 2 2 2 2 2 2 2 2 2 2 2 2 2 2 2 2 2 2 2 2 2 2 2 2 2 2 2 2 2 2 2 2 2 2 2 2 2 2 2
left_child=1 5 3 8 13 23 9 19 17 22 11 46 48 24 26 -10 -7 -2 20 -3 34 -21 49 31 25 45 -8 -14 -18 44 -15 -1 -16 57 37 36 47 53 -23 -11 50 -42 -29 -32 -9 -4 -6 58 -12 -5 -22 -50 -53 -13 -41 56 -56 -34 -36 -37 -35 -20
right_child=2 7 4 6 10 16 14 29 15 39 12 18 27 30 32 -17 28 -19 61 21 40 38 -24 -25 -26 -27 -28 42 -30 -31 43 -33 33 60 35 59 -38 -39 -40 54 41 -43 -44 -45 -46 -47 -48 -49 51 -51 -52 52 -54 -55 55 -57 -58 -59 -60 -61 -62 -63
leaf_value=-0.038272419091728099 -0.023110120578253845 -0.011352374239176517 0.0022337398845965382 -0.0036355441467582936 -0.0056321824514479549 -0.021094638151894302 0.0024089061822732383 -0.010949906851235315 -0.0088407474082981431 0.010946642737117065 0.016374110589786314 0.0087614512073892984 0.0025384979257439028 -0.00026199205318740875 0.010897972207323883 0.00025234806949717332 -0.016679870661135767 -0.0078247833053387613 -0.0040048484121345809 -0.012277019215850353 -0.028719799192622304 -0.0032671895179771982 -0.006117565169333144 -0.014991371547943683 0.015640599462283283 0.006141724163355909 -0.011516643353540051 0.022006011770954775 -0.010902113465743685 0.0048048921815077653 -0.032629922112036081 -0.027194637268380284 0.015129078827958437 0.0053905535169899814 0.012346595172769866 0.012518420470398204 0.019705606591660742 0.011800708629172402 -0.010471948361165993 -0.0019116510109825416 0.010332855049248864 -0.0017246968748084119 0.0091422630375327784 -0.0056919780602595303 -0.0021832381989291077 -0.0066933812742829522 0.0052646270643809043 0.0017229440547949213 0.026797122487614178 0.0012805926926372695 0.0021429482481060439 0.024509124519924323 0.0024693128933543215 -0.0011851316676186328 0.0038109316659074468 0.0015137410473437807 0.01389022442290741 0.0079044799169278469 0.019888504943725637 0.0048221366383184739 -0.00084631837109496236 0.0064614607694136661
leaf_weight=225 184 2524 985 1129 270 1268 828 298 633 452 1467 566 354 1241 1341 2927 1991 2211 198 788 20 2309 1379 199 234 3174 173 201 1347 504 45 2079 480 3626 1086 669 1089 2593 561 495 1560 206 348 81 2811 343 446 132 397 2319 331 84 73 258 512 1029 410 1065 412 480 465 535
leaf_count=225 184 2524 985 1129 270 1268 828 298 633 452 1467 566 354 1241 1341 2927 1991 2211 198 788 20 2309 1379 199 234 3174 173 201 1347 504 45 2079 480 3626 1086 669 1089 2593 561 495 1560 206 348 81 2811 343 446 132 397 2319 331 84 73 258 512 1029 410 1065 412 480 465 535
internal_value=-8.09064e-12 -0.0119202 0.00485121 0.00123157 0.00879498 -0.0200837 0.00338048 -0.00599539 -0.004435 0.000470484 0.0111813 0.0100103 0.0155272 0.00340875 0.0061982 -0.00136449 -0.0162056 -0.00899911 0.0106358 -0.00837049 0.0111817 -0.00631301 -0.0019828 -0.0272202 0.00486869 0.0043088 2.19283e-06 0.00941677 -0.0143483 -0.00193149 -0.00164925 -0.0282765 0.00708715 0.00618042 0.0122486 0.0139552 0.015921 0.0103168 -0.00467551 0.00455674 0.0075101 0.00892637 0.0138519 -0.0153127 -0.00302353 -7.19849e-05 0.00115549 0.0133926 0.0182574 -0.000329128 0.000384387 0.0232446 0.0142613 0.00564711 0.00337594 0.00471749 0.00829305 0.010149 0.0144209 0.00930326 0.00468164 0.00363427
internal_weight=58440 16904 41536 21658 19878 7109 15703 9795 5955 7725 13775 10851 2924 6103 7978 3560 4606 2395 10135 6182 9402 3658 4827 2503 4736 4502 1001 903 3338 3613 1367 2304 6977 5636 7285 3868 2719 3417 2870 2898 2117 1766 549 126 3109 1328 716 1630 2021 3448 351 554 157 824 2446 1951 922 1545 1498 1149 4091 733
internal_count=58440 16904 41536 21658 19878 7109 15703 9795 5955 7725 13775 10851 2924 6103 7978 3560 4606 2395 10135 6182 9402 3658 4827 2503 4736 4502 1001 903 3338 3613 1367 2304 6977 5636 7285 3868 2719 3417 2870 2898 2117 1766 549 126 3109 1328 716 1630 2021 3448 351 554 157 824 2446 1951 922 1545 1498 1149 4091 733
is_linear=0
shrinkage=0.1


Tree=25
num_leaves=63
num_cat=0
split_feature=12 12 11 7 7 11 12 12 12 11 11 0 11 0 3 6 11 11 7 0 11 11 10 7 7 7 12 8 10 3 11 7 10 11 11 0 12 7 0 0 9 12 7 5 7 0 10 7 11 11 11 12 8 1 0 11 3 7 11 10 11 7
split_gain=276.022 68.1944 45.8331 26.0191 21.425 10.3222 9.32332 8.44656 8.00173 5.94764 5.64355 4.9945 4.29335 4.03238 3.74505 3.72941 3.53132 3.11152 3.72251 3.36178 3.17008 2.92185 3.0098 2.91941 2.89758 2.78584 3.05071 2.42712 2.31551 2.31336 2.13427 2.106 2.22575 2.08408 2.05173 2.0445 1.98083 1.94164 2.09742 1.93496 1.88212 1.85583 1.81065 1.80703 1.79091 1.8189 1.78499 1.78034 1.76092 1.74211 1.68517 1.62067 1.59573 1.57474 1.56972 1.54499 1.54147 1.51362 1.49452 1.49338 1.52055 1.54233
threshold=1.1449000000000003 4.2853000000000003 2.0516500000000004 -0.77243990499604276 -0.15101602693478741 2.8340500000000004 2.4683000000000006 2.8043 5.9919500000000001 1.7735000000000003 1.3271000000000002 -7.9999999999999991 2.5931000000000002 -7.9999999999999991 192.50000000000003 -0.38242426011641079 2.2271000000000005 2.8503500000000002 -0.11692317777808843 -7.9999999999999991 2.1913000000000005 2.6883500000000002 1.6730000000000003 0.2499757677084001 -0.88620506325989179 -0.89404254237865755 0.20750000000000005 26.931000000000008 8.099000000000002 236.50000000000003 2.4039500000000005 0.097680735332368748 0.53700000000000014 3.3570000000000007 2.0754000000000006 -6.9999999999999991 5.6492500000000012 0.3484035575467645 -6.9999999999999991 -7.9999999999999991 84.733000000000018 0.14390000000000003 0.84658398682345093 -0.68301270189221952 0.21652257995689161 -6.9999999999999991 2.6270000000000007 0.71952396275653763 2.3595500000000005 1.8030000000000002 3.3815000000000004 6.9422500000000005 25.481000000000005 111.00000000000001 -5.9999999999999991 2.1687500000000006 14.500000000000002 -0.99052477729077237 1.3271000000000002 1.4590000000000003 2.4726000000000004 -0.29342786347392819
decision_type=2 2 2 2 2 2 2 2 2 2 2 2 2 2 2 2 2 2 2 2 2 2 2 2 2 2 2 2 2 2 2 2 2 2 2 2 2 2 2 2 2 2 2 2 2 2 2 2 2 2 2 2 2 2 2 2 2 2 2 2 2 2
left_child=2 4 10 14 7 25 12 13 9 43 -1 52 40 -2 39 48 23 18 19 -11 36 42 -23 29 -15 -4 -27 -14 -22 34 35 -18 -33 -29 58 51 -20 -24 53 -3 -6 -12 55 -5 -19 -46 -41 -40 -13 -25 -7 -16 -9 -39 -17 -8 -34 -54 -10 -21 -61 -62
right_child=1 3 5 8 6 50 21 11 16 17 41 15 27 24 30 54 31 44 20 59 28 22 37 49 -26 26 -28 33 -30 -31 -32 32 56 -35 -36 -37 -38 38 47 46 -42 -43 -44 -45 45 -47 -48 -49 -50 -51 -52 -53 57 -55 -56 -57 -58 -59 -60 60 61 -63
leaf_value=-0.027775766274949723 -0.014631564742917448 -0.0038626386676385732 -0.019857941048223225 0.0023037030963777481 -0.01163400575351348 -0.005582258943180176 -0.0077996694619349889 -0.019908417420473792 0.022268031652817884 0.0025659874197307524 -0.023958886420932312 0.0010616285328577269 0.0037286338460920995 -0.010010456808186026 0.0017336377376605842 -0.003021771479895987 0.0015847303143191388 -0.0046559281202665833 -1.8076995508122894e-05 0.0098223526435439502 0.01269122433917233 0.011695134041812008 0.00050156926413396448 0.027064624933293091 -0.0037927234726842676 -0.016373612328255439 -0.0099844273446332149 -0.0023171747516510621 0.0061277083373711509 0.015363381226416598 -0.015198786887642066 0.018775293485888717 0.021981158085278611 0.0040547556279609404 -0.0051528785474084585 0.0075676017325278571 0.010618405803373275 0.0061663796609644382 0.0080191138359297399 0.0027589607271515959 -0.0029464667044887937 -0.018029806460116021 -0.0032044989573241619 -0.011009613376289676 0.011780028843606809 0.0012535799866944895 -0.0038274647924368072 0.0005234807790864967 0.0082514159668568617 0.016686879084142115 0.0012998657311765484 0.017621197677634436 -0.016007755847164878 0.013169042959729977 0.0019947888348090829 0.0040318859214055749 0.0059750077578459154 -0.0047691718334528614 0.0097531533691683492 0.0067138171440943931 -0.015941332141676593 0.0070897754212772409
leaf_weight=1254 652 1047 408 220 419 2828 116 89 103 1292 725 727 1661 1167 1540 2501 359 237 404 2579 3839 869 723 200 2095 931 3788 2484 625 1448 54 245 67 647 87 1458 309 744 530 1852 616 1942 492 190 272 414 529 788 641 846 407 67 135 565 831 2273 590 1067 1297 1038 63 54
leaf_count=1254 652 1047 408 220 419 2828 116 89 103 1292 725 727 1661 1167 1540 2501 359 237 404 2579 3839 869 723 200 2095 931 3788 2484 625 1448 54 245 67 647 87 1458 309 744 530 1852 616 1942 492 190 272 414 529 788 641 846 407 67 135 565 831 2273 590 1067 1297 1038 63 54
internal_value=-1.2628e-11 0.00354528 -0.0133224 0.00734819 -0.000339754 -0.0091395 0.00234168 -0.00383929 0.00943454 0.00796242 -0.022243 -0.00147896 -0.000622764 -0.00745216 0.00200152 3.42938e-05 0.0126742 0.0083983 0.00890128 0.00696271 0.0107833 0.00477461 0.00645097 0.014135 -0.00601715 -0.0119303 -0.0112449 0.000638737 0.0117723 0.0125183 0.0045089 0.00806254 0.0106407 -0.00100046 0.00974791 0.00485611 0.00459156 0.00509062 0.00635361 -0.000279847 -0.00646345 -0.0196416 0.00231972 -0.00386588 0.00283824 0.00542733 0.00129562 0.00353766 0.00443053 0.0186712 -0.00471641 0.00239603 -0.00698807 0.00918892 -0.00177064 0.00345739 0.00760729 -0.00603141 0.0106739 0.00848402 0.00549566 -0.00531159
internal_weight=58440 46157 12283 23325 22832 8362 12927 9905 16778 11536 3921 5991 5827 3914 6547 4700 5242 11126 10203 5026 5177 7100 4219 3981 3262 5127 4719 4792 4464 2935 3119 1261 902 3131 1487 3065 713 3350 2627 3428 1035 2667 2881 410 923 686 2381 1318 1368 1046 3235 1607 1291 1309 3332 2389 657 1202 1400 3734 1155 117
internal_count=58440 46157 12283 23325 22832 8362 12927 9905 16778 11536 3921 5991 5827 3914 6547 4700 5242 11126 10203 5026 5177 7100 4219 3981 3262 5127 4719 4792 4464 2935 3119 1261 902 3131 1487 3065 713 3350 2627 3428 1035 2667 2881 410 923 686 2381 1318 1368 1046 3235 1607 1291 1309 3332 2389 657 1202 1400 3734 1155 117
is_linear=0
shrinkage=0.1


Tree=26
num_leaves=63
num_cat=0
split_feature=12 11 12 7 11 12 7 12 11 11 11 10 0 10 7 11 11 0 1 10 7 11 11 7 11 11 12 10 11 0 3 3 11 0 9 11 7 7 12 8 10 0 12 1 1 11 0 7 11 12 12 7 1 3 11 7 12 1 0 0 11 0
split_gain=224.081 65.7733 33.0014 21.4852 12.6396 9.41565 9.06421 7.92811 7.67944 5.61316 4.9508 4.65713 4.11903 3.68577 3.48898 3.06904 2.96738 2.89086 3.22865 2.83746 3.45467 2.81137 2.78874 2.56395 3.95559 2.51489 2.49433 2.47335 2.37096 2.3669 2.26481 2.84569 2.20419 2.16014 2.07231 1.9689 1.94882 1.94431 1.87567 1.82464 1.80287 1.7418 1.74005 1.72959 1.64276 1.62704 1.62231 1.59988 1.5791 1.56842 1.48086 1.44733 1.4178 1.41645 1.38531 1.36611 1.42883 1.32583 1.30286 1.29159 1.27885 1.26353
threshold=2.2158000000000002 2.3375000000000008 5.4637000000000002 -0.83375966452616657 1.8894000000000002 0.55330000000000013 -0.33426211444629356 3.5735000000000006 2.1203000000000007 3.0983000000000005 2.9864500000000005 0.23100000000000007 -6.9999999999999991 0.23100000000000007 -0.87810534180523914 1.1473500000000001 1.5771500000000003 -5.9999999999999991 106.00000000000001 1.0810000000000002 -0.3744658827978154 2.4786000000000006 2.3876500000000003 0.097680735332368748 2.4558000000000004 3.0983000000000005 4.3367000000000013 2.0210000000000004 2.1476500000000005 -5.9999999999999991 58.500000000000007 26.500000000000004 2.3485 -6.9999999999999991 85.901000000000025 3.6831500000000004 0.41202506375868281 0.3484035575467645 6.6721500000000011 28.283000000000005 2.1110000000000002 -7.9999999999999991 0.39155000000000006 108.00000000000001 106.00000000000001 1.6760500000000003 -6.9999999999999991 -0.6391983530350368 1.8207500000000001 0.14390000000000003 0.15515000000000004 0.74298546529340237 112.00000000000001 58.500000000000007 1.8207500000000001 -0.16799793862756093 1.5541000000000003 113.00000000000001 -5.9999999999999991 -5.9999999999999991 3.0983000000000005 -7.9999999999999991
decision_type=2 2 2 2 2 2 2 2 2 2 2 2 2 2 2 2 2 2 2 2 2 2 2 2 2 2 2 2 2 2 2 2 2 2 2 2 2 2 2 2 2 2 2 2 2 2 2 2 2 2 2 2 2 2 2 2 2 2 2 2 2 2
left_child=1 4 3 12 15 50 11 10 33 14 22 29 16 36 -7 -1 -2 44 -19 23 21 -21 48 41 51 30 -18 -14 57 38 31 -22 52 45 -6 -11 -8 -34 43 -24 53 -10 -36 -4 -16 -9 60 -30 -5 -17 -3 -25 -15 -12 -40 -46 -57 -13 -33 -49 -39 -45
right_child=2 5 6 7 34 9 13 8 19 35 40 28 27 32 17 49 26 18 -20 20 25 -23 39 24 -26 -27 -28 -29 47 -31 -32 58 37 -35 42 -37 -38 46 54 -41 -42 -43 -44 61 55 -47 -48 59 -50 -51 -52 -53 -54 -55 -56 56 -58 -59 -60 -61 -62 -63
leaf_value=-0.026444007621733462 -0.020231150950571791 -0.01546639187088638 0.012346949455918391 -0.029647998260739057 -0.014240075096859454 -0.012618873750284091 0.013730999553132015 -0.016544258193781889 0.0017793676952071913 0.00013737520869620159 0.024152560238343702 0.0056587572879708064 0.0022155998112686291 0.013598940760680626 -0.0087602850270702536 -0.023352585401858243 -0.006858761163196456 0.0037336488576411699 -0.010063734923505922 0.0024310466660277517 0.0047356827050503243 -0.011558387309046729 0.0024469482623478193 0.0053499883443025378 0.015011168429348671 -0.00039412435338572464 -0.0011629162282873271 -0.0035315422695200182 -0.017875665046342807 0.01344583617583737 0.0059727192954816743 0.017825334630548566 0.0011276188717736794 0.004549724633466732 -0.014327047801403498 0.012823021389613132 0.021941119580123142 0.015553500726006557 0.014294351681601257 -0.0023901114607886844 0.0041936521104112287 0.0082148204660034314 -0.006214914989896912 0.0011246716575106167 -0.0059432237107349102 -0.0010532653598864007 0.0054739539768067598 -0.0087733436177519185 -0.0032412631299452797 -0.017770784063179099 -0.0085930487544827409 -0.013670545462620164 0.0089456844166256721 0.0089962792243781457 -0.006385317253214973 -0.0029649566689436651 0.0010942049812737529 0.00021447566616549535 0.0067649099297020319 0.0072576914180783525 -0.0039128254708909503 0.006460973803580787
leaf_weight=827 124 356 348 23 2385 498 1436 71 534 2771 73 1236 1944 1533 422 710 1826 199 1148 802 413 175 3434 307 1120 504 1328 1218 82 709 4235 491 432 831 409 128 362 384 435 1009 1402 1980 748 660 813 1505 515 108 1469 1730 2623 46 1143 397 35 2268 1404 701 136 94 37 1354
leaf_count=827 124 356 348 23 2385 498 1436 71 534 2771 73 1236 1944 1533 422 710 1826 199 1148 802 413 175 3434 307 1120 504 1328 1218 82 709 4235 491 432 831 409 128 362 384 435 1009 1402 1980 748 660 813 1505 515 108 1469 1730 2623 46 1143 397 35 2268 1404 701 136 94 37 1354
internal_value=-1.39201e-11 -0.00877098 0.00437166 0.00247853 -0.0166932 -0.00449999 0.00884133 0.0040309 0.00552955 -0.00298304 0.0015066 0.00602713 -0.0025732 0.011617 -0.00456329 -0.0211794 -0.00505708 -0.00392183 -0.00802537 0.00667342 0.00542494 -7.47373e-05 9.23131e-05 0.00878897 0.0121019 0.00635472 -0.00446051 1.80504e-06 0.0024374 0.00827869 0.00699954 0.0111809 0.00994216 0.000424185 -0.0125554 0.000697487 0.015384 0.00667689 0.00698508 0.00134846 0.00599047 0.00684786 -0.00908256 0.00583708 -0.00279538 -0.00175115 0.00923809 -0.00609543 -0.00364834 -0.019395 -0.00941444 0.00287139 0.0116114 0.0113503 0.0127544 -0.00223414 -0.00141292 0.00368847 0.0154263 -0.00131336 0.0138427 0.00471224
internal_weight=58440 19439 39001 27397 6809 12630 11604 20957 13150 9651 7807 5762 6440 5842 6752 3267 3278 6254 1347 10743 6756 977 5935 3987 1473 5779 3154 3162 2221 3541 5275 1040 4044 2407 3542 2899 1798 1368 2832 4443 1872 2514 1157 2362 4907 1576 936 284 1492 2440 2979 353 2676 470 470 4485 3672 1937 627 202 421 2014
internal_count=58440 19439 39001 27397 6809 12630 11604 20957 13150 9651 7807 5762 6440 5842 6752 3267 3278 6254 1347 10743 6756 977 5935 3987 1473 5779 3154 3162 2221 3541 5275 1040 4044 2407 3542 2899 1798 1368 2832 4443 1872 2514 1157 2362 4907 1576 936 284 1492 2440 2979 353 2676 470 470 4485 3672 1937 627 202 421 2014
is_linear=0
shrinkage=0.1


Tree=27
num_leaves=63
num_cat=0
split_feature=12 12 11 7 7 12 11 10 11 11 12 10 7 11 3 8 8 11 0 1 11 0 10 3 1 3 12 11 0 12 1 0 9 3 7 12 11 0 7 1 1 12 7 0 9 11 11 1 3 6 1 8 11 10 0 1 11 0 8 11 11 11
split_gain=182.85 45.6509 30.3618 16.478 14.8663 9.09585 8.38729 6.27825 5.59062 4.95223 4.40923 4.28846 3.66577 3.60882 2.91783 2.83036 2.61225 2.58034 2.47276 2.975 2.44968 2.36762 2.27927 2.78977 2.23421 2.35116 2.19918 2.03361 1.95319 1.93589 1.82734 2.21123 1.81516 1.77495 1.9595 1.77229 1.68043 1.67511 3.07363 2.08085 1.63778 1.54907 1.48981 1.45711 1.431 1.41929 1.39492 1.42156 1.36478 1.3521 1.69281 1.34704 1.32585 1.29845 1.29255 1.4731 1.29089 1.23059 1.22117 1.20985 1.20142 1.17508
threshold=1.1449000000000003 4.5471500000000011 2.4493000000000005 -0.77243990499604276 -0.30982845708428081 2.9665000000000004 1.5614500000000002 0.051000000000000011 3.0071000000000008 2.3538000000000001 2.8671500000000005 2.8570000000000007 -0.93543596745397617 2.4267500000000006 78.500000000000014 27.961000000000009 27.061000000000007 2.9375000000000004 -5.9999999999999991 111.00000000000001 3.1645000000000008 -7.9999999999999991 0.49500000000000011 74.500000000000014 112.00000000000001 297.50000000000006 0.14390000000000003 2.4663500000000007 -7.9999999999999991 6.796450000000001 112.00000000000001 -6.9999999999999991 82.30100000000003 322.50000000000006 0.3484035575467645 5.7927500000000007 1.9611500000000002 -7.9999999999999991 0.5475998096715059 111.00000000000001 110.00000000000001 0.33590000000000003 -0.59867820553660911 -7.9999999999999991 69.361000000000004 1.27885 2.0639000000000007 113.00000000000001 192.50000000000003 -0.66528616069191593 112.00000000000001 26.787000000000006 0.7552000000000002 0.011000000000000001 -6.9999999999999991 106.00000000000001 1.6501000000000001 -5.9999999999999991 29.011000000000006 3.1506000000000003 3.5954500000000005 1.9331000000000003
decision_type=2 2 2 2 2 2 2 2 2 2 2 2 2 2 2 2 2 2 2 2 2 2 2 2 2 2 2 2 2 2 2 2 2 2 2 2 2 2 2 2 2 2 2 2 2 2 2 2 2 2 2 2 2 2 2 2 2 2 2 2 2 2
left_child=2 3 6 10 7 8 41 29 15 36 28 20 46 18 32 27 -10 42 19 -14 24 56 -11 54 25 35 -8 43 -2 30 -3 -32 -13 34 53 -6 -7 38 -18 -40 -23 52 -4 -5 -39 -21 47 -9 -30 50 59 -28 -1 -26 -24 -56 -12 -55 -20 -25 -19 -27
right_child=1 4 17 5 11 9 26 12 16 22 21 14 13 -15 -16 -17 37 60 58 45 -22 40 23 49 33 61 51 -29 48 -31 31 -33 -34 -35 -36 -37 -38 44 39 -41 -42 -43 -44 -45 -46 -47 -48 -49 -50 -51 -52 -53 -54 57 55 -57 -58 -59 -60 -61 -62 -63
leaf_value=-0.029597671993818332 -0.015135623950827621 0.0087609849422377022 -0.015905958924423716 -0.011608786111444121 0.0087576226293701147 -0.011125252406745063 -0.01799572655938109 0.0010053509805406056 0.0072360495583428958 0.009384366200895923 -0.026931301120202991 0.0144547980896124 0.0054341775101478104 -0.0062025696686840021 0.0038447883963085719 -0.0056145775359061362 -0.008431511956575273 -0.0036518127729543641 0.0088988541676359931 0.014805605544918969 -0.0022524966287568934 0.00068286145704324688 0.010002983325852567 0.0073067051799470296 0.012682890318041894 0.027220624497567771 -0.0089461258899857614 0.00026181105349360633 -0.0086927903080057326 0.015027575355414583 0.00046725923635744526 0.0081788791702250251 0.0061256336960278917 0.001172074950503159 0.01402284727994897 0.013718581988554411 0.00029324371276870544 0.024280450970906281 0.0047942640725523239 0.019280981963136781 -0.0041545960533194079 -0.013383906606317084 -0.0069629878224756574 -0.0028445442383779789 -0.00081942399291753303 -0.0005766814558634774 -0.010783812064739764 -0.0056007697235022202 -0.0021353585182167837 0.0013891091797053113 -0.0011452180938670033 -0.013332399810460638 -0.021125912049978549 0.0041344112993280842 0.015938721224190478 0.0027944258351010102 -0.0064660868478263224 0.011080694201673676 0.0017117124614456779 -0.002036573847551874 0.0090324467054096521 0.015566493152400489
leaf_weight=211 358 1796 198 226 1569 137 799 1128 912 993 32 534 2016 364 1977 1889 122 2471 1224 62 144 1733 986 1385 397 96 942 3433 1220 298 805 691 513 281 698 1331 2176 23 309 146 1174 227 3147 1181 1828 1844 157 458 429 2546 372 2727 1484 893 98 656 837 357 293 154 77 876
leaf_count=211 358 1796 198 226 1569 137 799 1128 912 993 32 534 2016 364 1977 1889 122 2471 1224 62 144 1733 986 1385 397 96 942 3433 1220 298 805 691 513 281 698 1331 2176 23 309 146 1174 227 3147 1181 1828 1844 157 458 429 2546 372 2727 1484 893 98 656 837 357 293 154 77 876
internal_value=-5.3083e-12 0.00288553 -0.0108432 3.69613e-05 0.00635758 0.0014227 -0.0156177 0.00386695 -0.000671616 0.00364174 -0.00465292 0.00922697 0.00222922 0.00343716 0.00610531 -0.00233172 0.00267294 -0.00566605 0.00408229 0.00275621 0.0106482 -0.00263983 0.00493652 0.0042238 0.0109341 0.0124611 -0.0132416 -0.00105045 -0.00844037 0.00730939 0.00661072 0.00402924 0.0103737 0.0086825 0.00958247 0.0110345 -0.000383079 0.000958958 0.00566344 0.00944275 -0.00127076 -0.0211416 -0.00749235 -0.0042523 -0.00050754 -7.63133e-05 -0.00179241 -0.000902343 -0.00698682 0.00289809 0.00490849 -0.0122062 -0.0221805 0.00770063 0.00761959 0.00450284 -0.0072197 0.00611827 0.0075107 0.00637177 -0.0032685 0.0167175
internal_weight=58440 46157 12283 25355 20802 19572 6390 11136 10069 9503 5783 9666 7546 5803 3024 6729 3340 5893 5439 3922 6642 3776 7190 6197 6498 3872 4468 4840 2007 3590 3292 1496 1047 2626 2345 2900 2313 2428 577 455 2907 1922 3345 1407 1851 1906 1743 1586 1649 4457 1911 3669 1695 1647 1740 754 869 1250 1517 1539 2548 972
internal_count=58440 46157 12283 25355 20802 19572 6390 11136 10069 9503 5783 9666 7546 5803 3024 6729 3340 5893 5439 3922 6642 3776 7190 6197 6498 3872 4468 4840 2007 3590 3292 1496 1047 2626 2345 2900 2313 2428 577 455 2907 1922 3345 1407 1851 1906 1743 1586 1649 4457 1911 3669 1695 1647 1740 754 869 1250 1517 1539 2548 972
is_linear=0
shrinkage=0.1


Tree=28
num_leaves=63
num_cat=0
split_feature=12 11 12 11 7 11 12 12 11 11 11 12 11 11 11 6 12 7 7 10 11 3 6 11 11 0 1 11 1 12 5 3 8 10 11 11 7 10 7 10 12 0 8 5 3 11 12 1 10 9 8 11 0 12 8 3 0 0 10 3 6 10
split_gain=148.815 37.743 25.7786 12.9984 11.0422 10.0583 6.97849 5.31857 4.05514 3.90335 3.83959 3.37421 3.42684 3.28947 3.15437 2.61772 2.55638 2.7487 2.54451 3.46249 2.65915 2.15988 2.14395 2.12598 2.12538 2.11924 2.10207 1.98989 1.92016 1.9033 1.80055 1.78565 1.75462 1.64648 1.61314 1.8424 2.56407 1.60934 1.90998 1.60023 1.55285 1.45466 1.57939 1.4517 1.42692 1.42491 1.38623 1.38337 1.36585 1.35076 1.34162 1.30773 1.30394 1.29111 1.2432 1.22888 1.3259 1.20278 1.31989 1.14655 1.1295 1.11157
threshold=1.9033000000000002 2.4726000000000004 4.9251500000000012 2.2271000000000005 -0.80417042486635371 1.8750000000000002 3.3015500000000002 3.6303500000000004 2.8424500000000004 3.2427500000000005 2.1476500000000005 6.5694000000000008 1.9539500000000001 1.7535500000000004 1.8030000000000002 -0.75015329512557205 0.68485000000000007 -0.36648370705903521 -0.33426211444629356 1.7110000000000005 2.5995500000000002 298.50000000000006 -0.35041564478062465 2.6118000000000001 1.0590000000000002 -5.9999999999999991 106.00000000000001 1.6760500000000003 108.00000000000001 0.55330000000000013 0.25000000000000017 58.500000000000007 27.767000000000007 1.9810000000000005 3.1645000000000008 2.5746000000000007 0.91511078773075516 0.80100000000000027 0.33222858587828868 3.2610000000000006 7.7621000000000011 -7.9999999999999991 28.891000000000009 -0.5 22.500000000000004 3.5954500000000005 0.12010000000000001 111.00000000000001 0.49500000000000011 84.941000000000017 27.841000000000005 2.6816500000000008 -5.9999999999999991 5.9367500000000009 27.549000000000007 102.50000000000001 -7.9999999999999991 -7.9999999999999991 5.4110000000000014 323.50000000000006 0.22700754078277605 0.21700000000000005
decision_type=2 2 2 2 2 2 2 2 2 2 2 2 2 2 2 2 2 2 2 2 2 2 2 2 2 2 2 2 2 2 2 2 2 2 2 2 2 2 2 2 2 2 2 2 2 2 2 2 2 2 2 2 2 2 2 2 2 2 2 2 2 2
left_child=1 5 3 7 10 24 8 27 32 16 22 13 40 43 -9 21 -3 -18 19 28 -21 23 -4 -15 -1 -19 -27 -2 -8 -7 -14 44 55 -10 35 36 -20 -37 -39 -12 -13 -23 61 53 60 50 -26 -16 -32 -31 -35 -33 59 -6 -36 -5 -57 -24 -59 -40 -17 -43
right_child=2 9 4 6 11 29 18 14 33 -11 39 12 30 15 47 31 17 25 34 20 -22 41 57 -25 46 26 -28 -29 -30 49 48 51 -34 45 54 37 -38 38 52 -41 -42 42 -44 -45 -46 -47 -48 -49 -50 -51 -52 -53 -54 -55 -56 56 -58 58 -60 -61 -62 -63
leaf_value=-0.022396244934628232 -0.029925040348206422 -0.0068849630128547824 0.0058288130286926094 0.0028016481762672494 -0.0016644427592267812 -0.011937985216441294 0.0089329126016680343 -0.0088722858118757981 0.0076788054186869674 0.00073925507969490472 -0.0080771554009212813 0.013045725307461682 -0.00066902070321879395 0.0090647358048390921 0.0014073237697040091 0.0096600534152245475 -0.0086880823535128594 -0.00097681971022156719 0.0050025469292220362 -0.00075177697419797956 -0.015490198051878091 0.021433940381038845 -0.0020854711879457915 0.0013697397275442692 -0.02034952122524834 0.0050403326857529247 -0.008561531688760558 -0.0065155024412958387 0.0018211234776280586 -0.010014081756735385 0.015558345017780084 0.0056335890584823098 -0.0037371775106807888 0.0036478933005333275 0.0082315339915383472 0.012160923114228506 -0.0059416498802555848 0.0023883185172408243 0.011343813480256594 -0.032952475794140366 0.024607065441746883 0.020957680821821496 0.016724058508773988 -0.0058578026993226888 0.014036634564930085 0.012264187391890696 -0.014705357335965265 -0.0024649397958021488 0.0056945275804759507 -0.0050951374175077294 -0.0010595314290559839 -0.00047716043467366221 0.00343797194905814 0.0069263634949459606 -0.002348204665274049 -0.0066986761646289847 -0.00012071250999244239 0.0028472844659114052 -0.012232672132086009 0.0053592539925875335 -0.0030269008535686714 0.0019532859977780042
leaf_weight=643 37 2852 1285 1121 294 2370 628 433 666 1739 156 1363 268 3585 2732 197 754 3327 2404 786 145 205 913 399 559 134 747 1951 960 1292 216 3777 1848 1365 151 619 235 797 1080 31 127 37 254 218 439 131 1964 1393 401 983 1088 386 448 432 420 374 1696 1778 60 455 109 183
leaf_count=643 37 2852 1285 1121 294 2370 628 433 666 1739 156 1363 268 3585 2732 197 754 3327 2404 786 145 205 913 399 559 134 747 1951 960 1292 216 3777 1848 1365 151 619 235 797 1080 31 127 37 254 218 439 131 1964 1393 401 983 1088 386 448 432 420 374 1696 1778 60 455 109 183
internal_value=-1.17275e-11 -0.00776136 0.00328095 0.00116392 0.00624539 -0.0129173 0.00259174 -0.00263512 0.000491206 -0.0035456 0.00180747 0.00769934 0.0111037 0.00693041 -0.000752644 0.00748589 -0.00449919 -0.00312792 0.00449921 0.00179483 -0.00304723 0.00918258 0.00245652 0.00829408 -0.0172639 -0.00213164 -0.00649269 -0.00695119 0.00463359 -0.00995473 0.00617493 0.00587389 -0.00128511 0.00324532 0.00552998 0.00601042 0.00402798 0.0075496 0.00652283 -0.0122009 0.0140312 0.0143958 0.0113519 0.00129856 0.0103828 0.00210264 -0.0159559 9.96721e-05 0.00914766 -0.00788867 0.00155997 0.00506699 0.00818456 0.00344744 0.00044959 0.000134947 -0.00130919 0.000881307 0.00235501 0.00956989 0.00514084 0.00514948
internal_weight=58440 17364 41076 23963 17113 7811 17417 6546 8289 9553 4223 12890 2375 10515 4558 9571 7814 4962 9128 2519 931 4663 4036 3984 3166 4208 881 1988 1588 4645 885 4908 5039 3250 6609 6038 2639 3399 2780 187 1490 679 474 944 745 2584 2523 4125 617 2275 2453 4163 1983 726 571 3191 2070 2751 1838 1535 306 220
internal_count=58440 17364 41076 23963 17113 7811 17417 6546 8289 9553 4223 12890 2375 10515 4558 9571 7814 4962 9128 2519 931 4663 4036 3984 3166 4208 881 1988 1588 4645 885 4908 5039 3250 6609 6038 2639 3399 2780 187 1490 679 474 944 745 2584 2523 4125 617 2275 2453 4163 1983 726 571 3191 2070 2751 1838 1535 306 220
is_linear=0
shrinkage=0.1


Tree=29
num_leaves=63
num_cat=0
split_feature=12 12 11 7 11 11 12 11 10 7 0 12 5 11 7 10 12 11 8 11 0 1 0 1 7 0 1 7 12 11 9 8 0 10 8 1 11 10 7 0 1 0 1 11 7 12 0 11 7 9 7 10 1 12 1 12 1 3 12 11 11 6
split_gain=121.406 27.9921 21.6284 11.9723 11.7775 5.94586 5.36398 3.81603 3.67854 3.36587 4.12658 3.35251 2.85086 2.84747 2.53342 2.4857 2.41742 2.35128 2.17771 2.09407 2.32047 2.44384 1.93064 1.94832 1.89765 2.23432 3.1388 1.87455 2.0714 1.86705 1.82287 1.78426 1.7398 1.65379 1.64481 1.86353 1.5907 1.58818 1.52118 1.50269 1.72579 1.4542 2.3014 1.44909 1.43037 1.46211 1.36684 1.3553 1.31795 1.24413 1.19506 1.17329 1.23943 1.15375 1.18366 1.14464 1.14413 1.10415 1.10392 1.36349 1.09209 1.06975
threshold=1.3062000000000002 4.3367000000000013 1.9940500000000003 -0.72694848937061807 2.3043500000000003 2.5995500000000002 2.9043500000000004 3.0283500000000001 0.21700000000000005 0.21652257995689161 -7.9999999999999991 3.4300500000000005 0.6830127018922193 2.6317000000000008 0.16587474750015932 0.051000000000000011 0.33590000000000003 1.8675500000000003 26.861000000000008 2.4210000000000007 -5.9999999999999991 113.00000000000001 -5.9999999999999991 108.00000000000001 0.33222858587828868 -5.9999999999999991 106.00000000000001 -0.33426211444629356 0.26270000000000004 1.3271000000000002 77.373000000000033 27.021000000000004 -7.9999999999999991 0.0050000000000000001 29.331000000000007 107.00000000000001 2.7803000000000004 0.63700000000000012 0.84658398682345093 -5.9999999999999991 112.00000000000001 -7.9999999999999991 111.00000000000001 2.5871000000000008 -0.94137724084408114 0.13210000000000002 -7.9999999999999991 1.9676500000000001 -0.99052477729077237 80.619000000000014 0.5475998096715059 5.671000000000002 107.00000000000001 6.2252500000000008 112.00000000000001 6.401650000000001 110.00000000000001 122.50000000000001 5.8182000000000009 1.4855000000000003 3.5954500000000005 0.97508442350096236
decision_type=2 2 2 2 2 2 2 2 2 2 2 2 2 2 2 2 2 2 2 2 2 2 2 2 2 2 2 2 2 2 2 2 2 2 2 2 2 2 2 2 2 2 2 2 2 2 2 2 2 2 2 2 2 2 2 2 2 2 2 2 2 2
left_child=2 4 16 15 11 44 7 18 14 13 49 17 34 30 22 53 29 -2 -6 20 21 -17 23 -5 32 36 -27 -7 -29 -1 -10 -9 -8 -25 35 -12 38 -34 -26 40 -32 42 50 -28 -4 -46 -16 -13 -19 -11 -33 52 -14 54 -3 57 -39 -35 59 -23 -30 -58
right_child=1 3 5 8 6 27 24 31 9 10 12 47 51 -15 46 19 -18 48 -20 -21 -22 58 -24 33 25 26 43 28 60 -31 39 41 37 55 -36 -37 -38 56 -40 -41 -42 -43 -44 -45 45 -47 -48 -49 -50 -51 -52 -53 -54 -55 -56 -57 61 -59 -60 -61 -62 -63
leaf_value=-0.019414674027695727 -0.016350890850522916 0.0055099027210815292 -0.014142724020826862 0.011279151240256257 0.00053794339872956427 -0.011555289342256367 -0.0022952522639325995 0.0072156132246917332 0.0084841857749350363 0.014277857419227056 0.014750497462571602 -0.0059784268374399596 0.010901655273545268 -0.0030487558643991809 0.017892582666087103 0.0008716992238521267 -0.010095580987921512 -0.011187367772357732 -0.0032962637806844483 -0.014530320373433893 0.004168218801335828 -0.019380167328615375 0.011753976881126452 0.0081457637648917752 0.006308040981991273 0.01645780485646077 -0.021007703739877155 -0.0091933637336408889 -0.0029045665791150414 -0.014185042426869264 0.0041846930793334684 -0.0094040919136098751 0.0066561315902285301 -0.012634869965862622 0.018808989464442302 0.0055272106043307958 0.0086454280041196197 0.0032462448035443163 -0.0007239888932886779 0.0066516820692839405 -0.0008017483140619207 -0.00021149497662295544 0.016557715352375876 -0.0015134416934217054 -0.014055353082247058 -0.0074532223078224479 0.010366005365836192 -0.00054451627953134435 -0.0046732445979664056 0.0089084084844216708 0.0047426167718411421 -0.0021986044128975849 0.0024812216707792698 0.0086398753060813235 -2.3378181094278047e-05 0.0079051475648691753 -0.0034245914087300041 0.0020366694013375765 -0.00048358206216796346 -0.0056776684114165218 0.0073128974850716014 0.0038636315016160488
leaf_weight=1135 221 896 441 650 2495 293 821 676 945 762 271 570 210 551 379 2633 816 362 3646 93 1340 84 862 1046 873 98 41 543 4683 1713 2007 77 823 54 136 1143 1397 1571 475 1186 1061 1551 146 545 373 3331 664 2357 2187 995 266 423 1043 499 680 347 649 1024 346 536 107 292
leaf_count=1135 221 896 441 650 2495 293 821 676 945 762 271 570 210 551 379 2633 816 362 3646 93 1340 84 862 1046 873 98 41 543 4683 1713 2007 77 823 54 136 1143 1397 1571 475 1186 1061 1551 146 545 373 3331 664 2357 2187 995 266 423 1043 499 680 347 649 1024 346 536 107 292
internal_value=-6.42381e-12 0.00249031 -0.00834211 0.00494429 -4.42589e-05 -0.00588513 0.00131341 -0.000358071 0.00648093 0.00543543 0.00733772 -0.00396259 0.00521397 0.00378689 0.00871359 0.00153694 -0.0148943 -0.00645623 -0.00173848 0.000336008 0.000615937 -0.000706668 0.0075647 0.00640765 0.00326519 0.00500654 -0.00010713 -0.00376774 -0.00333988 -0.0162692 0.00451134 0.0027631 0.00182846 0.00512619 0.00830517 0.0072949 0.00628076 0.00284362 0.00383014 0.0036288 0.00246024 0.00128766 0.00604263 -0.00287737 -0.00875905 -0.00811807 0.013101 -0.00160271 -0.00559836 0.0112371 0.00156683 0.00235516 0.00389247 0.00444929 0.00312245 0.00290972 0.00159453 0.00130173 -0.00500878 -0.00753414 -0.00267633 -0.001163
internal_weight=58440 45005 13435 22866 22139 9771 16442 8857 15759 10733 4983 5697 3226 5750 5026 7107 3664 2770 6141 5032 4939 3599 3983 3121 7585 3429 684 5626 5333 2848 5199 2716 4156 2471 1550 1414 2745 3335 1348 4254 3068 2040 489 586 4145 3704 1043 2927 2549 1757 343 1676 1253 2075 1576 1425 2512 1078 966 620 4790 941
internal_count=58440 45005 13435 22866 22139 9771 16442 8857 15759 10733 4983 5697 3226 5750 5026 7107 3664 2770 6141 5032 4939 3599 3983 3121 7585 3429 684 5626 5333 2848 5199 2716 4156 2471 1550 1414 2745 3335 1348 4254 3068 2040 489 586 4145 3704 1043 2927 2549 1757 343 1676 1253 2075 1576 1425 2512 1078 966 620 4790 941
is_linear=0
shrinkage=0.1


Tree=30
num_leaves=63
num_cat=0
split_feature=12 11 12 7 11 7 11 12 12 11 11 3 8 7 9 5 12 12 6 1 11 5 3 8 11 11 5 3 11 11 12 3 0 3 10 6 10 0 0 10 3 12 7 11 7 3 0 1 9 7 3 1 11 6 7 11 9 11 6 8 6 1
split_gain=99.4192 29.4062 15.8948 10.3819 8.49513 4.19073 4.11157 4.43942 3.24717 3.22717 2.88606 2.86742 2.5805 2.39354 2.37417 2.23829 2.01236 1.90824 1.88301 2.22812 1.84263 1.83925 1.81614 1.71471 1.67713 1.86584 2.22474 1.63572 1.55592 1.536 1.52366 1.47355 1.4589 1.43174 1.8333 1.3972 1.32071 1.31078 1.28994 1.28275 1.40805 1.27803 1.24671 1.23003 1.23767 1.16698 1.59178 2.07652 1.24367 1.15659 1.12542 1.10781 1.09374 1.23489 1.22717 1.11003 1.16131 1.08964 1.06608 1.06492 1.12898 1.0524
threshold=2.2158000000000002 2.5376500000000006 5.4637000000000002 -0.83375966452616657 1.9331000000000003 -0.80417042486635371 2.0579000000000005 4.1293000000000015 1.4145500000000002 1.9871000000000003 1.6079000000000001 70.500000000000014 28.031000000000006 -0.98521978256641018 83.03700000000002 -0.68301270189221952 0.37260000000000004 7.1618500000000012 -0.66528616069191593 113.00000000000001 1.6760500000000003 -0.24999999999999994 184.50000000000003 26.701000000000004 2.9293 2.3648500000000006 -0.68301270189221952 281.50000000000006 0.7552000000000002 2.4493000000000005 0.17555000000000001 220.50000000000003 -6.9999999999999991 268.50000000000006 1.3170000000000004 -0.96689237009891416 3.1090000000000004 -7.9999999999999991 -5.9999999999999991 3.0030000000000006 78.500000000000014 4.3609000000000009 0.097680735332368748 2.5568500000000003 0.73136292505298039 74.500000000000014 -7.9999999999999991 114.00000000000001 83.161000000000016 0.063390085881955341 74.500000000000014 113.00000000000001 2.3595500000000005 -0.99866806308218525 -0.30982845708428081 2.0190000000000006 76.329000000000022 2.3821000000000008 0.19337368024598436 28.555000000000007 -0.49813634056773481 106.00000000000001
decision_type=2 2 2 2 2 2 2 2 2 2 2 2 2 2 2 2 2 2 2 2 2 2 2 2 2 2 2 2 2 2 2 2 2 2 2 2 2 2 2 2 2 2 2 2 2 2 2 2 2 2 2 2 2 2 2 2 2 2 2 2 2 2
left_child=1 4 3 10 28 9 20 11 15 32 -2 58 17 22 52 -3 -17 33 19 29 31 -22 -12 -6 25 27 -27 61 -1 37 -30 -5 -4 45 -35 -31 -11 -13 41 42 -41 -15 -28 44 -44 48 47 -47 -7 -48 -10 -45 54 -54 55 -14 -57 -43 -8 -20 -61 -9
right_child=2 8 5 6 23 12 7 24 50 36 13 18 14 38 -16 16 -18 -19 59 -21 21 -23 -24 -25 -26 26 39 -29 30 35 -32 -33 -34 34 -36 -37 -38 -39 -40 40 -42 57 43 51 -46 46 49 -49 -50 -51 -52 -53 53 -55 -56 56 -58 -59 -60 60 -62 -63
leaf_value=-0.021836483195983691 -0.014579890999733057 -0.013119779698050567 0.0013530574467350218 -0.0067084536869034947 -0.0050814365357740102 0.015941492773985808 -4.8481701077072636e-05 0.0093084908800469095 0.0025049341630048443 -0.0069418266795727677 -0.0073021084288969257 -0.010028111992173024 0.0054303002851242036 -0.0029506217775983404 -0.0029417346044799983 -0.0068656406720582694 -0.0022944625807614668 0.015239886832197146 0.00049563913737357159 -0.0050305154488659715 0.00019756882089939175 -0.0088858097349965148 -0.00077509178105984353 -0.0087868949978668395 0.00010275876178769133 -0.0067911204532720149 0.005624258389611351 -0.0041538569750986156 -0.015973125770270668 0.001416043058747516 -0.011545246900517326 -0.035068580900718065 0.0063248537417024383 0.01407672596872591 0.0050683708073809113 0.0066230425850048059 -0.031004196226044941 0.0014683056219559438 0.0027227297094394708 0.0085966347110947652 0.0025199192687315295 0.0012611852958337747 0.0094347958488319224 0.014406088594814832 -0.00089328430226035666 0.0052005239760171372 0.0090761895898678179 -0.0068585554106605495 0.0039276473422160769 -0.0026660877601060434 -0.0011251985453382502 0.0049627693004052472 -0.016664059694026477 0.0036325457744053207 0.0082335239928696194 0.0088075046044062168 -0.0094749735924628906 -0.022239446360617879 0.0057222559051208887 -0.012368765556628046 -0.0019205345176130863 0.0035254370384383456
leaf_weight=228 175 233 1418 53 1854 268 379 356 1356 147 1058 117 852 1955 324 1182 5199 405 3938 332 1563 260 714 3826 671 118 893 254 1283 775 1971 28 1011 721 329 1538 27 651 1057 633 959 1461 501 723 151 1061 1459 165 127 89 2307 150 31 908 2102 51 109 20 2061 115 1027 2711
leaf_count=228 175 233 1418 53 1854 268 379 356 1356 147 1058 117 852 1955 324 1182 5199 405 3938 332 1563 260 714 3826 671 118 893 254 1283 775 1971 28 1011 721 329 1538 27 651 1057 633 959 1461 501 723 151 1061 1459 165 127 89 2307 150 31 908 2102 51 109 20 2061 115 1027 2711
internal_value=-9.88399e-12 -0.00584226 0.00291192 0.00159808 -0.00996153 0.00601388 0.00267719 0.00311997 -0.00216991 0.00248002 -0.00191355 0.00180448 0.00703584 -0.00155974 0.00529553 -0.00349274 -0.00314122 0.00868319 0.000936436 0.00275304 -0.00175367 -0.00109792 -0.00467215 -0.0075774 0.00489119 0.00532253 0.00674209 0.00355803 -0.0138506 0.00359177 -0.0132911 -0.016512 0.00342242 0.00805378 0.0112541 0.00487837 -0.0106756 -0.000283102 -0.000332236 0.00714032 0.0049361 -0.00127202 0.00859157 0.0103292 0.00704286 0.00699341 0.00626928 0.00357756 0.0120788 0.00840108 0.000218634 0.0127835 0.00595402 0.00296248 0.0068561 0.00399509 -0.00364743 0.000943824 0.0048259 -0.000284049 -0.00297268 0.0041967
internal_weight=58440 19439 39001 27397 9162 11604 20957 19053 10277 2603 6440 10933 9001 6265 4377 6614 6381 4624 8493 3413 1904 1823 1772 5680 8120 7449 4128 3321 3482 3081 3254 81 2429 4219 1050 2313 174 768 4493 4010 1592 3436 2418 1525 652 3169 2774 1226 395 1548 3663 873 4053 939 3114 1012 160 1481 2440 5080 1142 3067
internal_count=58440 19439 39001 27397 9162 11604 20957 19053 10277 2603 6440 10933 9001 6265 4377 6614 6381 4624 8493 3413 1904 1823 1772 5680 8120 7449 4128 3321 3482 3081 3254 81 2429 4219 1050 2313 174 768 4493 4010 1592 3436 2418 1525 652 3169 2774 1226 395 1548 3663 873 4053 939 3114 1012 160 1481 2440 5080 1142 3067
is_linear=0
shrinkage=0.1


Tree=31
num_leaves=63
num_cat=0
split_feature=12 11 12 7 11 11 12 11 0 3 7 10 0 12 11 1 10 8 1 11 11 5 8 11 8 11 10 11 12 10 11 12 1 11 1 9 8 9 6 7 9 11 3 6 2 11 5 11 3 7 10 11 0 7 12 3 11 10 5 3 3 0
split_gain=80.6654 24.4976 12.566 9.15094 6.53726 3.22359 3.74319 3.07206 2.93006 2.52562 2.52472 3.37055 2.95034 2.37311 2.20062 2.03445 2.07309 1.80523 1.77028 1.74371 1.71952 1.68789 1.67613 1.66058 1.58632 1.55815 2.28077 1.55243 1.61513 1.45647 1.43069 1.36178 1.29956 1.27994 1.23483 1.20438 1.17325 1.31125 1.28659 1.16554 1.25434 1.31825 1.1653 1.31209 1.25792 1.15206 1.10322 1.09161 1.08036 1.07423 1.18217 1.19602 1.06467 1.17623 0.98915 0.969533 1.03446 0.933467 0.917764 0.913823 0.993023 0.907945
threshold=2.2934500000000004 2.4959000000000002 5.6492500000000012 -0.8142754349318998 1.8894000000000002 1.8207500000000001 4.1293000000000015 3.3351500000000005 -7.9999999999999991 70.500000000000014 -0.13398942717002907 1.8650000000000004 -5.9999999999999991 0.68485000000000007 1.6220500000000002 112.00000000000001 2.4910000000000005 26.861000000000008 107.00000000000001 2.1203000000000007 1.4855000000000003 -0.68301270189221952 27.737000000000005 2.8424500000000004 27.391000000000005 2.3929000000000005 0.56100000000000017 2.1855500000000005 6.796450000000001 5.7410000000000014 1.8287000000000002 0.39155000000000006 111.00000000000001 1.0590000000000002 106.00000000000001 80.307000000000031 27.745000000000005 79.545000000000016 -0.95754239937548935 -0.99052477729077237 79.825000000000017 2.1253000000000006 325.50000000000006 0.9916835347852474 3.5000000000000004 2.7143000000000002 -0.24999999999999994 3.6831500000000004 235.50000000000003 -0.27694043983797384 0.039000000000000014 2.4726000000000004 -6.9999999999999991 0.080547328232315238 5.0113000000000012 208.50000000000003 1.9045000000000003 2.2710000000000008 -0.9330127018922193 264.50000000000006 246.50000000000003 -6.9999999999999991
decision_type=2 2 2 2 2 2 2 2 2 2 2 2 2 2 2 2 2 2 2 2 2 2 2 2 2 2 2 2 2 2 2 2 2 2 2 2 2 2 2 2 2 2 2 2 2 2 2 2 2 2 2 2 2 2 2 2 2 2 2 2 2 2
left_child=1 4 3 8 33 21 9 13 20 61 11 12 27 -3 -12 16 -10 -15 29 46 -2 -5 45 49 31 -11 -27 28 32 -8 -30 -6 55 -1 -13 -34 -28 -38 -39 40 41 -22 43 57 -45 -16 54 -9 -29 50 -21 -52 53 -25 -20 56 -4 -24 -19 60 -36 -7
right_child=2 7 10 5 24 6 18 47 15 25 14 34 -14 17 22 -17 -18 58 19 23 39 -23 42 52 -26 26 36 48 30 -31 -32 -33 35 -35 59 -37 37 38 -40 -41 -42 -43 -44 44 -46 -47 -48 -49 -50 -51 51 -53 -54 -55 -56 -57 -58 -59 -60 -61 -62 -63
leaf_value=-0.016645747594110607 -0.023839658019231991 -0.0050462970055296687 0.0051553169065329712 0.00013692129518619225 -0.0086494661437021298 0.0060929060033023015 0.0080809255465596752 0.0014656809358608242 0.0023320569121137382 -0.0015538016365190851 0.018906773629021788 -0.020882083727594685 0.0096959280609883909 0.00050860056064552003 0.011500121850303559 -0.003662182332151659 -0.0024987494103235731 -0.012540520585268193 -0.00097862463953788401 0.0074222201692777439 -0.013011227772893527 -0.012273756321464442 0.0088501546259628083 -0.01032921659430807 -0.0086683469094610589 0.0064321805346856872 0.0022905935012467087 -0.012710494191661197 0.010730137995023786 0.0011233915215481771 -0.01209792684249837 -0.0037987804160549317 0.0037285751648336099 -0.01166837302854192 -0.0023946408530992084 -0.0015123248324978092 0.0019110373014354432 -0.012280233869235962 -0.0017081067305661519 -0.0031715537628288688 -0.0065650471878573209 -0.043221044689416892 0.0008979133658260567 -0.0066057618528052621 0.009097248531605413 0.0012210258181334747 -0.0038068040040966237 0.010793122340941669 0.0014490121040868461 0.0057214952092107026 0.0024680516431346534 -0.0062322763922838453 -0.0027558323966874049 0.0081669526147610232 0.0044161844159077502 0.0094810426373290874 -0.0076651311052652708 0.0041137004054924708 -0.0026525443294347314 -0.022336953328922392 0.0086559463129138835 0.0021068213803357998
leaf_weight=643 47 2915 500 228 835 1361 1670 1209 2810 2235 168 34 1175 2489 1026 1356 1299 96 592 395 52 211 1466 41 2832 822 2599 88 515 367 29 1886 1453 2629 503 628 1135 125 1455 1398 273 20 405 135 82 122 406 140 139 4169 1019 187 505 213 798 529 72 581 4226 20 97 985
leaf_count=643 47 2915 500 228 835 1361 1670 1209 2810 2235 168 34 1175 2489 1026 1356 1299 96 592 395 52 211 1466 41 2832 822 2599 88 515 367 29 1886 1453 2629 503 628 1135 125 1455 1398 273 20 405 135 82 122 406 140 139 4169 1019 187 505 213 798 529 72 581 4226 20 97 985
internal_value=-7.20085e-12 -0.00517033 0.00266968 0.00161765 -0.00910084 0.00265316 0.0028298 -0.00203833 -0.00145366 0.00151947 0.00576891 0.00443416 0.00529639 -0.0026586 0.00770556 -0.000303516 0.000804868 -0.00163671 0.00418502 0.00353847 -0.00496512 -0.00582812 0.00721256 0.00429753 -0.00701163 0.000706781 0.00153018 0.00398866 0.00447781 0.00682741 0.0095132 -0.00528732 0.00361695 -0.0126465 -0.00232662 0.00214699 0.000771915 -0.000681877 -0.00254451 -0.00445616 -0.00966163 -0.0214028 0.00583823 0.00672199 -0.000671905 0.0104077 0.000779068 0.00243369 -0.00404014 0.00487594 0.00267413 0.001119 -9.96473e-05 0.00518135 0.00211854 0.00639531 0.00354155 0.00750581 -0.00287218 -0.00130906 -0.000608129 0.00441929
internal_weight=58440 19900 38540 28773 8825 21518 21079 11075 7255 10717 9767 5782 5128 9726 3985 5465 4109 6811 10362 8325 1790 439 3817 6529 5553 8371 6136 3953 3726 2037 544 2721 3182 3272 654 2081 5314 2715 1580 1743 345 72 2669 2264 217 1148 1796 1349 227 5770 1601 1206 759 254 1390 1101 572 2047 4322 620 600 2346
internal_count=58440 19900 38540 28773 8825 21518 21079 11075 7255 10717 9767 5782 5128 9726 3985 5465 4109 6811 10362 8325 1790 439 3817 6529 5553 8371 6136 3953 3726 2037 544 2721 3182 3272 654 2081 5314 2715 1580 1743 345 72 2669 2264 217 1148 1796 1349 227 5770 1601 1206 759 254 1390 1101 572 2047 4322 620 600 2346
is_linear=0
shrinkage=0.1


Tree=32
num_leaves=63
num_cat=0
split_feature=12 12 11 7 11 12 3 12 11 11 11 0 11 11 5 11 7 7 11 0 0 1 11 0 11 12 10 1 8 10 12 10 1 12 9 0 3 1 11 7 7 10 8 11 12 7 11 10 10 7 11 7 12 10 8 11 6 1 8 1 12 11
split_gain=65.8392 17.2054 10.6091 8.19395 7.03836 3.18737 2.42724 2.50282 2.27014 2.20515 2.15315 2.15018 2.11441 1.96012 1.87528 1.74161 1.71315 2.5762 2.08559 1.81163 1.69947 2.7233 1.6672 1.56823 1.95258 1.65049 1.53281 1.5043 1.42543 1.31483 1.26599 1.22121 1.19178 1.4735 1.18521 1.17799 1.1617 1.13217 1.08075 1.07876 1.07826 1.23185 1.51687 1.04891 1.04362 1.02874 1.02042 0.993689 0.981119 0.976637 0.959243 0.957574 0.953745 0.951757 0.912701 0.89394 0.975916 0.882157 2.1014 0.840648 0.837705 0.829743
threshold=1.1079500000000002 3.7501000000000002 2.2223000000000002 -0.77243990499604276 2.3319500000000004 5.9919500000000001 74.500000000000014 2.5359500000000001 1.8366000000000002 2.4210000000000007 1.5066000000000002 -7.9999999999999991 3.0283500000000001 2.8767500000000004 -0.68301270189221952 2.2271000000000005 0.3484035575467645 0.75438814418115718 2.2655000000000007 -7.9999999999999991 -5.9999999999999991 106.00000000000001 1.9871000000000003 -6.9999999999999991 2.6504500000000006 5.4407000000000005 4.6190000000000007 111.00000000000001 26.521000000000004 1.7510000000000006 5.6963000000000008 0.37100000000000011 108.00000000000001 5.8875500000000009 77.469000000000008 -5.9999999999999991 52.500000000000007 114.00000000000001 1.5771500000000003 -0.98521978256641018 0.2499757677084001 1.4930000000000003 29.071000000000005 3.2595500000000004 0.23915000000000003 -0.94703994556331683 2.5194000000000005 1.7110000000000005 9.0630000000000024 -0.27694043983797384 1.6357000000000002 -0.98521978256641018 0.10810000000000002 0.021000000000000005 24.687000000000008 3.2764500000000001 0.45273815774107123 108.00000000000001 26.029000000000007 106.00000000000001 0.09395000000000002 2.5076500000000004
decision_type=2 2 2 2 2 2 2 2 2 2 2 2 2 2 2 2 2 2 2 2 2 2 2 2 2 2 2 2 2 2 2 2 2 2 2 2 2 2 2 2 2 2 2 2 2 2 2 2 2 2 2 2 2 2 2 2 2 2 2 2 2 2
left_child=2 4 10 9 22 8 20 28 14 11 44 37 16 45 -5 40 23 18 -18 27 54 -22 49 25 -25 57 32 46 -8 61 -28 -26 -13 38 -30 -20 -17 -3 -34 -24 41 -7 -43 -36 -1 -4 47 -19 -21 -2 -42 -31 -47 -38 -6 56 -23 58 -10 -37 -12 -9
right_child=1 3 13 5 6 15 7 29 12 -11 60 26 -14 -15 -16 36 17 19 35 48 21 55 39 24 31 -27 30 -29 34 51 -32 -33 33 -35 43 59 53 -39 -40 -41 50 42 -44 -45 -46 52 -48 -49 -50 -51 -52 -53 -54 -55 -56 -57 -58 -59 -60 -61 -62 -63
leaf_value=-0.0147155501759658 -0.0075516594970377691 -0.00098751663293169633 -0.011945094661277524 0.0031970705085633587 -0.0027185386866871602 0.0073819434399779726 0.00059452796717493126 -7.0055814731974437e-05 0.010024053761593973 -0.010415869679655777 -0.013457140417601274 0.0051697859813354848 -0.0010871264534810931 -0.0021041949281891104 -0.0071770444798373197 0.010396856236729946 -0.0009135313917275718 -0.024687025221911345 0.010662748245165948 0.0022585717940550058 0.011855772999826222 -0.013282440714787559 -0.0075187752237203384 0.0053914057191418382 0.0076253099255339518 0.0057063400156106038 -0.0022773111373168868 0.01255194945240163 0.0014648450281270205 -0.011064555898929636 -0.022646177833843414 -0.0037717096246125403 -0.0088155025026450552 0.005134006474011861 -0.0044742026026411749 0.018280295495398689 0.011614896563853148 -0.0079529592063594268 0.00086634691141248405 -0.002631859068506508 0.020999034420381507 0.0042359102425360753 -0.011621319965019616 0.00066219773052150126 -0.0095073405057676409 -0.012150621325607696 0.0063517327865193112 -0.00036351754388306293 -0.0049594000633558302 -0.020429089744217123 0.0094026402773012899 0.00036330464586925945 -0.0047839650729063861 0.0010275900129033931 0.0038908546670244591 0.0010799969344710311 -0.0034728649219529042 -5.5013303467896452e-05 0.00058751132567758091 0.003620349001425736 -0.008064057424459297 0.0052061219718981247
leaf_weight=1171 627 1954 233 350 224 2491 1547 417 333 179 321 1160 808 2847 347 192 224 22 1482 948 131 140 534 4288 123 981 405 302 509 75 33 399 120 878 2742 43 93 265 2940 2931 77 372 72 465 573 184 223 71 235 65 969 3280 3919 976 3106 255 368 2330 810 433 2803 1045
leaf_count=1171 627 1954 233 350 224 2491 1547 417 333 179 321 1160 808 2847 347 192 224 22 1482 948 131 140 534 4288 123 981 405 302 509 75 33 399 120 878 2742 43 93 265 2940 2931 77 372 72 465 573 184 223 71 235 65 969 3280 3919 976 3106 255 368 2330 810 433 2803 1045
internal_value=-8.09143e-12 0.00171077 -0.00658541 0.00327656 -0.000657972 0.00435556 0.000394643 -0.000448613 0.00360292 0.000557423 -0.0101896 0.000810707 0.00387917 -0.00414283 -0.00196766 0.00647364 0.00418208 0.00591642 0.00822696 0.00311708 0.00240696 -0.00146426 -0.00427996 0.00343642 0.00468843 0.00208434 0.00186492 0.00750518 -0.00195611 0.00119846 -0.00381195 -0.00108621 0.00235265 0.00152282 -0.00301796 0.00927265 0.00323498 -0.00181935 0.000486667 -0.00338499 0.0074995 0.00651702 0.00166447 -0.00372945 -0.0130044 -0.00548138 0.002682 -0.00611747 0.00082474 -0.00876124 0.0102563 0.000107838 -0.00511432 0.00194866 0.00344626 -0.00375119 -0.00617629 0.00106125 0.00333674 0.00494467 -0.00861821 0.00370122
internal_weight=58440 46389 12051 27928 18461 19994 14304 10080 14752 7934 4868 7755 14055 7183 697 5242 13247 3983 2182 1801 4224 894 4157 9264 4810 4454 5536 618 5263 4817 438 522 5098 3938 3716 1958 1261 2219 3060 3465 3981 2935 444 3207 1744 4336 316 93 1183 692 1046 3355 4103 1069 3330 763 508 3473 1143 476 3124 1462
internal_count=58440 46389 12051 27928 18461 19994 14304 10080 14752 7934 4868 7755 14055 7183 697 5242 13247 3983 2182 1801 4224 894 4157 9264 4810 4454 5536 618 5263 4817 438 522 5098 3938 3716 1958 1261 2219 3060 3465 3981 2935 444 3207 1744 4336 316 93 1183 692 1046 3355 4103 1069 3330 763 508 3473 1143 476 3124 1462
is_linear=0
shrinkage=0.1


Tree=33
num_leaves=63
num_cat=0
split_feature=12 12 11 7 7 12 11 11 8 10 7 0 10 0 11 11 11 1 0 12 7 7 6 11 11 1 12 3 0 1 3 10 11 3 0 10 9 7 11 8 0 1 1 11 12 11 1 0 0 7 10 6 11 6 7 0 9 11 12 11 7 10
split_gain=53.5698 15.3904 7.7261 6.25662 4.0177 3.5771 3.53822 2.32163 2.26879 1.92077 2.2215 2.44712 1.923 1.76333 1.71577 1.63696 1.60393 1.61904 2.15043 1.4941 1.57301 1.45507 1.44857 1.40853 1.38229 1.29192 1.24886 1.2466 1.42821 2.13411 1.41957 1.36576 1.27589 1.21621 1.16198 1.14779 1.03604 1.02727 1.0189 1.09765 1.00566 1.03217 0.906625 1.06557 0.874572 1.09142 0.873195 2.58823 1.54183 2.44133 1.07165 0.965489 0.872118 0.887484 0.845219 0.825479 0.788638 0.788531 0.783445 0.775743 0.761105 0.759572
threshold=0.95315000000000005 4.7862000000000009 2.2117000000000004 -0.91595872546125101 -0.80417042486635371 2.6346000000000003 2.1687500000000006 2.1476500000000005 27.777000000000008 4.4350000000000014 0.2499757677084001 -7.9999999999999991 0.021000000000000005 -7.9999999999999991 2.9972500000000006 1.3271000000000002 2.6118000000000001 113.00000000000001 -5.9999999999999991 0.26270000000000004 -0.58481178939031186 0.77652048701313048 -0.35041564478062465 2.6627000000000005 1.7324500000000003 110.00000000000001 3.0246000000000008 58.500000000000007 -7.9999999999999991 111.00000000000001 42.500000000000007 0.51500000000000012 2.5871000000000008 78.500000000000014 -7.9999999999999991 3.1090000000000004 79.709000000000017 -0.99938741687870725 2.8587500000000006 26.787000000000006 -6.9999999999999991 108.00000000000001 111.00000000000001 2.2271000000000005 2.8357000000000006 1.6501000000000001 110.00000000000001 -7.9999999999999991 -7.9999999999999991 -0.15101602693478741 5.535000000000001 0.98802474685579866 2.6946000000000008 -0.0053757284505435614 0.063390085881955341 -7.9999999999999991 80.941000000000017 3.4679000000000006 0.23915000000000003 1.4613500000000001 0.063390085881955341 3.3690000000000011
decision_type=2 2 2 2 2 2 2 2 2 2 2 2 2 2 2 2 2 2 2 2 2 2 2 2 2 2 2 2 2 2 2 2 2 2 2 2 2 2 2 2 2 2 2 2 2 2 2 2 2 2 2 2 2 2 2 2 2 2 2 2 2 2
left_child=2 3 15 13 7 8 24 22 14 10 12 -12 40 44 -5 58 17 59 36 -4 -21 -13 -3 -10 -7 -23 -15 28 29 -8 38 32 34 56 -29 -9 -19 -24 -30 -40 41 -6 43 -35 -2 -46 47 -33 49 -48 -49 -50 -51 -54 -34 -44 -11 -22 -1 -14 -53 -16
right_child=1 4 19 5 9 6 27 35 23 33 11 21 16 26 61 -17 -18 18 -20 20 57 25 37 -25 -26 -27 -28 31 30 -31 -32 46 54 42 -36 -37 -38 -39 39 -41 -42 -43 55 -45 45 -47 48 50 51 52 -52 60 53 -55 -56 -57 -58 -59 -60 -61 -62 -63
leaf_value=-0.014219518076690241 -0.012181979430903038 0.0043753219012188311 -0.0070330358105459376 -0.00080141219419118835 0.012023299022253355 -0.016653206785549487 0.0026715070167813828 -0.0052419797816966205 -0.0058265698044558181 0.010889759888458583 0.010859562564605737 0.0069450736878834884 0.012107253898583694 -0.0047932948040905737 0.006287718846685943 -0.0082593978134989695 -0.0023000202375519393 0.0017896210109656437 0.0073372724534457312 -0.0095729176213030266 -0.0029407448828352575 0.0060937374731351353 -0.0070710091861863542 -0.0015433425630515104 -0.0016278823132169975 -0.0028455132409528072 -0.00083107671006667607 -0.0043707832968347292 -0.0032556156377683068 0.014511044684636218 0.0072370728396396553 -0.0025524407266256312 0.0035911320906922501 0.0022643593804888141 0.0035931387981801275 -0.02345040478810136 -0.0038681458208150972 0.00090816273325612824 0.016165415906026714 0.0016197590110085432 0.0091668237168293365 0.0036975086309883479 0.0085614400984096312 -0.005581105435250997 -0.022621011901646854 -0.0044813141766933753 -0.0067275481438674699 0.0046102928528425676 -0.0018274835918123359 0.0026921813752378435 0.001198166830907322 0.0068079119285044233 0.011962747448080987 0.001383604396801066 0.010377537105787163 0.000442174644488278 0.0030193847164561192 0.0046824124265861305 -0.0088691123292341627 0.0045623793416822746 -0.0051881883238606603 0.0016653032304963955
leaf_weight=844 269 1371 1291 4369 173 63 303 197 1090 180 1192 1460 141 1346 463 3449 472 696 427 360 4408 299 171 2597 2177 352 1945 219 412 306 451 935 323 288 1121 42 605 2859 61 347 960 1069 176 434 35 634 195 2408 2364 459 1490 238 291 109 425 434 435 140 405 4066 68 1531
leaf_count=844 269 1371 1291 4369 173 63 303 197 1090 180 1192 1460 141 1346 463 3449 472 696 427 360 4408 299 171 2597 2177 352 1945 219 412 306 451 935 323 288 1121 42 605 2859 61 347 960 1069 176 434 35 634 195 2408 2364 459 1490 238 291 109 425 434 435 140 405 4066 68 1531
internal_value=-8.15569e-12 0.00144949 -0.00632404 1.35805e-05 0.00370391 0.000619484 0.00161003 0.00115696 -0.000835781 0.00455663 0.00503258 0.0072373 0.0041867 -0.00354175 0.00030794 -0.0093827 0.00331052 0.00375672 0.00117961 -0.004006 -0.00320976 0.00519195 0.00167822 -0.00280961 -0.00205047 0.00126023 -0.0024516 0.00226468 0.00463862 0.00862044 0.00273073 0.00184542 0.00413846 0.00164471 0.00229157 -0.00844179 -0.000841393 0.000457853 0.000252235 0.00379448 0.00673607 0.00485722 -5.35638e-05 -0.00245161 -0.00736657 -0.00543033 0.0012859 0.00217263 0.000135104 0.00337364 0.00330602 -0.00114333 0.00566669 0.00907993 0.00744704 0.00278478 0.00532291 -0.00270608 -0.0124846 0.00481525 0.00414211 0.00273861
internal_weight=58440 47543 10897 29044 18499 24815 14765 4640 10050 13859 11912 3303 8609 4229 6363 4698 6407 5935 1728 6199 4908 2111 4401 3687 2240 651 3291 12525 1880 609 1271 10645 2088 1947 1340 239 1301 3030 820 408 2202 1242 1332 722 938 669 8557 4833 3724 1054 3898 2670 859 400 748 610 615 4548 1249 4207 306 1994
internal_count=58440 47543 10897 29044 18499 24815 14765 4640 10050 13859 11912 3303 8609 4229 6363 4698 6407 5935 1728 6199 4908 2111 4401 3687 2240 651 3291 12525 1880 609 1271 10645 2088 1947 1340 239 1301 3030 820 408 2202 1242 1332 722 938 669 8557 4833 3724 1054 3898 2670 859 400 748 610 615 4548 1249 4207 306 1994
is_linear=0
shrinkage=0.1


Tree=34
num_leaves=63
num_cat=0
split_feature=12 11 12 11 12 12 11 11 12 6 9 7 12 1 12 7 9 11 3 10 3 6 11 1 11 11 10 3 11 12 8 3 7 11 0 0 11 8 2 0 1 3 3 0 11 9 5 8 7 1 8 4 3 3 4 3 11 9 12 1 3 8
split_gain=43.6398 12.6283 7.90818 5.17323 3.55246 3.31507 3.29065 2.28471 2.18782 1.92458 2.04504 1.81451 1.76561 1.6789 1.56675 1.73657 1.55573 1.42008 1.41937 1.31388 2.33433 1.45619 2.07054 1.40659 1.23436 1.21598 1.17814 1.14556 1.23557 1.14051 1.1048 1.3744 1.06938 2.00849 1.50665 1.19901 1.0782 1.02172 0.989285 0.988319 1.17931 0.985428 0.979161 0.979152 1.46828 0.968489 0.958458 0.933391 0.931615 0.929722 0.883679 1.06749 0.996 0.856788 0.870906 0.849752 0.848013 0.840187 0.823073 0.822468 0.822191 0.815696
threshold=2.0802 2.5376500000000006 5.4407000000000005 2.1308500000000001 0.27515000000000006 3.3997000000000006 1.6220500000000002 2.9864500000000005 4.6206000000000005 -0.78326540922535159 81.771000000000029 -0.98521978256641018 7.1618500000000012 111.00000000000001 1.4507000000000001 -0.32613736746952143 84.941000000000017 1.27885 76.500000000000014 2.1110000000000002 104.50000000000001 -0.03977009085991149 2.4726000000000004 106.00000000000001 1.7000500000000003 1.4855000000000003 2.1110000000000002 299.50000000000006 2.3319500000000004 0.30085000000000006 27.041000000000007 268.50000000000006 0.097680735332368748 2.3648500000000006 -7.9999999999999991 -5.9999999999999991 2.5261 28.367000000000008 2.5000000000000004 -5.9999999999999991 106.00000000000001 261.50000000000006 303.50000000000006 -5.9999999999999991 2.0639000000000007 74.603000000000023 -0.9330127018922193 28.691000000000006 -0.94137724084408114 112.00000000000001 28.313000000000006 0.93301270189221952 76.500000000000014 26.500000000000004 0.93301270189221952 256.50000000000006 3.5425000000000009 85.399000000000015 0.09395000000000002 113.00000000000001 220.50000000000003 27.911000000000008
decision_type=2 2 2 2 2 2 2 2 2 2 2 2 2 2 2 2 2 2 2 2 2 2 2 2 2 2 2 2 2 2 2 2 2 2 2 2 2 2 2 2 2 2 2 2 2 2 2 2 2 2 2 2 2 2 2 2 2 2 2 2 2 2
left_child=1 4 3 6 17 7 25 46 55 27 12 -7 18 41 15 -3 -6 -1 -11 23 50 45 -23 -13 -14 -2 38 28 49 -17 31 -30 34 -34 -25 36 -35 59 -9 -31 -41 -10 -29 61 -45 -22 -5 -48 -19 -4 53 -52 -53 -21 -55 -8 -28 -24 -50 -12 -15 -20
right_child=2 14 9 5 16 11 8 26 13 10 37 19 24 60 -16 29 -18 48 43 20 21 22 57 32 -26 -27 56 42 30 39 -32 -33 33 35 -36 -37 -38 -39 -40 40 -42 -43 -44 44 -46 -47 47 -49 58 -51 51 52 -54 54 -56 -57 -58 -59 -60 -61 -62 -63
leaf_value=-0.012605183901134279 -0.029850812123105343 -0.0081063044092080268 0.0078620165408462474 -0.0046320279536303131 -0.006516764322136024 -0.0053842800354315006 -0.0026474876254854191 0.017868967505486371 0.0029486430878478843 0.0085156402950998349 0.0029670000910524039 0.0078444349606985927 0.014681564936680453 -0.0005741929881906342 0.00044373030103366147 -0.0053118070769139561 -0.0030006951535466626 -0.015228153117156277 0.0036067967434799302 0.00090090850057407293 0.0090075811535051033 -0.00029969104150208279 -0.0085602241832636802 -0.0018748846745386223 0.0049845358338563902 -0.0099237696652970751 0.00099549758765308106 0.014518240776675318 -0.0021740357289672832 -0.00058451219212297392 -0.0010929493405474426 0.017379991024187424 -0.0030847301410480785 0.0033776734997805662 0.0033395574025388147 0.0017308857805921505 0.0096120411365476204 -0.0041040858232616632 0.0054886352336781102 0.0035742617269837263 -0.0048790909475807916 -0.015623719329897571 0.0060720388924667924 0.0077822157556420614 0.00066099265239084285 0.0010031732251362389 9.5281170124648132e-05 -0.0039378511660566285 -0.011322898525088429 0.0042380495883331528 0.0038381939346305845 -0.015212012856052474 -0.00045037234072382989 0.0082550416397329952 0.0036959447226558835 -0.013418882147719463 0.0089933025178683245 -0.027444668730291041 -0.0067226126868285899 -0.0017162522388281941 -0.0062925803568976424 0.00047579316352245834
leaf_weight=883 36 485 1401 574 3009 269 3121 77 1921 517 1217 803 252 1246 2880 846 2163 168 1713 396 162 799 251 694 274 205 1351 259 64 4075 494 82 257 389 2749 424 967 395 399 192 1175 29 292 843 441 2259 5200 645 474 1431 404 65 154 875 804 75 147 26 2167 542 315 1618
leaf_count=883 36 485 1401 574 3009 269 3121 77 1921 517 1217 803 252 1246 2880 846 2163 168 1713 396 162 799 251 694 274 205 1351 259 64 4075 494 82 257 389 2749 424 967 395 399 192 1175 29 292 843 441 2259 5200 645 474 1431 404 65 154 875 804 75 147 26 2167 542 315 1618
internal_value=-5.07513e-12 -0.00401248 0.00186106 0.000947471 -0.00673772 0.0017255 -0.00141977 0.000182244 -0.00100724 0.00402928 0.00311416 0.00274163 0.00411246 0.000715935 -0.00150999 -0.00234075 -0.0050463 -0.00910717 0.00354692 0.00291681 0.00188341 0.000178372 -0.00288256 0.00393574 0.00963026 -0.0129004 0.00315745 0.00580629 0.00513405 -0.00189605 0.00116579 0.00880836 0.00336298 0.00517913 0.00228849 0.00637228 0.00782357 0.000491883 0.00749134 -0.00136504 -0.00369179 0.00267244 0.0100422 0.00299029 0.00533638 0.00153878 -0.000732705 -0.000349778 -0.00800758 0.00603084 0.00409339 0.000790517 -0.00483168 0.00508504 0.00607189 -0.00290026 0.00178033 -0.0103328 -0.00754826 0.00152395 -0.00172813 0.00208594
internal_weight=58440 18517 39923 28088 8864 21140 6948 8393 6707 11835 7812 12747 5658 3511 9653 6773 5172 3692 5132 12478 6195 3497 1076 6283 526 241 1974 4023 3472 6288 640 146 5480 2037 3443 1780 1356 2154 476 5442 1367 1950 551 4615 1284 2421 6419 5845 2809 2832 2698 623 219 2075 1679 3196 1498 277 2641 1759 1561 3331
internal_count=58440 18517 39923 28088 8864 21140 6948 8393 6707 11835 7812 12747 5658 3511 9653 6773 5172 3692 5132 12478 6195 3497 1076 6283 526 241 1974 4023 3472 6288 640 146 5480 2037 3443 1780 1356 2154 476 5442 1367 1950 551 4615 1284 2421 6419 5845 2809 2832 2698 623 219 2075 1679 3196 1498 277 2641 1759 1561 3331
is_linear=0
shrinkage=0.1


Tree=35
num_leaves=63
num_cat=0
split_feature=12 12 11 7 11 10 11 0 1 11 10 11 8 9 12 1 3 0 1 3 11 5 12 3 9 6 0 1 12 7 7 11 9 3 12 12 12 11 7 10 1 8 6 2 11 2 11 12 8 0 9 3 4 3 9 10 6 11 10 3 0 8
split_gain=35.4943 10.6176 5.06464 4.792 4.11117 2.95339 2.62566 2.23407 2.49965 2.09962 1.86571 1.82007 1.82783 1.49636 1.48638 1.23655 1.3222 1.1918 1.26296 1.18047 1.17559 1.12183 1.11963 1.11184 1.08787 1.13223 1.06197 1.17761 1.05791 1.02561 0.984484 1.32489 0.967551 0.949926 1.12648 0.895427 0.887269 0.996799 1.12413 0.868042 0.83941 0.849171 0.828113 0.797089 0.795566 0.793403 0.792628 0.790794 0.776461 1.02267 1.00308 0.750217 0.741442 1.06443 0.810507 0.726547 0.718612 0.714637 0.714026 0.843439 1.17464 0.712749
threshold=0.92125000000000012 3.7501000000000002 2.2271000000000005 -0.30982845708428081 2.3375000000000008 0.021000000000000005 3.0983000000000005 -5.9999999999999991 112.00000000000001 2.4726000000000004 4.4350000000000014 3.6831500000000004 27.777000000000008 77.469000000000008 4.9452000000000007 112.00000000000001 297.50000000000006 -7.9999999999999991 113.00000000000001 317.50000000000006 1.5444000000000002 -0.9330127018922193 2.7704500000000007 102.50000000000001 83.573000000000022 0.17646842360078763 -6.9999999999999991 108.00000000000001 0.19715000000000002 -0.58481178939031186 -0.87810534180523914 2.3043500000000003 76.981000000000009 210.50000000000003 4.5051500000000013 7.0436500000000004 1.6962000000000002 2.8261000000000007 0.90438663683299525 1.4930000000000003 108.00000000000001 27.991000000000007 0.99374995976406788 4.5000000000000009 1.7120500000000003 3.5000000000000004 1.5771500000000003 6.5694000000000008 26.885000000000009 -7.9999999999999991 82.217000000000027 74.500000000000014 0.93301270189221952 22.500000000000004 87.187000000000026 1.3170000000000004 -0.95754239937548935 1.9676500000000001 0.061000000000000019 84.500000000000014 -7.9999999999999991 28.777000000000005
decision_type=2 2 2 2 2 2 2 2 2 2 2 2 2 2 2 2 2 2 2 2 2 2 2 2 2 2 2 2 2 2 2 2 2 2 2 2 2 2 2 2 2 2 2 2 2 2 2 2 2 2 2 2 2 2 2 2 2 2 2 2 2 2
left_child=2 4 20 5 17 26 10 8 9 30 15 12 21 -14 -10 16 42 24 -19 48 -1 55 51 52 25 -2 27 -3 -4 -30 31 -7 47 -11 -35 -29 -23 38 -38 46 41 -32 44 -41 -5 -44 -9 -21 50 -50 -18 -15 53 -12 -55 -6 -24 -16 -17 60 -60 -54
right_child=1 3 28 6 11 7 -8 39 14 33 23 -13 13 22 57 58 19 18 -20 32 -22 36 56 -25 -26 -27 -28 35 29 -31 40 -33 -34 34 -36 -37 37 -39 -40 43 -42 -43 45 -45 -46 -47 -48 -49 49 -51 -52 -53 61 54 -56 -57 -58 -59 59 -61 -62 -63
leaf_value=-0.0096116890773283985 -0.014477211418433581 0.0098858169496564112 -0.0068171659116385815 0.011855093357467691 0.0067014421795166153 4.8823618320767779e-05 -0.0022391570461558373 0.014228396799818084 -0.0061992809327734745 -0.013765814099463029 -0.00055674762760948707 0.0098991374722927038 0.0019957259119477836 -0.00050879751455589568 -0.00060735953777586249 0.0060182861640410831 -0.0090038523269005324 -0.0018930073192628379 -0.0089368486286822615 0.006960465624538387 -0.0063872531211356725 -0.00037359552964324159 -0.0085007329180525823 -6.5369490511614728e-05 -0.0031070870957324937 -0.0044104165838464247 0.0059267169789622518 0.00065726992769269842 -0.0080043377883711585 -0.0023836619059517481 0.0060092418453894514 -0.01581101216789749 0.0032907039987122907 0.007232690590214641 -0.010903412665820858 0.010497230534883325 0.0014274018323842917 0.0033968685689788111 -0.0039391305136462947 -0.0066376420246066388 0.0010174544828023481 0.00066343616484172674 -0.0060141932889536927 0.0015631273313495382 0.0049459108870786236 0.0045044359526742296 0.003672954280338276 0.017939674803423452 0.019521718689031246 0.010101582319792919 0.013142774303898562 -0.0039552569919120437 0.0018219575074335534 0.0078028451728597197 -0.0046441769081866369 -0.0094039965027052936 0.00047846822601947447 -0.0064091208136718113 0.012861295090751387 0.0016238900489990418 0.0030634909191919503 -0.01393818698823452
leaf_weight=1857 250 179 734 174 34 2142 681 74 870 133 240 190 1157 848 1840 777 39 3275 276 212 2891 2676 94 1398 470 202 1428 1404 348 4837 924 54 525 68 69 99 3177 2397 445 135 1846 438 132 971 3949 157 1841 95 168 367 43 2475 660 795 56 159 1720 240 172 2079 424 30
leaf_count=1857 250 179 734 174 34 2142 681 74 870 133 240 190 1157 848 1840 777 39 3275 276 212 2891 2676 94 1398 470 202 1428 1404 348 4837 924 54 525 68 69 99 3177 2397 445 135 1846 438 132 971 3949 157 1841 95 168 367 43 2475 660 795 56 159 1720 240 172 2079 424 30
internal_value=-5.76346e-12 0.00116454 -0.00521548 0.00242123 -0.000604008 0.00118354 0.00380756 0.000452399 -0.000367386 0.000860198 0.00413719 0.000172403 5.06744e-05 -0.00125322 -0.00272851 0.00485121 0.00573553 -0.00327223 -0.00244049 0.0083564 -0.00764837 0.000974022 -0.00198498 0.00204546 -0.00647564 -0.00997833 0.0039212 0.00221855 -0.00326391 -0.0027609 0.00129018 -0.000341172 0.00589845 -0.0077458 -0.00190155 0.00130541 0.0011414 0.00181496 0.000768068 0.00279263 0.0024069 0.00429011 0.00487478 0.000562129 0.00523749 -0.000299921 0.00408084 0.0103579 0.0116709 0.0130597 0.00260962 -0.00307575 0.00370237 0.00532499 0.00698377 -0.00656677 1.31733e-05 -0.00127679 0.00334975 0.00257463 0.00589105 0.00113673
internal_weight=58440 47773 10667 27928 19845 14755 13173 11645 8624 5674 12492 15372 15182 6294 2950 9313 5861 4473 3551 1449 4748 8888 5137 3179 922 452 3110 1682 5919 5185 5404 2196 832 270 137 1503 8695 6019 3622 3021 3208 1362 4412 1106 4123 289 1915 307 617 535 82 3323 1781 1091 851 193 1814 2080 3452 2675 596 690
internal_count=58440 47773 10667 27928 19845 14755 13173 11645 8624 5674 12492 15372 15182 6294 2950 9313 5861 4473 3551 1449 4748 8888 5137 3179 922 452 3110 1682 5919 5185 5404 2196 832 270 137 1503 8695 6019 3622 3021 3208 1362 4412 1106 4123 289 1915 307 617 535 82 3323 1781 1091 851 193 1814 2080 3452 2675 596 690
is_linear=0
shrinkage=0.1


Tree=36
num_leaves=63
num_cat=0
split_feature=12 11 12 11 7 12 1 0 10 7 0 0 11 7 11 11 6 9 10 3 10 9 1 12 11 3 12 7 11 11 0 11 12 11 6 10 6 11 7 11 0 11 0 3 11 8 3 11 7 3 12 5 9 9 0 1 6 9 8 12 0 1
split_gain=29.0499 9.34099 5.28513 3.97712 3.15484 2.60539 2.09789 2.28064 2.23529 1.93918 3.94638 2.2876 2.18623 1.70088 1.61086 1.55804 1.3516 1.29396 1.28366 1.31249 1.39965 1.2582 1.25317 1.17441 1.42345 1.08789 1.03551 1.10676 0.995024 0.959939 0.949871 0.924188 0.904822 0.91157 1.61929 1.5459 1.1628 0.874368 0.838434 1.26661 0.854058 0.826873 0.88689 1.49414 1.64119 1.68187 1.26569 0.82074 0.816759 0.812804 0.765281 0.765032 0.721272 0.707777 0.689146 1.02313 0.677394 0.666206 0.661573 0.658682 0.66197 0.686481
threshold=2.2934500000000004 2.5376500000000006 5.8182000000000009 1.6631000000000002 -0.98521978256641018 0.22810000000000002 106.00000000000001 -5.9999999999999991 3.3170000000000006 -0.13398942717002907 -5.9999999999999991 -6.9999999999999991 2.1913000000000005 0.69521084835931835 1.4613500000000001 3.3351500000000005 -0.048361574224334618 76.329000000000022 0.011000000000000001 76.500000000000014 1.8650000000000004 84.631000000000014 112.00000000000001 4.2111500000000008 2.5376500000000006 278.50000000000006 1.4507000000000001 -0.32613736746952143 1.0590000000000002 2.7207500000000002 -7.9999999999999991 2.7659000000000007 4.903550000000001 2.7075500000000003 0.93237596376505805 3.9130000000000007 0.43733377705052551 2.7075500000000003 -0.85225707553516283 1.6501000000000001 -5.9999999999999991 1.2195500000000001 -5.9999999999999991 278.50000000000006 2.0862000000000003 27.001000000000005 321.50000000000006 2.0000500000000003 0.99932962452255414 228.50000000000003 0.09395000000000002 -0.68301270189221952 84.213000000000008 82.991000000000028 -5.9999999999999991 113.00000000000001 -0.55657520495441892 84.253000000000029 27.437000000000008 0.18660000000000002 -5.9999999999999991 106.00000000000001
decision_type=2 2 2 2 2 2 2 2 2 2 2 2 2 2 2 2 2 2 2 2 2 2 2 2 2 2 2 2 2 2 2 2 2 2 2 2 2 2 2 2 2 2 2 2 2 2 2 2 2 2 2 2 2 2 2 2 2 2 2 2 2 2
left_child=1 5 3 14 16 28 7 8 -6 11 12 22 25 23 -2 26 -5 -13 -4 52 41 -7 31 24 -12 57 27 -3 -1 54 -17 -8 33 36 35 -35 56 -9 39 -22 -41 -21 43 44 -43 -46 -44 -27 -15 -16 -30 -24 -20 -40 55 -19 -14 -11 -53 -29 -61 -62
right_child=2 15 18 4 6 21 9 37 -10 10 13 17 32 48 49 30 -18 29 19 20 38 -23 51 -25 -26 47 -28 59 50 -31 -32 -33 -34 34 -36 -37 -38 -39 53 40 -42 42 46 -45 45 -47 -48 -49 -50 -51 -52 58 -54 -55 -56 -57 -58 -59 -60 60 61 -63
leaf_value=-0.012454377440578113 -0.019651314678849303 -0.0068927763934136079 0.0063927179823653956 0.00090221267971083731 0.0049162571723303447 -0.0055179662444878692 -4.3727547885442244e-06 0.0067880011009869004 -0.0017098078196927354 0.0023035962165022135 -0.01834945668535376 0.0043665967603318031 0.001497022702306706 -0.0044915734368262154 -0.0039874373911624504 0.0072814474148291345 -0.004836250124788043 0.0010178776746396388 0.0084523626438576371 0.012672401832093541 0.00032689497500324426 -0.0026832906162370987 -0.0011848571308405991 0.0026286258212239225 -0.0014213746205918613 -0.028607149271383171 -8.5151719048289388e-05 -0.0063303380576256165 -0.010286847032853269 -0.0040865324807560282 0.00074714026150274793 -0.008785958356049851 0.0054573107410337161 0.0075298968420343341 -0.0018492369482202668 0.0029286515627528777 0.0037720971396060844 0.014702342058871949 0.0018802339439705858 -0.033686499193310737 -0.0059619267657399187 0.0023383880540579394 0.0063541937348288793 0.0064993697021685079 0.0044840729361391839 -0.010603045058205248 -0.0091652062370187869 -0.0072291901567012014 -0.023587786561667757 -0.023982173709997112 -0.0061859462139653935 -0.0079377943746620772 -0.0020547949453841334 -0.0041201537421495403 0.0024482173151133694 -0.0043943712484590678 -0.0023967874896062761 -0.0056137195196770562 -0.0022838761084574377 -0.00098229158027948629 0.0019474012539350228 -0.0045439089671960812
leaf_weight=404 80 484 1608 626 1322 3527 4670 534 828 309 54 1353 1341 855 638 281 1192 1982 622 98 67 2816 781 995 620 21 3223 317 589 360 1068 123 1735 1276 404 1707 1666 189 963 25 20 2157 1180 726 114 210 55 124 23 21 2001 485 73 247 2444 424 670 162 361 3891 191 1108
leaf_count=404 80 484 1608 626 1322 3527 4670 534 828 309 54 1353 1341 855 638 281 1192 1982 622 98 67 2816 781 995 620 21 3223 317 589 360 1068 123 1735 1276 404 1707 1666 189 963 25 20 2157 1180 726 114 210 55 124 23 21 2001 485 73 247 2444 424 670 162 361 3891 191 1108
internal_value=-7.72443e-12 -0.00310275 0.00160209 0.000994948 0.00117564 -0.00540716 0.0014394 0.0039983 0.00236445 0.00114469 0.00206324 0.00029837 0.00300795 -0.00142892 -0.00625131 -0.0010658 -0.0028603 0.00161123 0.00386076 0.00323984 0.00275268 -0.0042595 -0.00104373 0.000445392 -0.00277763 -0.00275127 -0.0015305 -0.00230806 -0.00783854 0.000895684 0.00210825 -0.00022973 0.00341115 0.00290858 0.0040922 0.00489687 0.00181832 0.0088569 -0.000110826 -0.00838838 -0.0213645 0.00358651 0.00338605 0.0025092 0.00134158 -0.00529461 0.00566305 -0.0103253 -0.00499182 -0.0046246 -0.00711854 -0.00344172 0.00734873 0.000655361 0.0012655 6.40981e-05 0.000199731 -0.000419557 -0.00552519 -0.00190512 -0.00163484 -0.00358945
internal_weight=58440 19900 38540 30375 29636 9337 27818 2873 2150 24945 11962 12983 9415 2547 739 10563 1818 6563 8165 6557 5862 6343 6420 1669 674 616 9214 5991 2994 5210 1349 4793 8799 7064 3387 2983 3677 723 1322 112 45 4540 4442 3207 2481 324 1235 145 878 659 2590 1627 695 1210 4850 2406 2011 471 846 5507 5190 1299
internal_count=58440 19900 38540 30375 29636 9337 27818 2873 2150 24945 11962 12983 9415 2547 739 10563 1818 6563 8165 6557 5862 6343 6420 1669 674 616 9214 5991 2994 5210 1349 4793 8799 7064 3387 2983 3677 723 1322 112 45 4540 4442 3207 2481 324 1235 145 878 659 2590 1627 695 1210 4850 2406 2011 471 846 5507 5190 1299
is_linear=0
shrinkage=0.1


Tree=37
num_leaves=63
num_cat=0
split_feature=12 12 7 5 11 0 11 11 10 1 12 1 0 5 8 1 10 3 3 0 9 11 11 11 11 12 3 0 11 5 9 0 0 12 8 9 12 3 8 3 7 10 1 3 9 7 8 3 7 2 3 10 12 8 3 0 1 11 11 3 8 11
split_gain=23.8998 8.48755 3.73645 2.96557 2.77067 2.47064 2.09799 2.02356 1.87159 1.71346 1.60352 1.49825 1.47145 1.82803 1.40954 1.36635 1.3007 1.30859 1.3517 1.33437 1.29816 1.26784 1.1724 1.15731 1.12042 1.11437 1.0618 1.01795 1.06668 1.01433 0.948728 0.926968 0.908338 0.904264 0.887868 0.882045 0.873701 1.04525 0.827173 2.08548 0.821489 0.818858 0.773725 0.773314 0.973755 0.727801 0.726698 0.779607 0.723394 1.47382 1.07101 0.749362 0.708933 0.705821 0.667868 1.2057 1.19305 0.659613 0.658724 0.789386 0.642596 0.633634
threshold=0.68485000000000007 3.3997000000000006 -0.42179730054635828 -0.9330127018922193 1.7735000000000003 -7.9999999999999991 3.1645000000000008 3.0399500000000006 1.8650000000000004 108.00000000000001 5.2610500000000009 114.00000000000001 -6.9999999999999991 0.25000000000000017 28.389000000000006 106.00000000000001 0.23100000000000007 58.500000000000007 22.500000000000004 -7.9999999999999991 76.561000000000021 1.9539500000000001 2.2439000000000004 2.4387500000000002 2.0127500000000005 5.9919500000000001 172.50000000000003 -5.9999999999999991 1.6501000000000001 -0.68301270189221952 70.845000000000013 -5.9999999999999991 -5.9999999999999991 0.12010000000000001 26.641000000000005 81.911000000000016 1.4874000000000003 256.50000000000006 28.283000000000005 66.500000000000014 -0.99938741687870725 0.10100000000000003 111.00000000000001 268.50000000000006 79.941000000000017 -0.98521978256641018 27.871000000000006 237.50000000000003 0.3484035575467645 11.500000000000002 292.50000000000006 0.80100000000000027 2.4023000000000008 27.549000000000007 271.50000000000006 -5.9999999999999991 107.00000000000001 0.7552000000000002 2.6946000000000008 82.500000000000014 27.437000000000008 1.5066000000000002
decision_type=2 2 2 2 2 2 2 2 2 2 2 2 2 2 2 2 2 2 2 2 2 2 2 2 2 2 2 2 2 2 2 2 2 2 2 2 2 2 2 2 2 2 2 2 2 2 2 2 2 2 2 2 2 2 2 2 2 2 2 2 2 2
left_child=4 3 5 26 57 11 16 14 9 -7 21 22 13 60 24 31 43 18 19 42 -19 -11 45 25 36 40 -2 28 -27 -6 -15 -14 -25 -31 -17 -29 -5 -38 48 -40 -10 -24 -18 61 -45 -3 47 -12 50 51 -22 -50 -32 -8 -26 -56 -57 -1 59 -41 -9 -4
right_child=1 2 6 7 29 8 53 12 23 10 46 -13 15 30 -16 34 17 20 -20 -21 38 -23 41 32 54 27 -28 35 -30 33 52 -33 -34 -35 -36 -37 37 -39 39 58 -42 -43 -44 44 -46 -47 -48 -49 49 -51 -52 -53 -54 -55 55 56 -58 -59 -60 -61 -62 -63
leaf_value=-0.012698973669463591 -0.0033821248336893665 -0.0037383009931668434 0.011936160413949175 9.2275095993504669e-05 -0.0078108446029131091 0.0050269921199037329 0.003152187061974566 0.0002603205867677129 -0.00978003515251126 -0.0037835088778256643 0.0037307122953120653 -0.0067057350011342377 -1.7779664434730519e-05 0.021627580985659735 -0.0034869133583224237 0.0052284993492357906 0.0031487505431559456 0.0046820555142056712 0.0072239364708615514 -0.0020756280514564679 0.0018295921041887556 0.0010197559529868691 0.0028109728659037503 -0.01479815002391115 7.7990579976435832e-05 -0.0072683993451021335 -0.0092279189505423478 0.0049949356589800206 -0.036931819087741055 -0.007158081341123626 0.0030744514926865909 0.011126021019246276 -0.001917815882681815 -0.002857140856395188 -0.0017570208267746541 -0.018455471244195235 -0.0066947969112482854 -0.028366872482001784 -0.013411438491665454 0.0085913741501357135 0.0007379865719607877 -0.0073455428516691823 0.014182875241870839 0.0047394503400086229 0.0097496446695711503 0.00062130115775707758 0.0016498519081865942 0.010268659941948286 0.011351802110645886 0.00039468011126689902 -0.010159648612974899 0.0048828052520285409 0.007710909425824611 -0.0041144514562858848 -0.0010357080538587616 0.0019964940930121996 -0.012340751038791873 -0.0070547217170872411 -0.0022856620118573397 0.0011089505159199116 -0.0089031619916889165 0.0027185747549247192
leaf_weight=227 1120 444 79 201 537 1784 177 175 77 736 1269 462 137 32 2053 200 188 1836 1168 402 3799 2169 100 100 7611 27 430 53 22 540 1299 164 121 5160 2016 23 306 24 107 153 2084 385 96 1188 576 2784 1722 213 214 756 76 1097 442 546 2308 83 193 2356 528 1797 136 1332
leaf_count=227 1120 444 79 201 537 1784 177 175 77 736 1269 462 137 32 2053 200 188 1836 1168 402 3799 2169 100 100 7611 27 430 53 22 540 1299 164 121 5160 2016 23 306 24 107 153 2084 385 96 1188 576 2784 1722 213 214 756 76 1097 442 546 2308 83 193 2356 528 1797 136 1332
internal_value=-3.19949e-12 0.000852604 0.00187977 -0.00081267 -0.00479662 0.000719543 0.00292912 -0.000438887 0.00154446 0.0023005 0.00150429 -0.00133535 0.00135938 0.00332473 -0.00108634 -0.000267867 0.00317641 0.00270778 0.00515463 0.00163137 0.00227002 -0.000197181 -0.000667126 -0.000835844 -0.000626865 -0.0001678 -0.00500386 -0.00934793 -0.0205867 -0.00365603 0.00456515 0.00605393 -0.00774602 -0.0032646 -0.00112656 -0.0021019 -0.00510521 -0.00827095 0.00175067 0.000257412 0.000363212 -0.00525142 0.0068786 0.00497964 0.00637543 2.16533e-05 0.00304699 0.00467038 0.0024003 0.00391103 0.00159445 0.00593877 0.00425154 -0.00233548 -0.000393613 -0.00178269 -0.00802919 -0.00755075 0.000847633 0.00169603 -0.00374686 0.00323466
internal_weight=58440 49620 30690 18930 8820 14575 16115 17380 10400 7893 6109 4175 4601 2084 12779 2517 15392 12217 1854 686 10363 2905 3713 2507 10726 2286 1550 125 49 6237 1773 301 221 5700 2216 76 531 330 8527 2585 2161 485 284 3175 1764 3228 3204 1482 5942 2067 3875 1311 1741 723 10195 2584 276 2583 2478 1950 311 1411
internal_count=58440 49620 30690 18930 8820 14575 16115 17380 10400 7893 6109 4175 4601 2084 12779 2517 15392 12217 1854 686 10363 2905 3713 2507 10726 2286 1550 125 49 6237 1773 301 221 5700 2216 76 531 330 8527 2585 2161 485 284 3175 1764 3228 3204 1482 5942 2067 3875 1311 1741 723 10195 2584 276 2583 2478 1950 311 1411
is_linear=0
shrinkage=0.1


Tree=38
num_leaves=63
num_cat=0
split_feature=12 11 7 12 12 7 11 11 0 10 11 9 8 7 0 1 7 12 9 3 3 10 12 7 0 8 11 1 0 11 7 12 11 7 12 2 0 3 1 11 1 10 12 1 8 10 9 1 4 6 11 11 6 3 0 11 7 11 11 8 11 3
split_gain=19.528 7.28116 3.47572 2.46511 1.81237 1.75657 1.73276 1.55321 1.24037 1.16572 1.15101 1.14023 1.08303 1.16235 1.02283 2.92997 1.33048 0.988113 0.962036 0.955322 0.925246 0.896649 0.889052 0.994675 1.10452 0.870535 0.842599 0.929911 0.964532 0.840693 0.831944 0.801528 0.93482 0.778447 0.774435 0.861941 0.767937 1.06854 0.779639 0.758558 0.741377 0.798934 0.7763 0.719326 0.715886 0.70208 0.700811 0.695821 0.940213 0.935339 0.752506 0.691527 0.68323 1.28963 0.672401 0.667502 1.01541 0.666917 0.665653 0.65601 0.891484 0.742285
threshold=2.6027 2.4843500000000005 -0.8142754349318998 5.1255500000000014 0.33590000000000003 -0.99938741687870725 2.3648500000000006 3.5425000000000009 -7.9999999999999991 0.49500000000000011 1.7120500000000003 82.819000000000031 28.051000000000005 0.33222858587828868 -5.9999999999999991 106.00000000000001 -0.87810534180523914 1.6242000000000003 83.071000000000026 281.50000000000006 74.500000000000014 7.7870000000000017 0.52715000000000012 0.31595530242620651 -7.9999999999999991 28.163000000000007 2.6058000000000008 108.00000000000001 -5.9999999999999991 2.9031500000000006 0.71952396275653763 6.2917000000000014 1.6501000000000001 -0.92272482904738262 5.5578000000000012 8.5000000000000018 -6.9999999999999991 26.500000000000004 110.00000000000001 2.6816500000000008 112.00000000000001 2.9010000000000007 5.6963000000000008 111.00000000000001 28.811000000000003 29.269000000000002 84.993000000000009 113.00000000000001 -0.6830127018922193 -0.65234524191686594 3.2115500000000003 1.5066000000000002 -0.99866806308218525 275.50000000000006 -7.9999999999999991 2.7505000000000002 0.18281312110578132 1.3693000000000002 3.1952500000000001 27.697000000000006 2.1421000000000006 96.500000000000014
decision_type=2 2 2 2 2 2 2 2 2 2 2 2 2 2 2 2 2 2 2 2 2 2 2 2 2 2 2 2 2 2 2 2 2 2 2 2 2 2 2 2 2 2 2 2 2 2 2 2 2 2 2 2 2 2 2 2 2 2 2 2 2 2
left_child=1 4 5 6 33 -2 10 14 -7 52 -4 -6 13 26 16 17 -3 -16 -14 -12 36 29 -18 24 43 -26 27 59 57 -15 58 39 -33 -1 35 -28 -11 38 -38 40 41 -10 -43 -24 46 47 -39 49 -49 50 -22 -35 53 -8 -50 -51 -57 -29 -17 -5 -61 -62
right_child=2 7 3 12 11 8 9 -9 31 20 19 -13 18 21 15 30 22 -19 -20 -21 45 -23 23 -25 25 -27 34 28 -30 -31 -32 32 -34 51 -36 -37 37 44 -40 -41 -42 42 -44 -45 -46 -47 -48 48 54 55 -52 -53 -54 -55 -56 56 -58 -59 -60 60 61 -63
leaf_value=-0.010669925728295102 -0.0064177111204775069 -0.0084207495308856392 -0.01545656345039606 0.0074787523034667916 -0.0051957348640819358 -0.0019676672550220948 0.0029524767562500477 0.0049763956689275806 0.0021905479844115646 0.0045757970740263479 0.00010141248698878924 -0.002088375428222284 0.002438320504507555 0.0083302521396001125 0.0014382488695686192 -0.003341789442778618 -0.0024609870408652899 0.011191364822043165 -0.00261153883128845 -0.0063646172666146118 0.0033552495035522457 0.00034208031103826397 -0.008504104438135273 0.00091294150250549187 0.00074728597811823971 -0.0048234635275272589 -0.023454413929533575 0.0090020986476485546 0.0059337006941478677 -0.0011981434106946656 -0.0059708066944623448 0.0079075001588240473 -0.0052241990471314365 -0.0074067979103533497 0.0015160363058597721 -0.0024621366347484996 0.00068711665376570876 0.0054666582495170122 -0.009171880334169184 -0.0090692542993077423 -0.0010710746825753432 -0.00061483672593633373 -0.017806546716019511 -0.00012510816915110756 -0.0084932352105776474 -0.0064400695191468797 -0.0013144951632030582 -0.0075069141960362115 0.0043339693381205411 0.0013189649212436325 -0.0029989258756945966 -0.0046187347190311265 0.0047815538192249093 -0.024010390245045227 -0.0018958093541665772 -0.0060948678557876468 0.00041953112661077021 0.0015507991463543994 0.0021311218212500412 0.0059322022150937971 -0.022882772961874371 -0.00071446354215202687
leaf_weight=331 445 206 50 815 1850 2280 68 450 2997 1442 4766 3265 5006 1113 307 1235 1560 157 408 240 2276 202 328 5220 1323 356 31 126 759 101 1104 284 67 1386 171 53 178 594 146 82 1795 966 27 149 51 131 205 205 254 1926 203 2484 1594 24 545 363 702 2573 271 127 23 44
leaf_count=331 445 206 50 815 1850 2280 68 450 2997 1442 4766 3265 5006 1113 307 1235 1560 157 408 240 2276 202 328 5220 1323 356 31 126 759 101 1104 284 67 1386 171 53 178 594 146 82 1795 966 27 149 51 131 205 205 254 1926 203 2484 1594 24 545 363 702 2573 271 127 23 44
internal_value=-3.76422e-12 -0.00235417 0.00141942 0.00197607 -0.00447629 -0.000293229 0.00117087 -0.000793315 2.74809e-05 0.00188022 -0.000359376 -0.00321225 0.00308873 0.00399809 -0.00100585 -0.00258385 -0.000475251 0.00473833 0.00205776 -0.000208585 0.00143816 0.00651106 -0.000292084 0.000166631 -0.0016403 -0.000433885 0.00324452 0.00356369 0.00278431 0.00753753 -0.00388557 0.000759057 0.00540088 -0.00601535 -0.00234642 -0.0102093 0.00302985 0.00113099 -0.00375552 0.000481354 0.00061673 0.00137603 -0.00108229 -0.00588677 0.00299361 0.000807753 0.00372681 0.000954412 -0.00146544 0.00139857 0.00283492 -0.00561725 0.00429793 -0.00408131 8.46209e-05 0.000208091 -0.00180087 0.00189866 -0.00235696 0.00623472 0.0010085 -0.00832448
internal_weight=58440 21982 36458 27515 9316 8943 15963 12666 8498 10907 5056 5115 11552 6138 12216 3074 9142 464 5414 5006 9221 1416 8936 7376 2156 1679 4722 4467 3458 1214 2610 6218 351 4201 255 84 2616 1174 324 5867 5785 3990 993 477 850 6605 799 6474 1004 5470 2479 3870 1686 92 799 2991 1065 2699 1506 1009 194 67
internal_count=58440 21982 36458 27515 9316 8943 15963 12666 8498 10907 5056 5115 11552 6138 12216 3074 9142 464 5414 5006 9221 1416 8936 7376 2156 1679 4722 4467 3458 1214 2610 6218 351 4201 255 84 2616 1174 324 5867 5785 3990 993 477 850 6605 799 6474 1004 5470 2479 3870 1686 92 799 2991 1065 2699 1506 1009 194 67
is_linear=0
shrinkage=0.1


Tree=39
num_leaves=63
num_cat=0
split_feature=12 12 12 11 7 7 0 1 1 0 10 7 0 0 1 0 1 5 8 3 10 10 3 11 7 11 11 0 0 1 11 11 1 11 12 11 3 6 7 11 7 0 8 1 11 11 11 9 11 6 1 12 3 6 8 8 10 11 3 11 3 8
split_gain=15.8529 4.81142 3.47744 2.89268 2.06937 1.98282 1.48427 2.2144 1.41599 2.20182 1.71654 1.45232 4.24543 2.06832 1.51786 1.4559 3.14123 2.12339 1.58191 1.24577 1.08889 1.01689 0.983099 0.974369 0.966384 2.76209 1.0769 0.94862 0.940292 0.97593 0.937866 0.929933 0.912868 0.90656 0.880813 0.865086 0.86499 0.845191 0.837352 0.830369 0.971851 0.780552 1.16947 0.768553 0.749475 0.747505 0.740044 0.707424 0.693894 0.677374 0.671019 0.670156 0.659039 0.905217 0.864926 0.712605 1.0112 0.972991 0.968123 0.652552 0.651785 0.648856
threshold=2.0802 0.33590000000000003 5.6015000000000006 1.6220500000000002 -0.98521978256641018 -0.93543596745397617 -5.9999999999999991 106.00000000000001 106.00000000000001 -5.9999999999999991 5.8790000000000013 0.3484035575467645 -5.9999999999999991 -7.9999999999999991 112.00000000000001 -7.9999999999999991 111.00000000000001 0.6830127018922193 27.221000000000007 170.50000000000003 0.017000000000000005 2.7670000000000008 184.50000000000003 2.2710000000000004 0.097680735332368748 2.1421000000000006 1.5066000000000002 -7.9999999999999991 -5.9999999999999991 113.00000000000001 1.4613500000000001 2.3821000000000008 110.00000000000001 1.6631000000000002 3.3997000000000006 3.6831500000000004 296.50000000000006 0.83849049182116964 0.59003219687534991 3.5041000000000007 0.99932962452255414 -5.9999999999999991 26.671000000000006 110.00000000000001 2.6317000000000008 2.7075500000000003 2.6816500000000008 84.213000000000008 1.9741000000000002 -0.99630266176052629 106.00000000000001 4.0520500000000004 281.50000000000006 0.9916835347852474 28.451000000000004 29.121000000000006 0.47300000000000014 2.6504500000000006 286.50000000000006 3.0983000000000005 102.50000000000001 28.367000000000008
decision_type=2 2 2 2 2 2 2 2 2 2 2 2 2 2 2 2 2 2 2 2 2 2 2 2 2 2 2 2 2 2 2 2 2 2 2 2 2 2 2 2 2 2 2 2 2 2 2 2 2 2 2 2 2 2 2 2 2 2 2 2 2 2
left_child=1 33 3 30 22 -3 35 -8 9 10 -6 13 15 34 19 16 37 32 36 44 -4 31 -5 -14 25 28 -26 59 29 -22 -2 -19 -17 -1 49 50 -18 -13 -25 40 -40 42 -27 -33 -15 -11 -20 52 -21 -10 -7 -46 53 -29 -55 56 -54 -58 -57 -28 -16 -39
right_child=2 5 20 4 8 6 7 -9 11 45 -12 12 23 14 60 17 18 21 46 48 24 -23 -24 38 26 41 27 47 -30 -31 -32 43 -34 -35 -36 -37 -38 61 39 -41 -42 -43 -44 -45 51 -47 -48 -49 -50 -51 -52 -53 55 54 -56 58 57 -59 -60 -61 -62 -63
leaf_value=-0.0066592281728005652 -0.02206548933353689 -0.0053250060877984007 0.0047887850843562549 -0.004410921109720075 0.0029606381183226089 -0.0031165688119601806 0.0039270336234821356 -0.0040284301929032328 -0.018334812778713447 0.0056287946501055201 -0.0036594933905658082 0.0018643982097153846 -0.022442529462277889 0.00076080036647497261 0.0020307368133635857 0.0075429232770010488 0.0077044731662263754 -0.0071278118894199764 0.008133212806028179 -0.00076305793043078898 0.0029344393404713903 -0.0014099711744483985 0.00026748900773710586 0.001197295531208747 0.01830912664608688 0.0029966253792180829 0.0060988304732957988 0.0061892938560161835 0.0047944960014624522 -0.00060251366790168366 -0.006559886928850788 0.0082915900992864573 0.0025344597700083221 -0.0039571671442449252 -0.0010799301707854437 0.0096701133683981273 -0.00098480056955516527 -0.0031254945543878424 -0.0044827714381640571 0.0039643842094124132 -0.026228049778867335 -0.00042614789614852646 -0.0095026316221476295 0.0014550413676576853 -0.0012812400450346003 0.012568363741092565 0.014555626862387483 -0.0058696636300064045 0.0029033855463031391 -0.0041246389763499296 -0.00018300575091224018 -0.0090256058442725867 0.0048068725543488023 0.0023622646069270561 -0.023845609731506557 -0.014278109267354011 -0.0055803599445207516 0.0040057532146521328 0.0061216091199729379 -0.0070643579563460296 -0.0017229687138435789 -0.022406070359284061
leaf_weight=1962 45 1168 2025 1122 1606 863 405 2571 35 539 518 941 25 3836 556 669 270 81 344 584 1871 1643 749 431 49 95 1097 583 1148 1338 293 275 798 3382 3197 85 199 64 965 117 21 327 353 409 606 218 375 108 4445 807 8081 137 235 34 20 25 400 144 335 39 2753 24
leaf_count=1962 45 1168 2025 1122 1606 863 405 2571 35 539 518 941 25 3836 556 669 270 81 344 584 1871 1643 749 431 49 95 1097 583 1148 1338 293 275 798 3382 3197 85 199 64 965 117 21 327 353 409 606 218 375 108 4445 807 8081 137 235 34 20 25 400 144 335 39 2753 24
internal_value=-3.31783e-12 -0.00241839 0.00112169 0.000574027 0.000679924 -0.00139169 -0.00100901 -0.00294578 0.000898959 0.00299653 0.00134612 0.000653375 0.00179705 0.000137316 0.00075491 0.00298869 0.00503249 0.00181938 0.00853571 0.00139107 0.00271215 -7.73929e-06 -0.00253806 -0.00285944 0.00219938 0.00135993 0.00360312 0.00336451 0.00233836 0.0014597 -0.00862424 0.00300385 0.00481848 -0.0049492 -0.00183779 -0.00037064 0.00401755 0.00098797 -0.00254028 -0.00400075 -0.00494591 -0.00414077 -0.00685212 0.00420365 0.000197749 0.00762724 0.0114829 0.00198828 0.00247761 -0.00471532 -0.000466063 -0.00270921 0.00246613 0.00504201 -0.00734436 0.00102554 -0.00067484 -0.00304286 0.00470496 0.00564693 -0.00109225 -0.00838383
internal_weight=58440 18517 39923 29697 29359 13173 12005 2976 27488 2881 2124 24607 7651 16956 12917 6092 2217 3875 1188 9608 10226 2408 1871 1559 8201 5132 3069 3020 4357 3209 338 765 1467 5344 4039 9029 469 1029 1534 1103 986 775 448 684 4579 757 719 1884 5029 842 8944 743 1776 637 54 1139 779 544 360 1136 3309 88
internal_count=58440 18517 39923 29697 29359 13173 12005 2976 27488 2881 2124 24607 7651 16956 12917 6092 2217 3875 1188 9608 10226 2408 1871 1559 8201 5132 3069 3020 4357 3209 338 765 1467 5344 4039 9029 469 1029 1534 1103 986 775 448 684 4579 757 719 1884 5029 842 8944 743 1776 637 54 1139 779 544 360 1136 3309 88
is_linear=0
shrinkage=0.1


Tree=40
num_leaves=63
num_cat=0
split_feature=12 11 7 11 11 11 9 0 7 8 3 9 10 8 1 12 11 9 12 8 8 9 3 1 0 1 12 1 8 10 3 0 3 9 2 12 4 6 10 10 11 3 7 12 3 11 6 1 0 3 11 12 4 6 6 12 11 6 11 1 8 11
split_gain=13.1784 5.53927 2.2927 1.5558 1.48148 1.34971 1.24075 1.22801 1.11067 0.885754 0.935217 1.14524 0.941986 0.88393 0.800292 0.917866 1.14459 0.79081 0.775339 0.759966 0.755971 0.745166 0.737359 0.724642 0.992621 0.724834 0.682995 0.661539 0.808264 0.724808 0.653727 0.652081 0.63831 0.924708 0.783455 0.629942 0.62562 0.90835 0.621247 0.607823 0.651283 0.599968 0.684005 1.0509 0.819512 0.635752 0.585156 0.579662 0.778578 0.609316 0.564568 0.579103 0.563245 0.698614 1.3543 1.20541 0.916669 0.687113 0.595727 0.559648 0.730857 0.698491
threshold=3.0579500000000004 2.4726000000000004 -0.6905596507703472 3.3570000000000007 1.9611500000000002 2.5691000000000002 76.561000000000021 -5.9999999999999991 -0.99938741687870725 28.389000000000006 74.500000000000014 84.253000000000029 0.12100000000000004 26.861000000000008 112.00000000000001 5.8182000000000009 1.4613500000000001 81.619000000000014 0.63350000000000006 29.231000000000005 27.591000000000005 77.469000000000008 268.50000000000006 108.00000000000001 -6.9999999999999991 113.00000000000001 6.5250000000000012 113.00000000000001 26.103000000000005 5.7410000000000014 26.500000000000004 -7.9999999999999991 278.50000000000006 87.741000000000014 9.5000000000000018 6.3620500000000009 -0.93301270189221908 -0.92923668111203805 0.49500000000000011 1.5990000000000004 2.5439000000000003 360.50000000000006 0.96407344085605606 5.4407000000000005 52.500000000000007 2.6504500000000006 0.99761913169647187 108.00000000000001 -7.9999999999999991 268.50000000000006 0.7552000000000002 0.12010000000000001 -0.24999999999999994 0.95242846126021108 0.86113431103781346 5.2338000000000013 2.3648500000000006 0.34235194516023087 2.5995500000000002 112.00000000000001 28.971000000000004 3.2115500000000003
decision_type=2 2 2 2 2 2 2 2 2 2 2 2 2 2 2 2 2 2 2 2 2 2 2 2 2 2 2 2 2 2 2 2 2 2 2 2 2 2 2 2 2 2 2 2 2 2 2 2 2 2 2 2 2 2 2 2 2 2 2 2 2 2
left_child=1 4 5 13 50 7 26 8 -2 10 11 -8 22 18 -10 16 -16 41 -3 -9 -6 -15 23 -12 25 -25 46 29 -29 32 -13 -5 34 39 47 -27 -31 -38 -7 40 -34 42 44 -44 -11 -46 59 48 -14 -49 -1 -52 -19 54 57 58 -57 -54 -56 60 -4 -62
right_child=2 3 6 31 20 38 9 19 14 17 12 30 27 21 15 -17 -18 52 -20 -21 -22 -23 -24 24 -26 35 -28 28 -30 36 -32 -33 33 -35 -36 -37 37 -39 -40 -41 -42 -43 43 -45 45 -47 -48 49 -50 -51 51 -53 53 -55 55 56 -58 -59 -60 -61 61 -63
leaf_value=-0.0098965148766358632 -0.00602559630239566 -0.0022794215942810703 0.0025917051432939888 0.0063452894029795304 -0.0016828609047268761 -0.000639354576290186 0.0051386949336688506 0.0026383309834400507 0.00065312027453812811 0.0080509658674530402 0.0056530609623659661 -0.0034167150597527833 -0.00053921396378280755 0.0012655124923817906 -0.015268920587611871 0.00095135940196487505 -0.0023070486810108887 0.0028433271546510624 0.00093852611919334342 -0.0052738217723799609 -0.0038678597528670625 -0.0017432893084459911 0.0064619337244326645 0.000335708681007236 0.0047373950937302945 -0.011648455551973134 0.0058185861253709573 -0.0079425899215283344 -0.00011823204280388404 0.0044484107341203425 0.0025161688823542487 0.0014139542058386478 0.0019356404505150313 0.012813619390074719 -0.005439259776587625 0.0017085708346432792 -0.0097663508027008832 -0.00035184457364957779 -0.012440091620078236 0.0010186238362973709 0.0072365872324596098 0.011149579147271561 0.0011096608047032866 -0.016958000211545952 0.0017715815727984566 -0.0019624438271535491 0.014215878187678756 6.9210469272517204e-05 0.0047461424073202913 0.007089083005187357 -0.0073209603626607327 -0.004130823582183714 -0.0080958858030243663 0.0015165513526576892 -0.0019146040453317228 -0.027430090116844937 -0.0049317742913478511 0.00067626149491101814 -0.01360075621669239 0.0010281833195670679 0.007499470176002514 -0.011102187997173697
leaf_weight=228 326 940 1806 347 3819 70 1689 2353 5257 169 442 270 396 920 71 1011 1683 218 3680 128 2705 7817 573 500 405 110 898 147 1296 243 595 1180 439 101 168 52 110 1500 123 836 491 59 82 53 1851 605 44 1954 941 132 710 2866 114 287 137 55 27 412 64 1393 521 21
leaf_count=228 326 940 1806 347 3819 70 1689 2353 5257 169 442 270 396 920 71 1011 1683 218 3680 128 2705 7817 573 500 405 110 898 147 1296 243 595 1180 439 101 168 52 110 1500 123 836 491 59 82 53 1851 605 44 1954 941 132 710 2866 114 287 137 55 27 412 64 1393 521 21
internal_value=-5.44958e-12 -0.00172395 0.00130806 -0.000489225 -0.00350335 0.000129027 0.00189328 0.000276759 -0.000303776 0.00150685 0.00190185 0.00362328 0.00149612 -0.000834911 -7.12514e-05 -0.00144847 -0.00283173 0.000227147 0.000283792 0.00223013 -0.00258881 -0.00142646 0.00340795 0.00224829 0.000837877 -0.00154778 0.00333922 0.00104142 -0.000915308 0.00142762 0.000664286 0.00253457 0.00200778 0.00350758 0.00122801 -0.00736101 -0.000281221 -0.000995072 -0.00816003 0.00297536 0.00473431 0.00117154 0.000958243 -0.00598357 0.00131525 0.000851759 0.00275098 0.00155524 0.0031807 0.000513421 -0.00507183 -0.00476421 -0.00179892 -0.00272228 -0.00422605 -0.00980411 -0.0200221 -0.00122493 -0.00563557 0.00261613 0.00355822 0.00677874
internal_weight=58440 25212 33228 14884 10328 11022 22206 10829 8348 17523 13390 2554 10836 13357 8022 2765 1754 4133 4620 2481 6524 8737 2082 1509 1067 662 4683 8754 1443 7311 865 1527 5458 1867 3591 162 1853 1610 193 1766 930 2819 2760 135 2625 2456 3785 3423 1337 2086 3804 3576 1314 1096 809 283 82 526 201 3741 2348 542
internal_count=58440 25212 33228 14884 10328 11022 22206 10829 8348 17523 13390 2554 10836 13357 8022 2765 1754 4133 4620 2481 6524 8737 2082 1509 1067 662 4683 8754 1443 7311 865 1527 5458 1867 3591 162 1853 1610 193 1766 930 2819 2760 135 2625 2456 3785 3423 1337 2086 3804 3576 1314 1096 809 283 82 526 201 3741 2348 542
is_linear=0
shrinkage=0.1


Tree=41
num_leaves=63
num_cat=0
split_feature=12 12 11 5 7 11 12 11 12 5 9 10 3 1 6 1 0 1 8 10 7 1 0 10 11 1 11 8 7 8 11 11 7 7 8 10 1 0 6 8 0 3 10 9 7 3 0 0 7 8 8 9 9 10 11 3 12 8 1 11 12 1
split_gain=10.8144 4.78541 2.32174 1.63226 1.23444 1.34844 1.19328 1.28237 1.0819 0.893975 0.89388 1.04836 1.73289 1.29663 0.897603 0.946609 0.87888 1.11717 0.874631 0.863714 0.790145 0.766031 0.719592 0.713158 0.712195 0.707951 0.665201 0.640967 0.614201 0.590359 0.539257 0.906316 1.36206 0.762905 0.658667 0.764278 0.587143 0.62117 0.810473 0.540274 0.536838 0.535631 0.531277 0.664164 0.615359 1.33007 1.02852 0.869075 1.6059 0.914754 0.700372 0.534595 0.523587 0.50685 0.569667 0.604013 0.512901 0.50562 0.504766 1.10547 0.634119 0.504274
threshold=0.55330000000000013 4.6206000000000005 2.1147500000000004 -0.9330127018922193 -0.9292178835113839 1.3271000000000002 3.2399000000000004 3.1645000000000008 0.10810000000000002 -0.68301270189221952 83.251000000000019 1.8650000000000004 268.50000000000006 111.00000000000001 -0.97509794945709805 110.00000000000001 -7.9999999999999991 111.00000000000001 27.767000000000007 0.24700000000000005 0.5475998096715059 107.00000000000001 -6.9999999999999991 1.0810000000000002 1.8750000000000002 110.00000000000001 0.7552000000000002 24.571000000000005 -0.99938741687870725 28.367000000000008 3.1645000000000008 2.6252500000000007 -0.40613878790836594 0.84658398682345093 27.481000000000005 10.297000000000002 110.00000000000001 -7.9999999999999991 -0.97509794945709805 28.347000000000005 -5.9999999999999991 265.50000000000006 0.0050000000000000001 66.812000000000012 0.3484035575467645 291.50000000000006 -5.9999999999999991 -7.9999999999999991 0.48877522411129348 28.931000000000008 29.331000000000007 75.073000000000022 82.943000000000026 4.9230000000000009 2.8261000000000007 210.50000000000003 3.7179500000000005 27.697000000000006 111.00000000000001 2.4786000000000006 6.8599500000000004 114.00000000000001
decision_type=2 2 2 2 2 2 2 2 2 2 2 2 2 2 2 2 2 2 2 2 2 2 2 2 2 2 2 2 2 2 2 2 2 2 2 2 2 2 2 2 2 2 2 2 2 2 2 2 2 2 2 2 2 2 2 2 2 2 2 2 2 2
left_child=8 2 23 22 28 -6 7 18 -1 -10 21 12 13 41 15 -13 17 20 27 -18 -9 29 -4 24 -2 -21 -11 -5 -3 -7 31 33 53 36 -34 -36 37 38 52 -37 -35 -12 -23 -44 45 46 51 58 50 -50 -49 -45 -8 54 55 56 -33 -32 60 -60 -46 -25
right_child=1 4 3 6 5 10 30 16 9 26 11 14 -14 -15 -16 -17 19 -19 -20 25 -22 42 -24 61 -26 -27 -28 -29 -30 -31 57 32 34 40 35 39 -38 -39 -40 -41 -42 -43 43 44 47 -47 -48 48 49 -51 -52 -53 -54 -55 -56 -57 -58 -59 59 -61 -62 -63
leaf_value=-0.0066939008949741842 -0.0095053978631525152 -0.0054951981005245494 -0.0056580135731310408 -0.0030458254485368937 0.0093077006337021623 0.0049696363053050091 -0.024658428847222871 -0.0061480893812948176 -0.0063415669660185003 -0.0087839644930195505 0.0037849069421671678 -0.023574552846115992 0.0078720525867978387 -0.0024210253599654544 -0.00095885304417944782 -0.0022895672853337603 0.013684165568789467 0.0096574002343661619 -0.0017498170262752787 0.0020611329232664878 0.0038847013569267633 0.0037204357274950614 -0.0012835419341085358 -0.0013022940302035665 -0.0033620725530803539 -0.0013209450331060524 -0.0024737821069798324 0.00019967403987456974 0.00015535912847580941 0.0011668574180265961 0.0023330264464532717 0.0043694223153094456 0.0056133093312573344 -0.0030010925154577354 0.0031372328218408881 0.00092247391272736292 -0.00042417449931547789 0.002437104978171829 -0.00011411772499829362 -0.0086670152305327736 -0.018580542230726374 -0.011087877040728928 -0.0043520459334962487 0.0027223187934107889 0.0018536616566708791 -0.0095734931367703474 0.0031585959359236083 0.0050173201494900822 -0.0019948823645130447 0.0034299867074762931 0.014852284061540242 0.00010546911532476874 -0.0033208409931672657 -0.016491231160058129 -0.0088611437042641749 0.0098486754987299301 -0.014122040759151182 -0.0040292304171729116 0.0044770539327631314 0.015955578128973299 0.010337277355470829 -0.0065673354494905738
leaf_weight=933 240 209 636 661 251 1618 23 103 739 172 771 37 397 779 1345 48 50 274 4828 1267 330 1497 920 2531 883 1210 5815 7664 2417 546 191 30 916 282 1565 149 1982 2542 496 97 24 25 178 984 413 110 2477 340 811 504 92 3778 23 31 86 52 30 361 240 129 112 196
leaf_count=933 240 209 636 661 251 1618 23 103 739 172 771 37 397 779 1345 48 50 274 4828 1267 330 1497 920 2531 883 1210 5815 7664 2417 546 191 30 916 282 1565 149 1982 2542 496 97 24 25 178 984 413 110 2477 340 811 504 92 3778 23 31 86 52 30 361 240 129 112 196
internal_value=-2.66471e-12 0.000528302 -0.000257684 7.19292e-05 0.00172726 0.00203093 0.000265513 -0.000240371 -0.00350277 -0.00306011 0.00192493 0.000472774 0.00196764 0.000479357 -0.00158868 -0.0115548 0.00154364 0.00466029 -0.000679017 0.000671674 0.00149815 0.00228216 -0.00307157 -0.00255411 -0.00467498 0.000409008 -0.00265507 -5.80167e-05 -0.000294362 0.00401016 0.00119906 0.00139969 0.00280601 0.000625845 0.00342806 0.00232276 0.000918729 0.00178178 -0.00129174 -0.00285875 -0.00422301 0.0033178 0.0019616 0.00170265 0.00181053 0.00134004 0.00150588 0.00311975 0.00182207 8.4307e-05 0.0071118 0.000646204 -0.0139896 -0.00460146 -0.00273993 0.00196029 -0.00487631 -0.0018278 0.00565559 0.00848987 0.0036635 -0.00168071
internal_weight=58440 50781 30673 26823 20108 17482 25267 16387 7659 6726 17231 3402 1972 1575 1430 85 3234 707 13153 2527 433 13829 1556 3850 1123 2477 5987 8325 2626 2164 8880 8328 2956 5372 2727 1811 5066 3084 542 246 306 796 11665 10168 9990 7349 7239 2641 1747 1315 432 4762 46 229 198 112 60 552 894 369 525 2727
internal_count=58440 50781 30673 26823 20108 17482 25267 16387 7659 6726 17231 3402 1972 1575 1430 85 3234 707 13153 2527 433 13829 1556 3850 1123 2477 5987 8325 2626 2164 8880 8328 2956 5372 2727 1811 5066 3084 542 246 306 796 11665 10168 9990 7349 7239 2641 1747 1315 432 4762 46 229 198 112 60 552 894 369 525 2727
is_linear=0
shrinkage=0.1


Tree=42
num_leaves=63
num_cat=0
split_feature=12 11 12 11 7 11 6 12 9 8 11 7 1 0 10 8 6 11 12 11 6 3 1 3 12 7 8 1 8 8 11 12 9 12 8 7 0 10 1 7 3 3 8 10 0 10 6 6 11 9 6 11 11 9 0 10 6 1 9 6 6 7
split_gain=8.91516 3.54227 1.97592 2.12711 1.38323 1.12492 1.20943 0.974431 0.940036 1.03113 0.920447 0.861801 0.816334 1.38308 1.1072 0.80453 0.77756 0.867157 0.772079 1.02493 0.801135 0.744981 0.728005 0.941441 0.72283 0.872934 0.789262 0.670061 0.663428 0.658135 0.64628 0.621783 0.594325 0.615901 0.574106 0.561038 0.691525 1.26882 0.567768 0.552052 0.645096 0.747599 0.622179 0.620961 0.550795 0.539549 0.538569 0.535956 0.690228 0.519637 0.510047 0.505526 0.494994 0.516728 0.491771 0.489099 0.486969 0.48393 0.615904 0.483185 0.476171 0.461712
threshold=2.6027 2.5319000000000007 6.2252500000000008 1.5066000000000002 -0.98521978256641018 2.0000500000000003 0.95998215779580554 0.16620000000000004 77.469000000000008 29.071000000000005 3.5954500000000005 -0.30982845708428081 106.00000000000001 -5.9999999999999991 2.2710000000000008 27.577000000000009 -0.048361574224334618 2.2494000000000001 5.0367500000000005 2.0917000000000008 -0.18492532721306487 261.50000000000006 112.00000000000001 150.50000000000003 1.4145500000000002 -0.23537842981696178 26.521000000000004 113.00000000000001 28.777000000000005 26.35100000000001 1.0590000000000002 5.4407000000000005 84.119000000000014 6.4422000000000006 28.011000000000006 -0.091258822863740666 -6.9999999999999991 2.8110000000000008 112.00000000000001 0.93469109537144635 58.500000000000007 66.500000000000014 28.231000000000005 0.61100000000000021 -6.9999999999999991 5.8030000000000017 -0.46801505794253101 -0.28519255817492867 2.9569000000000005 81.477000000000018 -0.32614396506100213 2.7008500000000004 3.0071000000000008 87.361000000000018 -6.9999999999999991 0.47300000000000014 0.97696484778429815 109.00000000000001 80.361000000000033 0.39036257410962044 0.22700754078277605 0.33222858587828868
decision_type=2 2 2 2 2 2 2 2 2 2 2 2 2 2 2 2 2 2 2 2 2 2 2 2 2 2 2 2 2 2 2 2 2 2 2 2 2 2 2 2 2 2 2 2 2 2 2 2 2 2 2 2 2 2 2 2 2 2 2 2 2 2
left_child=1 7 3 31 16 30 11 -1 22 12 24 -7 13 14 47 -9 -5 -18 19 20 27 -16 -6 -24 25 -3 52 -14 56 -13 -4 -2 34 -34 50 36 -32 -38 -39 40 -20 42 -42 -41 49 -43 -27 48 -10 -19 -31 -15 -26 -54 -48 -28 -8 58 -11 -36 -45 -21
right_child=2 10 5 4 8 6 28 15 9 57 -12 29 18 51 21 -17 17 44 39 61 -22 -23 23 -25 26 46 55 -29 -30 32 35 -33 33 -35 59 -37 37 38 -40 43 41 45 -44 60 -46 -47 54 -49 -50 -51 -52 -53 53 -55 -56 -57 -58 -59 -60 -61 -62 -63
leaf_value=-0.0050593287346392861 -0.017223783859563076 -0.0051831682328179127 0.01522616394981742 0.00088685233029634533 0.0028621862044364483 -0.0039406841703263735 -0.014787009976948063 -0.0015914588560688369 0.0060642131988962109 -0.0010048562034096261 0.00494611675130962 0.013854933261871339 -0.0027659008190534379 0.0054836242342232461 0.00051593377040856528 -0.0035844876207987487 -0.0021659399367955716 -0.030570618738420308 0.0065684870756575198 5.8844835909027599e-05 -0.00032097441723855243 -0.0058698859611380268 0.0045140628448986147 -0.000528326791115796 0.0012202175302636299 0.00067535750258802298 0.0049243550034409481 -0.0098055489790479997 -0.0223691667844024 0.0025655710260827735 0.0015898969736552219 -0.0052974314018178524 0.0063003765902033566 -0.012141245022754779 0.00019893985058555284 0.0058841588145771085 0.0062635054156307997 -0.00021590308214609443 -0.021785052570149954 0.011949961466921701 -0.00010881935913379206 0.0019416598242543851 -0.019033997457881924 -0.0020513100141394398 -0.0058123363628658619 -0.0016520852212571506 -0.00036085357673313083 0.00040365079352900815 -0.0052321037679113509 -0.010829090510960669 0.010162840556398683 0.013071646050370315 0.0090683563044573635 0.0015330041247296196 -0.0024659235195711722 -0.00069352179917805382 -0.00035941734351217748 -0.0011167391058289316 -0.010443062605433323 0.0084477836723817739 -0.012782469099620358 0.0013845910075525384
leaf_weight=1841 51 525 50 708 3894 240 34 4385 650 133 310 50 729 382 686 3764 1109 20 264 6799 1566 249 474 1692 1047 1549 162 166 27 193 1421 306 27 55 632 893 758 26 23 27 38 4983 32 239 129 456 2071 364 59 40 163 114 192 173 2391 3572 75 877 144 80 50 4281
leaf_count=1841 51 525 50 708 3894 240 34 4385 650 133 310 50 729 382 686 3764 1109 20 264 6799 1566 249 474 1692 1047 1549 162 166 27 193 1421 306 27 55 632 893 758 26 23 27 38 4983 32 239 129 456 2071 364 59 40 163 114 192 173 2391 3572 75 877 144 80 50 4281
internal_value=-2.61952e-12 -0.00159064 0.000959062 0.000674227 0.00076162 0.00286182 0.000678232 -0.00298146 0.000935272 0.000646567 -0.000432013 0.00152957 0.000798504 0.00249889 0.00133083 -0.00251203 -0.00177891 -0.00323297 0.000581603 0.000161052 -0.00168497 -0.00118467 0.00204473 0.000575132 -0.00057473 -0.0012727 0.000311774 -0.00407158 -0.0083359 0.00262362 0.00394707 -0.0070012 0.0021353 -0.006069 0.00276522 0.00376638 0.00291755 0.00525535 -0.0103402 0.00151684 0.00173962 0.00150821 -0.00876033 -0.00255297 -0.00949401 0.00164036 -0.000931163 0.00352281 0.00512418 -0.0174096 0.0060441 0.00722765 0.00232571 0.00549681 -0.00148887 -0.00044979 -0.00485977 -0.00226761 -0.00591136 0.00112578 -0.00390791 0.000571076
internal_weight=58440 21982 36458 31711 31354 4747 1576 9990 29348 23288 11992 1440 22134 2504 2008 8149 2006 1298 19630 13541 2461 935 6060 2166 11682 6536 5146 895 136 1200 3171 357 1150 82 1068 3121 2228 807 49 6089 5773 5509 70 316 189 5439 6011 1073 709 60 356 496 1412 365 4462 3734 109 1154 277 712 289 11080
internal_count=58440 21982 36458 31711 31354 4747 1576 9990 29348 23288 11992 1440 22134 2504 2008 8149 2006 1298 19630 13541 2461 935 6060 2166 11682 6536 5146 895 136 1200 3171 357 1150 82 1068 3121 2228 807 49 6089 5773 5509 70 316 189 5439 6011 1073 709 60 356 496 1412 365 4462 3734 109 1154 277 712 289 11080
is_linear=0
shrinkage=0.1


Tree=43
num_leaves=63
num_cat=0
split_feature=12 11 11 7 2 3 0 7 11 12 7 11 11 8 9 1 11 8 4 6 8 3 10 3 0 11 12 1 3 0 10 1 7 10 12 6 8 8 8 3 8 6 9 8 6 0 6 9 1 11 1 9 2 10 12 11 12 9 12 11 12 11
split_gain=7.30339 3.5209 1.37739 1.37418 1.62199 3.40974 1.43329 1.0069 0.967348 0.841292 0.821365 1.24069 0.797193 0.737921 0.761996 0.726509 0.779472 0.703067 0.680049 1.02404 0.925363 0.756616 1.07395 0.954985 1.1418 0.86225 1.47316 0.824323 1.00663 0.90167 0.686626 0.673303 0.870503 0.650108 1.02387 0.643726 1.94442 0.755963 0.628599 0.625244 0.607131 0.596974 0.593737 0.589163 0.585565 0.630739 0.787729 0.530111 0.514143 0.512868 0.511077 0.519281 0.499818 0.496208 0.494469 0.490616 0.474151 0.471297 0.467395 0.463538 0.453105 0.664922
threshold=3.3015500000000002 2.0639000000000007 3.4679000000000006 -0.42179730054635828 4.5000000000000009 120.50000000000001 -7.9999999999999991 -0.98801846520836312 3.1645000000000008 0.43310000000000004 -0.70289845916694649 2.5746000000000007 1.5066000000000002 27.591000000000005 77.469000000000008 114.00000000000001 2.2439000000000004 29.231000000000005 0.93301270189221952 0.9916835347852474 28.741000000000007 100.50000000000001 2.1930000000000005 26.500000000000004 -7.9999999999999991 2.5503500000000003 4.9452000000000007 112.00000000000001 320.50000000000006 -6.9999999999999991 0.58500000000000019 111.00000000000001 -0.99938741687870725 5.8790000000000013 4.7862000000000009 0.9053161325100999 28.491000000000007 28.631000000000007 24.571000000000005 126.50000000000001 27.521000000000004 0.022575936829235418 73.969000000000008 26.611000000000004 -0.99763297024448894 -7.9999999999999991 -0.91597725483594616 74.39700000000002 110.00000000000001 2.4039500000000005 111.00000000000001 82.041000000000011 11.500000000000002 0.10100000000000003 4.2631500000000004 1.9539500000000001 5.7169000000000008 87.741000000000014 7.0436500000000004 2.3982000000000006 6.4791500000000015 2.8859000000000008
decision_type=2 2 2 2 2 2 2 2 2 2 2 2 2 2 2 2 2 2 2 2 2 2 2 2 2 2 2 2 2 2 2 2 2 2 2 2 2 2 2 2 2 2 2 2 2 2 2 2 2 2 2 2 2 2 2 2 2 2 2 2 2 2
left_child=1 -1 7 4 5 -2 15 -3 12 -9 11 17 58 38 -15 16 39 31 21 35 55 23 25 24 50 26 52 -28 29 -29 -25 33 -33 57 -35 36 -20 -37 -11 -6 -27 -17 -24 -10 -42 46 -46 -47 -26 -22 60 -52 -23 -18 -55 -21 -41 -8 -5 -38 61 -14
right_child=3 2 -4 8 6 -7 10 9 43 13 -12 -13 18 14 -16 41 53 -19 19 20 49 22 42 30 48 40 27 28 -30 -31 -32 32 -34 34 -36 37 59 -39 -40 56 44 -43 -44 -45 45 47 -48 -49 -50 -51 51 -53 -54 54 -56 -57 -58 -59 -60 -61 -62 -63
leaf_value=-0.0036716279222923144 -0.0038307823437947774 -0.004672856539546486 0.0031848214334401952 -0.0059450887409704077 0.0073629797669127585 -0.045303708736208231 0.0025524990283609843 -0.0022379450446033348 0.010888545124658517 -0.0024843802752824687 0.0025342803334466525 -0.009516720113072856 -0.004305087874422125 0.001225484291852548 -0.0015871552145828548 -0.0082105877637108377 0.0018307896347250789 -0.0048581526120494494 0.0013719391136171443 -0.01273445654292836 -0.0077313752828872418 -0.0010964634730172985 0.0055728294415800551 -0.0023389593906974751 0.00076184680187175958 0.0067420746194875401 0.0039443968683562439 -0.00048051552622458652 -0.0058773465057396718 0.0040849410862097771 0.0053727146944963526 -0.0093455421915277833 0.00013353472731152653 -0.00064064055434578915 -0.019529477793548723 0.0014913706500474606 -0.031624323809519413 0.0096179685775395936 0.00036745092029482116 -0.0012788542268250191 -0.0047091592904380574 -0.00092844929483175539 2.5838822544667966e-06 -0.0023898410637671168 -0.0047230406579646198 0.0061000593549383614 0.012487544480670435 0.00082966392348668482 -0.0054801440233250669 -0.024018682531434403 0.016903562694940654 0.0041508113704760803 -0.011860203591899741 -0.0026035073191148211 -0.0099416532291880608 -0.00084690677311354825 0.0012820302241995625 -0.0014493035756728476 0.0098386273878118546 -0.01281601430597029 0.0086893645579365492 0.010283150767957393
leaf_weight=4764 354 663 887 21 110 21 3210 3084 35 845 2984 120 122 1127 6628 244 100 218 211 38 58 1044 202 124 286 640 2150 849 187 882 1676 100 3106 278 32 1160 20 127 9059 1911 93 209 3632 738 33 279 137 604 245 29 61 67 45 192 176 402 1163 324 176 38 78 42
leaf_count=4764 354 663 887 21 110 21 3210 3084 35 845 2984 120 122 1127 6628 244 100 218 211 38 58 1044 202 124 286 640 2150 849 187 882 1676 100 3106 278 32 1160 20 127 9059 1911 93 209 3632 738 33 279 137 604 245 29 61 67 45 192 176 402 1163 324 176 38 78 42
internal_value=-3.22382e-12 -0.00120397 -0.000676629 0.00103801 0.000339882 -0.00615327 0.000508075 -0.000836636 0.00166522 -0.000714021 0.00113405 0.000568493 0.00183465 -0.00044788 -0.00117841 -0.00107355 -0.000605007 0.000735007 0.00175462 7.30334e-05 -0.00373686 0.00201451 0.00163941 0.00351113 0.000853404 0.00238123 0.00172541 0.00259989 0.00109275 0.00184573 0.00484147 0.000907959 -0.000162132 0.00180044 -0.00259046 0.0013634 -0.00308556 0.0022933 0.000124135 -4.49e-05 0.00427488 -0.00485084 0.000296061 -0.00178862 0.00289705 0.00356882 0.00914667 0.00249494 -0.00211817 -0.0131605 0.00511801 0.0102283 -0.00154125 -0.00441565 -0.00611306 -0.00187356 -0.000309983 0.00218561 0.0081561 -0.0193016 0.00241505 -0.000569076
internal_weight=58440 27057 22293 31383 14852 375 14477 21406 16531 20743 10372 7388 15758 17659 7755 4105 3652 7268 15561 2083 527 13478 10777 2701 901 6943 5157 4068 1918 1731 1800 7050 3206 3844 310 1556 269 1287 9904 3184 1786 453 3834 773 1146 1053 170 883 531 87 370 128 1089 468 368 440 3074 3534 197 58 242 164
internal_count=58440 27057 22293 31383 14852 375 14477 21406 16531 20743 10372 7388 15758 17659 7755 4105 3652 7268 15561 2083 527 13478 10777 2701 901 6943 5157 4068 1918 1731 1800 7050 3206 3844 310 1556 269 1287 9904 3184 1786 453 3834 773 1146 1053 170 883 531 87 370 128 1089 468 368 440 3074 3534 197 58 242 164
is_linear=0
shrinkage=0.1


Tree=44
num_leaves=63
num_cat=0
split_feature=12 12 11 12 3 0 1 1 0 1 8 3 1 6 6 3 6 3 11 6 11 3 11 3 12 5 9 10 10 10 9 11 0 11 8 11 7 9 3 11 7 11 1 6 11 11 9 8 3 0 8 0 10 3 3 11 1 3 8 8 11 6
split_gain=5.96071 2.20276 2.0291 1.29846 1.04046 1.06372 1.5066 0.90392 1.56826 2.29469 1.58931 1.58496 1.31658 1.03178 0.992287 0.924082 0.854061 1.25668 0.838069 0.81376 0.793592 0.742044 0.818819 0.748118 0.722418 0.707766 0.696886 0.696299 0.690477 0.667579 0.661896 0.707316 0.642312 1.11131 0.638742 0.636622 0.632458 0.626596 0.750314 0.673613 0.770006 0.611196 0.605995 0.605194 0.61882 0.603133 0.59196 0.568102 0.690381 0.7009 0.661625 0.563914 1.27676 0.612322 0.594175 0.560569 0.550919 0.536801 0.536441 0.529748 0.573307 0.522708
threshold=1.1079500000000002 4.7862000000000009 1.8894000000000002 0.22810000000000002 74.500000000000014 -5.9999999999999991 106.00000000000001 113.00000000000001 -7.9999999999999991 111.00000000000001 27.349000000000007 322.50000000000006 110.00000000000001 -0.97113884758256674 -0.54220184589352438 288.50000000000006 -0.75015329512557205 299.50000000000006 1.5255500000000002 -0.58482361983252518 2.6816500000000008 184.50000000000003 2.7354000000000007 172.50000000000003 7.7621000000000011 -0.68301270189221952 80.411000000000016 1.4590000000000003 0.27700000000000008 1.5990000000000004 76.089000000000013 2.7354000000000007 -6.9999999999999991 2.8340500000000004 24.449000000000005 2.6058000000000008 -0.27694043983797384 83.251000000000019 58.500000000000007 2.2439000000000004 -0.80417042486635371 2.4493000000000005 108.00000000000001 0.22700754078277605 2.5811000000000006 3.2276500000000001 66.812000000000012 26.103000000000005 303.50000000000006 -7.9999999999999991 28.811000000000003 -6.9999999999999991 2.4010000000000007 259.50000000000006 247.50000000000003 1.7442000000000002 113.00000000000001 24.500000000000004 27.941000000000006 26.787000000000006 1.5255500000000002 0.35846314187849709
decision_type=2 2 2 2 2 2 2 2 2 2 2 2 2 2 2 2 2 2 2 2 2 2 2 2 2 2 2 2 2 2 2 2 2 2 2 2 2 2 2 2 2 2 2 2 2 2 2 2 2 2 2 2 2 2 2 2 2 2 2 2 2 2
left_child=3 2 18 -1 5 34 -7 8 9 13 41 12 15 28 -12 32 17 35 -2 45 -8 22 23 -15 37 -5 -25 -13 -6 -20 31 -14 33 -10 -4 -3 -31 38 61 -40 -41 -11 -30 44 -36 51 -33 -19 -49 -50 -51 54 -53 -54 -9 -26 -37 -22 -55 60 -39 -18
right_child=1 16 4 25 7 6 20 19 11 10 14 27 30 21 -16 -17 24 47 29 -21 57 -23 -24 26 55 -27 -28 -29 42 36 -32 46 -34 -35 43 56 -38 59 39 40 -42 -43 -44 -45 -46 -47 -48 48 49 50 -52 52 53 58 -56 -57 -58 -59 -60 -61 -62 -63
leaf_value=-0.0036098514906641442 -0.020878791504073888 0.0021119090955151027 -0.0043607558331568734 -0.0036540087424560006 0.001738785103039253 0.0076784473960287876 -0.0091459555585948604 -0.014509696704454912 0.00047055994352520052 -0.0037352393056605017 0.016651656749370965 0.0027754251655278499 0.00023773298943940394 -0.0023340670689611567 0.0046254803450969714 0.0042481530672054723 0.001249297272653169 -0.010822171473409982 -0.0069656370346137383 -0.00071913321207436062 -0.005775527130714512 -0.0010505454830664856 -0.010632326023123525 -0.021090995916165412 0.012514392917906431 -0.00096594441400262303 -0.005283169516226198 -0.0030040854737993956 -0.0177710839897663 -0.00085435110470580766 -0.0011761607201791467 0.018320749272616246 0.0018817602911318479 -0.0082618407309418187 -0.0071621514145475771 -0.0030492474940123511 -0.014367439966598476 -0.0037963404563581792 0.0013325721245484236 -0.0093278482286628366 -0.00033547030190511417 0.0027746834531760271 -0.0062763744242617797 0.0028443770249633278 0.00090789073092640725 0.0034862273137202895 0.0045552506580189538 0.0097375096389872295 0.0098622680042538199 -0.0029679982055505903 0.0055173067392606757 -0.0034816444415028827 -0.00063447306823471322 -0.030022494203100603 -0.0015422351145002238 0.00078870185211093893 0.0048009323808530886 9.5929684509944836e-06 -0.014560026136028132 -0.0020080994225103476 0.0019462743599294109 0.0066035392792587466
leaf_weight=3482 30 4808 150 1128 43 158 166 39 2716 307 94 240 516 892 254 1133 329 20 417 1891 220 1374 182 42 94 7441 83 1586 97 542 3361 39 4958 154 111 443 37 212 7104 101 1665 272 87 3458 660 87 157 338 143 170 200 227 23 30 376 72 112 592 89 1313 966 409
leaf_count=3482 30 4808 150 1128 43 158 166 39 2716 307 94 240 516 892 254 1133 329 20 417 1891 220 1374 182 42 94 7441 83 1586 97 542 3361 39 4958 154 111 443 37 212 7104 101 1665 272 87 3458 660 87 157 338 143 170 200 227 23 30 376 72 112 592 89 1313 966 409
internal_value=-3.09337e-12 0.000514752 -4.6459e-05 -0.00198148 0.000120233 0.00134469 -0.00138202 -0.000196076 5.47559e-05 -0.00177939 0.00253303 0.000514774 0.000901329 -0.00320711 0.00787393 0.00157891 0.00136086 0.00231392 -0.004411 -0.00188406 -0.00284577 -0.00263694 -0.00445488 -0.00334937 0.000876443 -0.00131979 -0.0105946 -0.00224446 -0.00966992 -0.00391498 -0.000589424 0.00218027 0.00119258 1.9921e-06 0.00205206 0.00174174 -0.00171788 0.000786547 0.00115298 0.000898075 -0.000849757 -0.000677037 -0.0123361 0.00227951 -0.000253944 -0.0044132 0.0072943 0.00583702 0.00622854 0.00391658 0.00161865 -0.0052898 -0.00813399 -0.0155712 -0.00276086 0.00742855 -0.00146507 -0.0015578 -0.0184581 -0.0006268 0.000912799 0.00421662
internal_weight=58440 46389 27890 12051 26864 5515 1136 21349 18587 3727 927 14860 13034 2800 348 8961 18499 6234 1026 2762 978 2573 1199 1017 12265 8569 125 1826 227 996 4073 712 7828 2870 4379 5363 579 12099 9608 8870 1766 579 184 4229 771 871 196 871 851 513 370 784 369 142 415 166 555 812 119 2491 1178 738
internal_count=58440 46389 27890 12051 26864 5515 1136 21349 18587 3727 927 14860 13034 2800 348 8961 18499 6234 1026 2762 978 2573 1199 1017 12265 8569 125 1826 227 996 4073 712 7828 2870 4379 5363 579 12099 9608 8870 1766 579 184 4229 771 871 196 871 851 513 370 784 369 142 415 166 555 812 119 2491 1178 738
is_linear=0
shrinkage=0.1


Tree=45
num_leaves=63
num_cat=0
split_feature=12 11 12 11 11 11 6 10 5 7 9 12 0 1 1 7 5 9 7 6 8 12 3 7 11 6 1 8 6 3 11 11 11 11 9 8 3 10 11 6 2 8 3 12 0 11 7 11 3 6 12 6 9 8 1 0 4 1 7 3 3 1
split_gain=5.03285 2.52977 1.0563 1.6501 0.900106 0.855793 1.0485 0.733493 0.805971 0.705556 0.70186 0.785828 0.675336 1.85231 1.10056 1.04821 0.788947 0.699535 0.813502 0.618174 0.707993 0.636033 0.678849 0.616199 0.588993 0.584603 0.573724 1.39744 0.568676 0.865085 1.08348 0.723017 0.680202 0.688169 0.557477 1.01867 0.576706 0.574257 0.543471 0.53515 0.765616 0.527953 0.510782 0.503988 0.524121 0.500333 1.18088 0.48411 0.481118 0.480076 0.478864 0.456392 0.450289 0.738087 0.561172 0.75594 0.536954 0.577368 0.513303 0.503342 0.484473 0.790578
threshold=3.3015500000000002 2.4726000000000004 6.2252500000000008 1.4855000000000003 3.5954500000000005 1.9940500000000003 0.95998215779580554 2.1110000000000002 -0.9330127018922193 -0.99938741687870725 82.609000000000023 0.39155000000000006 -6.9999999999999991 109.00000000000001 107.00000000000001 0.76556758748011056 0.6830127018922193 87.631000000000014 0.2499757677084001 0.83376496542330847 27.535000000000007 1.4145500000000002 232.50000000000003 -0.30982845708428081 2.5376500000000006 -0.35041564478062465 113.00000000000001 26.029000000000007 -0.78326540922535159 297.50000000000006 2.1961000000000008 3.2427500000000005 1.8750000000000002 2.8503500000000002 81.671000000000021 26.521000000000004 304.50000000000006 3.0590000000000006 2.3821000000000008 -0.79384350655589164 10.500000000000002 26.141000000000005 255.50000000000003 6.729000000000001 -6.9999999999999991 1.7631500000000002 -0.36648370705903521 3.0169000000000001 4.5000000000000009 0.98372640911059162 1.0446000000000002 -0.71504373327588355 83.80100000000003 28.081000000000007 107.00000000000001 -7.9999999999999991 0.93301270189221952 107.00000000000001 -0.90161545992537195 80.500000000000014 102.50000000000001 111.00000000000001
decision_type=2 2 2 2 2 2 2 2 2 2 2 2 2 2 2 2 2 2 2 2 2 2 2 2 2 2 2 2 2 2 2 2 2 2 2 2 2 2 2 2 2 2 2 2 2 2 2 2 2 2 2 2 2 2 2 2 2 2 2 2 2 2
left_child=1 10 3 25 7 43 23 19 -9 -5 -1 -12 14 15 -10 50 -15 18 -16 21 -21 -3 47 -7 -24 -2 28 51 29 32 -31 34 42 -34 35 -32 -37 -36 -8 40 -20 -25 -11 44 -4 -45 -47 -23 -29 -48 -14 -28 54 -54 55 -30 57 -55 -57 -58 61 -56
right_child=2 4 5 9 -6 6 38 8 12 26 11 -13 13 16 17 -17 -18 -19 39 20 -22 22 24 41 -26 -27 27 48 52 30 31 -33 33 -35 37 36 -38 -39 -40 -41 -42 -43 -44 45 -46 46 49 -49 -50 -51 -52 -53 53 56 60 58 59 -59 -60 -61 -62 -63
leaf_value=-0.0032838278196946576 -0.019675790585461074 -0.00074340965806904619 0.00066527038079902375 -0.0037419232486530537 0.0047018855080349191 -0.0034781441509847328 -0.013159052052296609 -0.0067723165786464177 -0.0026138977109112409 -0.002113986352867745 -0.0028313627140445388 -0.00073626526252361542 -0.00042836638844514732 -0.0014674080088336527 -0.0014708945876080897 -0.0016963063955740074 -0.0045229858267998519 -0.00078925801972260477 0.0028696922790901417 0.0023523485429849723 -0.0056567455705698669 0.0043239238110247555 -0.0099614947297891904 0.013502599599842841 0.0020139841276762978 -0.0053333911594599494 -0.0090879055540717679 -0.013246519346005068 -0.00027069029078049471 -0.012755293221048573 -0.012328001096680322 -0.0055218550836018824 0.001883164235302556 -0.0025438382073929683 0.014384983194093884 0.0083794345503643061 0.0014690627397024349 0.0046798133126382405 -0.00044596339249166478 0.0028861292269049478 -0.0081655009093837029 0.0016772336064863579 -0.016249771596459836 0.0057542633392241192 0.0042071863708332642 -0.01721096154407508 0.0041487595675704638 0.011577049635303351 0.00039283924616786704 -0.01112120379482142 0.0030565329001407257 -0.0026259351407428451 0.00030895307245831338 -0.0076648235424959278 0.00058229454213374156 0.0003689723725312396 -0.01887464006261037 -0.00018254850524540212 0.0042724925596760626 -0.00039193228737491629 0.00018814428712117602 0.0051524106037820752
leaf_weight=3699 32 618 1059 353 367 241 82 209 1116 103 3038 4359 561 1892 660 1268 1527 1726 145 197 251 418 43 39 915 254 200 26 821 34 34 56 4346 382 140 296 204 108 57 2492 111 1182 34 1023 690 31 321 118 4875 22 1327 241 3688 149 1151 439 41 335 1448 23 6259 564
leaf_count=3699 32 618 1059 353 367 241 82 209 1116 103 3038 4359 561 1892 660 1268 1527 1726 145 197 251 418 43 39 915 254 200 26 821 34 34 56 4346 382 140 296 204 108 57 2492 111 1182 34 1023 690 31 321 118 4875 22 1327 241 3688 149 1151 439 41 335 1448 23 6259 564
internal_value=-1.65638e-12 -0.000999446 0.000861677 0.000616758 -0.000193226 0.00223595 0.000353777 -0.000308431 -0.000612379 0.000698758 -0.00215915 -0.00159674 -0.000511995 -0.00121949 0.000232289 0.0005275 -0.0028321 0.000850978 0.00168168 0.0012391 -0.00213489 0.00195479 0.00307091 0.00114286 0.00147646 -0.00693814 0.000759056 -0.000164685 0.000997963 0.00184409 0.00474457 0.00545459 0.0013242 0.00152548 0.00624062 0.00442107 0.00556 0.0101585 -0.00794577 0.00243885 -0.0019151 0.00205495 -0.00562214 0.00319378 0.0020626 0.00460999 0.00148007 0.00592069 0.000320482 0.00316935 0.00202103 -0.00555653 0.000672571 -0.000199874 0.00101854 0.0022623 -0.00362425 -0.00248598 0.00336436 -0.0122324 0.000596159 0.00208524
internal_weight=58440 27057 31383 26636 15961 4747 1601 15594 13034 26350 11096 7397 12825 6575 6250 3156 3419 5134 3408 2560 448 2112 1494 1462 958 286 25997 5342 20655 5737 872 838 4865 4728 782 534 500 248 139 2748 256 1221 137 3146 1749 1397 374 536 4901 343 1888 441 14918 4236 10682 2708 548 484 1887 64 7974 1715
internal_count=58440 27057 31383 26636 15961 4747 1601 15594 13034 26350 11096 7397 12825 6575 6250 3156 3419 5134 3408 2560 448 2112 1494 1462 958 286 25997 5342 20655 5737 872 838 4865 4728 782 534 500 248 139 2748 256 1221 137 3146 1749 1397 374 536 4901 343 1888 441 14918 4236 10682 2708 548 484 1887 64 7974 1715
is_linear=0
shrinkage=0.1


Tree=46
num_leaves=63
num_cat=0
split_feature=12 11 9 7 8 10 1 0 8 8 0 7 7 0 11 7 7 11 12 12 0 10 7 9 1 10 11 12 0 11 7 6 1 11 1 8 1 1 11 8 11 11 1 11 11 7 6 3 11 3 3 6 1 7 7 12 6 11 12 11 6 7
split_gain=4.07819 1.7779 1.1558 1.01039 0.927617 0.709134 0.896861 1.4565 1.30302 0.962585 1.17461 2.21911 1.13821 0.935806 0.867667 0.736196 1.19603 0.735766 1.08993 0.695684 0.692474 0.840484 0.905644 0.686484 0.650235 0.646657 0.705426 0.630612 0.690676 1.04576 0.832045 1.47669 0.711515 0.671144 0.628442 0.572431 0.5667 0.565783 0.564862 0.545698 0.510495 0.510381 0.507635 0.522581 0.502409 0.502338 0.616289 0.523477 0.50025 0.590017 0.494925 0.481397 0.831559 0.47329 0.46532 0.463619 0.462262 0.455505 0.448673 0.433151 0.427527 0.426767
threshold=2.6027 2.6504500000000006 76.209000000000017 -0.91595872546125101 29.031000000000006 7.6870000000000012 108.00000000000001 -7.9999999999999991 26.455000000000009 26.911000000000005 -7.9999999999999991 0.44312301391210612 0.92519182738459482 -6.9999999999999991 1.9741000000000002 -0.87810534180523914 -0.89404254237865755 2.7008500000000004 5.5779500000000004 0.09395000000000002 -5.9999999999999991 0.37100000000000011 -0.013976481981245173 82.521000000000029 109.00000000000001 0.63700000000000012 1.9124500000000004 6.4791500000000015 -6.9999999999999991 2.8859000000000008 0.77652048701313048 -0.51297808981038739 114.00000000000001 2.1253000000000006 114.00000000000001 30.313000000000002 106.00000000000001 109.00000000000001 1.5255500000000002 29.269000000000009 0.7552000000000002 3.0399500000000006 111.00000000000001 2.7143000000000002 3.6831500000000004 -0.6391983530350368 0.99053107487289871 317.50000000000006 2.3375000000000008 228.50000000000003 24.500000000000004 -0.159513159777915 109.00000000000001 -0.78324956448884031 -0.29342786347392819 5.3711000000000011 -0.44504625642270151 2.3147000000000006 4.4793500000000011 1.9871000000000003 -0.63921128368950708 -0.32613736746952143
decision_type=2 2 2 2 2 2 2 2 2 2 2 2 2 2 2 2 2 2 2 2 2 2 2 2 2 2 2 2 2 2 2 2 2 2 2 2 2 2 2 2 2 2 2 2 2 2 2 2 2 2 2 2 2 2 2 2 2 2 2 2 2 2
left_child=1 19 27 -4 5 6 7 8 -5 17 11 25 20 58 -10 16 -7 18 38 -1 37 -22 -23 -21 45 26 -11 28 29 32 39 -32 33 35 54 -2 -15 -12 -8 41 -25 -30 60 -44 -3 -6 47 -47 49 -40 -38 -33 -53 -26 -20 -35 -36 -27 -9 -39 -13 -19
right_child=2 44 3 4 24 15 9 13 14 10 12 42 -14 36 -16 -17 -18 61 34 23 21 22 -24 40 53 57 -28 -29 30 -31 31 51 -34 55 56 -37 50 59 48 -41 -42 -43 43 -45 -46 46 -48 -49 -50 -51 -52 52 -54 -55 -56 -57 -58 -59 -60 -61 -62 -63
leaf_value=-0.0050683860734801051 -0.0029659367312014559 -0.00020182701407245527 -0.00095231201645487042 0.0050803110016085576 -0.010951998180906298 0.0006736591329862332 -0.017345515419341005 0.0033217846500331275 0.0033925022555504137 0.002418797880882667 0.0036764120557104627 0.0095658430964712451 -0.0044981010986485694 0.003762242325656414 -0.0025187862480857293 -0.00027428754483297503 -0.030662572318466294 -0.0054718527601771922 0.0011082582820852488 -0.0028465338805219124 0.0040665083032834365 0.0026225265787245375 -0.0013461489588447039 -0.0070077683462216496 -0.0053662235481210657 0.0034001157653838982 -0.0061007965472759679 0.0040804407814904083 0.0025849569121806385 0.0083546174899926211 -0.023683201275285212 0.0030833016069872041 0.0040404696209007992 -0.00072099729434412939 -0.0073410144854044058 -0.018963830132523313 -0.0076754052047697452 0.0012016842559659064 -0.0015342714772247827 0.0067632482997931611 -0.0010552818594922392 -0.0053825169387946743 0.0061450404290864132 0.012379779532060235 0.0054810883893625512 0.00040815819822320786 -0.017913734241388739 -0.012616635800158191 9.871842297220545e-05 -0.005152831268913298 0.0010552829740835361 -0.023172586722384123 0.0003055423265323043 0.0001609752212095542 0.0057891274621886136 0.0049398285190666996 0.0027776046872506261 -0.0006817853122755925 0.006579930939239623 -0.0016714229179365858 0.0023962168296446746 0.0051872877536383883
leaf_weight=661 812 10099 4722 383 109 29 24 858 306 159 313 110 431 968 1317 3825 21 43 689 3671 1091 1185 1117 147 178 714 250 1079 2566 139 31 140 278 587 124 23 68 742 1278 311 7246 83 334 225 158 216 25 36 844 696 1438 22 48 1195 307 192 71 443 833 1792 341 297
leaf_count=661 812 10099 4722 383 109 29 24 858 306 159 313 110 431 968 1317 3825 21 43 689 3671 1091 1185 1117 147 178 714 250 1079 2566 139 31 140 278 587 124 23 68 742 1278 311 7246 83 334 225 158 216 25 36 844 696 1438 22 48 1195 307 192 71 443 833 1792 341 297
internal_value=-1.48853e-12 -0.00107582 0.000648658 0.000391043 0.000640534 0.000805208 0.00104742 0.00204752 -0.00016619 0.000594299 0.00117242 0.00298614 0.000472058 0.00311371 -0.00140427 -0.000431878 -0.0124876 -0.00062818 -0.0010048 -0.00191698 0.00081535 0.00178031 0.000696805 -0.0017287 -0.00157503 0.000629018 -0.00278878 0.00187926 0.00142531 -1.71072e-05 0.00234051 -0.00330974 -0.000632155 -0.00143698 0.00153466 -0.0034066 0.00187446 -0.000334676 -0.00206902 0.00280055 -0.00117364 0.00233532 0.00664084 0.00865455 -0.000114287 -0.00520116 -0.0029382 -0.00145253 -0.00193891 -0.00281012 0.000661069 -0.000302232 -0.0070733 -0.000555588 0.00255106 0.000674225 -0.0036568 0.00183721 0.00492677 -0.000830126 0.00414491 0.00383922
internal_weight=58440 21982 36458 30147 25425 23666 19791 6171 2006 13620 9247 2576 6671 4165 1623 3875 50 4373 4033 11725 6240 3393 2302 11064 1759 1566 409 6311 5232 2031 3201 241 1892 1614 1191 835 2474 2847 2842 2960 7393 2649 1010 559 10257 386 277 252 2818 1974 1506 210 70 1373 996 779 195 1157 1691 2534 451 340
internal_count=58440 21982 36458 30147 25425 23666 19791 6171 2006 13620 9247 2576 6671 4165 1623 3875 50 4373 4033 11725 6240 3393 2302 11064 1759 1566 409 6311 5232 2031 3201 241 1892 1614 1191 835 2474 2847 2842 2960 7393 2649 1010 559 10257 386 277 252 2818 1974 1506 210 70 1373 996 779 195 1157 1691 2534 451 340
is_linear=0
shrinkage=0.1


Tree=47
num_leaves=63
num_cat=0
split_feature=12 12 11 7 11 10 5 0 1 5 1 7 11 6 8 1 11 11 7 11 0 8 1 7 5 9 10 11 0 1 10 6 4 7 11 12 10 10 6 1 11 8 6 1 6 1 12 12 1 11 12 8 12 11 8 10 6 3 10 9 0 12
split_gain=3.4119 1.64388 1.06433 0.710884 0.674148 0.658612 0.877571 0.833177 3.49603 1.15382 1.03051 0.751475 0.810193 0.738702 0.865875 0.70466 0.674784 0.649658 0.670748 0.890819 0.723114 0.734703 0.649823 0.72668 0.645869 0.640861 0.633296 0.630646 0.888231 0.728283 0.619265 0.612243 0.592564 0.565629 0.561927 0.541542 0.539522 0.530154 0.522383 0.893593 0.602572 0.519341 0.517959 0.511009 0.501731 0.500375 0.599068 0.471904 0.455678 0.449524 0.415087 0.410413 0.475189 0.449182 0.41024 0.407505 0.578951 0.838269 0.536781 0.564831 0.468208 0.534545
threshold=0.50160000000000016 4.3609000000000009 2.2271000000000005 -0.61236746317008228 3.5954500000000005 1.9810000000000005 -0.9330127018922193 -5.9999999999999991 106.00000000000001 0.6830127018922193 106.00000000000001 -0.18493013702746822 2.7143000000000002 0.878110924644389 28.163000000000007 112.00000000000001 2.8261000000000007 1.27885 -0.30982845708428081 2.4267500000000006 -7.9999999999999991 29.011000000000006 111.00000000000001 -0.99938741687870725 -0.5 77.801000000000016 5.4730000000000016 3.0071000000000008 -7.9999999999999991 110.00000000000001 1.1810000000000003 0.22700754078277605 0.93301270189221952 -0.71502926860092908 3.0283500000000001 3.6870000000000007 0.15100000000000005 0.89300000000000024 -0.96235977360714686 112.00000000000001 2.7008500000000004 29.269000000000009 -0.99630266176052629 110.00000000000001 0.42179998225932674 110.00000000000001 1.0118500000000001 5.8875500000000009 114.00000000000001 1.5066000000000002 2.7704500000000007 28.293000000000006 3.7801000000000005 3.2427500000000005 26.585000000000004 7.7870000000000017 0.71503381463111937 58.500000000000007 9.1730000000000018 84.941000000000017 -6.9999999999999991 4.6206000000000005
decision_type=2 2 2 2 2 2 2 2 2 2 2 2 2 2 2 2 2 2 2 2 2 2 2 2 2 2 2 2 2 2 2 2 2 2 2 2 2 2 2 2 2 2 2 2 2 2 2 2 2 2 2 2 2 2 2 2 2 2 2 2 2 2
left_child=3 2 26 -1 5 13 -7 10 -9 38 -8 12 15 27 -15 -12 45 -3 19 20 48 22 -22 -24 33 -13 -2 28 35 -30 41 -27 -33 44 55 36 -4 -21 39 -10 -41 -26 -38 -35 -23 -11 -47 -39 -19 -5 -14 53 -53 -18 -36 -20 60 -58 -59 -60 61 -57
right_child=1 17 4 49 -6 6 7 8 9 16 11 25 50 14 -16 -17 51 18 34 37 21 24 23 -25 30 31 -28 -29 29 -31 -32 32 -34 43 54 -37 42 47 -40 40 -42 -43 -44 -45 -46 46 -48 -49 -50 -51 -52 52 -54 -55 -56 56 57 58 59 -61 -62 -63
leaf_value=-0.0050014707484678893 -0.0023207798899947769 0.0058641934647436647 -0.015749880559628875 -0.0032787314451548895 0.0040984749058654317 -0.0036548724644978972 -0.0024789009944804485 0.0060552939897746847 -0.0021536741686491844 -0.0048405234031876875 0.00054176520860427875 0.0037737380169719642 -0.003895295827238545 0.00066663208279510574 -0.0067967783560976382 -0.0050627538046900383 -0.0087041444140390205 -0.00024229061212609562 0.0018352382620486548 -0.0010075379418670832 0.0023421137273595509 0.0053784883239286693 -0.010031071887709775 0.00063413852176066833 0.0064932589160485409 -0.00019950196633985832 -5.8235265134394698e-05 0.0037747937954272382 0.0028151628285580008 -0.00028994069736899451 -0.015122384442287541 0.0022461366220775324 -0.00010036821334162946 -0.005106523329981 0.012426362084224821 0.00095925207599503845 -0.018462708981877025 -0.0098075143226443919 -0.00084174835974330428 -0.030667090380475638 -0.0085809820645954462 -0.012268338799476624 -0.0026048541621553015 0.0048172924385063744 -0.006036708384376247 -0.0047118431726370811 -0.017437285107052541 0.00061556075876257547 -0.0037501373229974462 -0.0012637639560961296 -0.012433329456630541 -0.0001823720961313128 -0.013145554879860534 -0.0022327931356066889 -0.0021589390069493676 0.0081008049233787464 0.010486076791968311 -0.0070729317954155036 0.00440226239597116 -0.0073772828429937362 -0.0060776152178098307 -0.0020859760662984405
leaf_weight=728 3378 263 41 1418 409 744 1271 527 136 131 1377 707 247 411 250 268 248 2925 8935 347 3491 47 65 3727 36 4412 1952 912 1847 1278 67 3116 1644 68 20 266 22 173 1857 21 30 25 323 219 213 56 109 58 424 5051 74 322 31 189 539 64 99 81 219 50 218 264
leaf_count=728 3378 263 41 1418 409 744 1271 527 136 131 1377 707 247 411 250 268 248 2925 8935 347 3491 47 65 3727 36 4412 1952 912 1847 1278 67 3116 1644 68 20 266 22 173 1857 21 30 25 323 219 213 56 109 58 424 5051 74 322 31 189 539 64 99 81 219 50 218 264
internal_value=-1.40831e-12 0.000286353 -0.000217493 -0.00203885 7.43965e-05 2.42171e-06 -0.000294169 -0.000145098 -0.00147985 -0.00274855 0.000227058 0.000517414 -0.00126806 0.00097352 -0.00215614 -0.000371311 -0.00538259 0.000923055 0.000864973 0.000350604 0.000546346 0.00106513 0.00135765 0.000451322 -0.00209102 0.000872739 -0.00149217 0.0014147 0.000844832 0.0015453 -0.00848555 0.000649123 0.00143571 -0.000594674 0.0014478 -0.00251247 -0.0049049 -0.00347857 -0.00134905 -0.00638683 -0.0176753 -0.00119592 -0.00361608 0.00246601 -0.00397319 -0.00945485 -0.0131183 -0.00719047 -0.000686401 -0.00170544 -0.00586357 -0.00385679 -0.00132078 -0.00590532 -0.0016371 0.00162146 -0.000298212 0.00236179 6.37824e-05 0.00221276 -0.00248565 -9.83115e-05
internal_weight=58440 51243 28606 7197 23276 22867 17517 16773 3657 3130 13116 11845 1966 5350 661 1645 1086 22637 22374 11885 11307 7958 7283 3792 675 9879 5330 4689 3777 3125 128 9172 4760 547 10489 652 386 578 2044 187 51 61 345 287 260 296 165 231 3349 6469 321 790 353 437 559 9930 995 449 350 269 546 328
internal_count=58440 51243 28606 7197 23276 22867 17517 16773 3657 3130 13116 11845 1966 5350 661 1645 1086 22637 22374 11885 11307 7958 7283 3792 675 9879 5330 4689 3777 3125 128 9172 4760 547 10489 652 386 578 2044 187 51 61 345 287 260 296 165 231 3349 6469 321 790 353 437 559 9930 995 449 350 269 546 328
is_linear=0
shrinkage=0.1


Tree=48
num_leaves=63
num_cat=0
split_feature=12 11 11 10 7 0 11 1 0 7 8 7 9 3 0 1 7 7 0 0 1 1 8 6 6 11 8 10 8 8 12 11 12 7 11 11 12 6 11 8 1 6 10 9 0 8 1 6 8 3 7 9 10 7 12 1 12 1 8 9 10 0
split_gain=2.84715 1.47993 0.803505 0.763432 0.903441 1.19862 1.10103 1.28363 1.08582 0.993125 0.745024 0.747929 0.703116 0.645961 0.615392 0.667833 0.583419 0.600419 0.724152 0.623078 2.38777 1.45541 1.2515 1.00736 0.755992 0.582521 0.567871 0.553427 0.53611 0.597557 0.519855 0.819399 0.701076 0.692728 0.62917 0.502694 1.36942 0.800154 0.61646 0.533818 0.498165 0.491862 0.559722 0.504741 0.488105 0.603744 0.484838 0.568133 0.473121 0.468106 0.457495 0.47049 0.454372 0.451813 0.440846 0.439319 0.436322 0.43524 0.433682 0.690614 0.432292 0.476651
threshold=3.3015500000000002 2.0639000000000007 3.1645000000000008 0.0050000000000000001 0.3484035575467645 -5.9999999999999991 2.7735500000000006 113.00000000000001 -5.9999999999999991 0.65720762023595369 26.585000000000004 -0.27694043983797384 78.841000000000022 291.50000000000006 -7.9999999999999991 111.00000000000001 -0.99052477729077237 0.87709077819680659 -6.9999999999999991 -7.9999999999999991 111.00000000000001 110.00000000000001 27.161000000000005 -0.99630266176052629 -0.66528616069191593 1.5444000000000002 28.389000000000006 0.24700000000000005 25.951000000000008 28.993000000000006 1.4874000000000003 1.6079000000000001 0.86315000000000008 -0.30164489695395946 1.6357000000000002 2.5261 5.3499500000000006 0.35846314187849709 3.0854500000000002 26.585000000000004 108.00000000000001 -0.65234524191686594 15.282000000000002 86.951000000000022 -6.9999999999999991 25.099000000000007 106.00000000000001 0.59868201182722736 28.211000000000009 156.50000000000003 0.5475998096715059 80.669000000000025 17.797000000000001 0.29958852271690523 6.4791500000000015 110.00000000000001 1.2102000000000002 110.00000000000001 26.521000000000004 79.941000000000017 1.2110000000000003 -7.9999999999999991
decision_type=2 2 2 2 2 2 2 2 2 2 2 2 2 2 2 2 2 2 2 2 2 2 2 2 2 2 2 2 2 2 2 2 2 2 2 2 2 2 2 2 2 2 2 2 2 2 2 2 2 2 2 2 2 2 2 2 2 2 2 2 2 2
left_child=1 30 16 -2 5 6 7 -5 35 -10 11 -8 26 25 15 50 -3 19 -19 20 23 -21 24 -18 -22 -7 -12 -16 49 52 32 -32 -1 -33 -34 36 37 60 41 -40 -25 43 -43 58 45 -23 47 -27 -15 -9 -4 -52 -30 -24 -51 -29 -17 -11 59 -37 61 -6
right_child=3 2 14 4 8 13 10 28 9 57 12 -13 -14 48 27 56 17 18 -20 21 22 44 53 40 -26 46 -28 55 29 -31 31 33 34 -35 -36 38 -38 -39 39 -41 -42 42 -44 -45 -46 -47 -48 -49 -50 54 51 -53 -54 -55 -56 -57 -58 -59 -60 -61 -62 -63
leaf_value=-0.0022714476954297422 0.0022725088302501988 -0.0037669659103266896 -0.0046196640607309046 0.00041291139072181402 -0.017027397590378923 0.0085528121530834555 -0.0087647523248701228 0.0046908393343055282 0.0018703873313357202 -0.00056475878112489377 0.0061354376347357966 0.0090158585739666466 -0.008201662966244026 -0.019271085675805807 0.010405414970591664 0.0021570737669650264 -0.020531654293234978 -0.00032333805820097361 -0.0030339030764801002 0.00098812581779807304 -0.0058288751524085778 -0.0029262544034115438 0.0023910320623690496 -0.005405562040219726 0.0017390536947408974 0.0021694242136125921 -0.0059126975300935018 0.0013086574715550658 -0.00086762394227292883 -0.0049449645646352375 -0.024881190508604052 -0.0031737682409076606 0.016224955098005013 -0.013645484811678843 0.0012512875426656984 -0.018182473804336043 0.0030878293131755127 0.0018866794797310401 0.011269358991066347 -0.0012358357242093151 -0.0018945559130654527 0.003342825608786763 -0.0023798803323188625 0.014239260129397736 -0.0021230347470426012 0.0010677756182027375 0.0011537892163499895 0.010454687344410071 -0.0016483234575925731 -0.0067158337731691364 0.008612212136452373 0.00053881994542815781 0.0096154979660197926 0.0092399924809631728 0.0021201555484619281 -0.0012127940347897762 0.010109313655003133 -0.0049377933336978057 0.0057904118943222366 0.0036834279625998952 -0.002303956416030874 -0.0050501745493943245
leaf_weight=3840 2649 590 107 11848 45 117 35 49 791 415 74 73 376 25 53 109 36 1994 1949 6793 194 525 160 794 413 253 83 1429 2654 379 20 573 32 71 228 20 1430 383 37 441 823 1556 192 64 2846 1356 4906 123 39 430 101 253 42 242 65 1338 188 504 648 52 458 127
leaf_count=3840 2649 590 107 11848 45 117 35 49 791 415 74 73 376 25 53 109 36 1994 1949 6793 194 525 160 794 413 253 83 1429 2654 379 20 573 32 71 228 20 1430 383 37 441 823 1556 192 64 2846 1356 4906 123 39 430 101 253 42 242 65 1338 188 504 648 52 458 127
internal_value=-2.00323e-12 -0.000751722 -0.000409836 0.000648101 0.000498346 0.000175226 -0.000258884 -9.05759e-05 0.00147141 -0.00072722 -0.00432007 0.00325362 -0.0058547 0.00145523 0.000963209 0.00349277 -0.000672339 -0.000571604 -0.00166315 -0.000268122 -0.001647 5.05036e-05 0.00218639 -0.00398692 -0.000679691 0.00157362 -0.000233959 0.000283277 -0.00173891 -0.00122698 -0.00235157 -0.00494732 -0.00193119 -0.00432826 0.0030942 0.00216087 0.00109512 -0.00171789 0.00302586 -0.00026786 -0.00361858 0.00364767 0.00271424 0.00572881 -0.00129692 -4.69856e-05 0.00141902 0.00487976 -0.00853221 -0.00463262 0.00111031 0.00284225 -0.000704311 0.00651404 -0.00555555 8.9394e-05 0.00719081 -0.00296303 0.00497233 -0.00239043 -0.00390923 -0.00818375
internal_weight=58440 27057 22293 31383 28734 21571 16108 15467 7163 1710 641 108 533 5463 3578 758 18715 18125 3943 14182 2662 11520 1009 1653 607 5399 157 2820 3619 3075 4764 664 4100 644 260 5453 2443 1013 3010 478 1617 2532 1748 784 4727 1881 5282 376 64 544 461 354 2696 402 495 2767 297 919 720 72 630 172
internal_count=58440 27057 22293 31383 28734 21571 16108 15467 7163 1710 641 108 533 5463 3578 758 18715 18125 3943 14182 2662 11520 1009 1653 607 5399 157 2820 3619 3075 4764 664 4100 644 260 5453 2443 1013 3010 478 1617 2532 1748 784 4727 1881 5282 376 64 544 461 354 2696 402 495 2767 297 919 720 72 630 172
is_linear=0
shrinkage=0.1


Tree=49
num_leaves=63
num_cat=0
split_feature=12 7 12 7 10 0 1 6 3 0 1 6 11 10 8 9 1 1 8 0 10 10 12 6 0 8 1 6 3 11 6 8 12 11 12 11 1 8 6 8 12 4 11 3 9 1 9 9 9 11 11 11 10 7 9 9 0 1 12 7 3 8
split_gain=2.33397 1.0233 0.825664 0.790869 0.672068 0.618315 1.36895 0.564361 0.550378 0.911366 1.41838 1.00099 0.716207 0.681571 0.555058 0.657464 0.528667 0.520502 1.29944 0.977729 0.952638 0.827146 0.845692 0.823761 0.733517 0.722826 0.643656 0.702054 0.582558 0.681263 0.672608 0.495514 0.494383 0.486425 0.484757 0.477997 0.465588 0.464088 0.43783 0.469085 0.42797 0.425299 0.402097 0.401473 0.39914 0.398293 0.393494 0.364626 0.513156 0.362399 0.357418 0.357262 0.350484 0.491027 0.348094 0.347015 0.56386 0.346942 0.346575 0.531366 0.340788 0.677636
threshold=2.2158000000000002 -0.96687281075841669 0.17555000000000001 -0.98521978256641018 0.0050000000000000001 -5.9999999999999991 106.00000000000001 -0.048361574224334618 58.500000000000007 -7.9999999999999991 111.00000000000001 0.67802080537253961 2.8767500000000004 30.806000000000004 26.487000000000005 85.771000000000029 110.00000000000001 108.00000000000001 26.455000000000009 -7.9999999999999991 1.7110000000000005 7.5170000000000012 5.5578000000000012 -0.97876850416056738 -6.9999999999999991 26.103000000000005 113.00000000000001 -0.57078386445773377 301.50000000000006 2.9031500000000006 -0.95244167294248061 29.051000000000005 6.401650000000001 2.5023500000000003 5.5319000000000011 3.1098000000000003 106.00000000000001 27.619000000000007 -0.97113884758256674 28.951000000000004 1.1449000000000003 -0.93301270189221908 2.7587000000000006 4.5000000000000009 75.402000000000015 107.00000000000001 82.001000000000019 76.561000000000021 83.117000000000019 1.8675500000000003 1.6079000000000001 2.6751500000000004 9.9910000000000014 0.2499757677084001 85.28100000000002 83.03700000000002 -6.9999999999999991 111.00000000000001 6.4791500000000015 -0.48313741114591585 176.50000000000003 28.543000000000006
decision_type=2 2 2 2 2 2 2 2 2 2 2 2 2 2 2 2 2 2 2 2 2 2 2 2 2 2 2 2 2 2 2 2 2 2 2 2 2 2 2 2 2 2 2 2 2 2 2 2 2 2 2 2 2 2 2 2 2 2 2 2 2 2
left_child=1 7 -3 44 33 36 40 -1 9 10 37 12 16 17 -14 -16 -11 18 24 20 28 35 31 -22 52 26 -19 32 29 45 -31 -23 50 34 57 38 -4 -6 -21 -40 -7 -15 54 -18 -2 -20 51 -30 -49 58 -28 -12 53 -10 -25 -45 -57 -5 59 -36 61 -46
right_child=3 2 5 4 8 6 -8 -9 13 11 46 -13 14 41 15 -17 43 25 19 21 23 22 -24 42 -26 -27 27 -29 47 30 -32 -33 -34 -35 49 -37 -38 -39 39 -41 -42 -43 -44 55 60 -47 -48 48 -50 -51 -52 -53 -54 -55 -56 56 -58 -59 -60 -61 -62 -63
leaf_value=-0.00090060844059885168 0.0022228203321921027 -0.0025258442619126979 -0.0019699251741792097 0.0017092659801705029 -0.0045193360534962262 0.00075770416751404495 -0.0021462585312220406 -0.0053427821347926891 0.0041589540116372123 -0.00066288886204242132 0.0074320231970698347 0.0035038557740524421 0.0090881108029168996 0.0056018942828617389 0.0018937707514911737 -0.0071685779444881819 -0.017872390601783993 -0.00060869850027887146 0.0012658308365200534 -0.00099752517551505234 -0.023680753052412046 -0.00080426708671438969 -0.018453743338274459 -0.0031883022204915478 0.0008127082744373371 0.00034762985130677449 -0.021238923510131631 -0.00063140334227635092 0.012942103848871876 -0.0014624381522563372 -0.022744699008762838 -0.016411394204589584 0.0010266030510787719 0.0069173162427404421 0.00095874593300012334 -0.0025725405382315729 0.00013137476759961933 0.0022036201546738006 0.0029161444693293712 -0.00090460125469829121 0.0064482812918945564 -0.0058487299535805969 -0.0073320651592600136 -0.0012856438219750999 -0.0030710270365333844 -0.0030003225974638515 0.0056453700302160556 -0.00057640294703146947 0.01317836945721259 0.0047546858150621053 -0.0081722176162118323 0.015876575007691587 -0.0009269479002836532 0.010051066532112104 0.0041798213965654986 -0.0028814469128037278 -0.013482686256194552 -0.0020517669245951504 0.0037454244517063245 -0.0094261876091228016 -0.0012016385531279311 -0.017014216901495672
leaf_weight=455 282 2195 1172 542 125 302 3797 770 1164 484 106 733 84 37 482 96 25 2982 697 420 21 650 30 527 928 17787 23 287 47 33 27 21 56 194 410 242 10513 575 2633 366 235 263 215 160 328 319 285 110 36 602 233 95 113 161 73 115 89 448 392 56 1753 39
leaf_count=455 282 2195 1172 542 125 302 3797 770 1164 484 106 733 84 37 482 96 25 2982 697 420 21 650 30 527 928 17787 23 287 47 33 27 21 56 194 410 242 10513 575 2633 366 235 263 215 160 328 319 285 110 36 602 233 95 113 161 73 115 89 448 392 56 1753 39
internal_value=1.56452e-13 -0.000895145 -0.000706984 0.000446161 0.000561524 -0.000457755 -0.00147789 -0.00369283 0.000441946 0.00163834 0.00388462 0.000463697 -0.000988053 0.000306464 0.00149247 0.000388606 -0.00286905 0.000353578 0.000999274 0.00026564 -0.00150437 0.0011198 -0.00202714 -0.00412536 0.00300452 8.66627e-05 -0.00120957 -0.00420091 0.000222309 -0.000685117 -0.0110395 -0.00129272 -0.0074844 0.00209718 0.0017155 0.00172237 -7.93846e-05 0.00100309 0.00202637 0.00244986 0.00324799 -0.00443649 -0.00362148 -0.00561398 -0.00131161 -7.36406e-05 0.00803498 0.00528133 0.00281518 0.0028738 -0.00934618 0.0114232 0.00441898 0.0048749 -0.00229185 -0.00477206 -0.0075065 7.30362e-06 0.00155411 -0.000289229 -0.00178176 -0.00455273
internal_weight=58440 19439 18214 39001 36599 16019 4334 1225 33955 3454 1186 2268 1535 30501 662 578 873 30201 8833 6467 2105 4362 701 836 2366 21368 3581 599 1269 1076 60 671 312 2644 2450 3661 11685 700 3419 2999 537 300 815 389 2402 1016 486 193 146 1460 256 201 1438 1325 600 364 204 990 858 466 2120 367
internal_count=58440 19439 18214 39001 36599 16019 4334 1225 33955 3454 1186 2268 1535 30501 662 578 873 30201 8833 6467 2105 4362 701 836 2366 21368 3581 599 1269 1076 60 671 312 2644 2450 3661 11685 700 3419 2999 537 300 815 389 2402 1016 486 193 146 1460 256 201 1438 1325 600 364 204 990 858 466 2120 367
is_linear=0
shrinkage=0.1


Tree=50
num_leaves=63
num_cat=0
split_feature=12 11 9 11 7 7 3 7 7 0 1 8 11 0 8 1 1 7 8 11 8 6 10 10 1 11 3 11 7 7 9 3 12 7 11 12 11 5 9 8 7 0 1 1 6 3 1 3 9 10 3 12 7 10 7 11 6 10 8 1 9 3
split_gain=1.96082 1.3144 0.712017 0.684592 0.681117 0.588797 1.71859 1.18518 1.43338 1.17245 1.23211 1.08832 1.01568 0.977324 0.941518 1.23145 0.734367 0.714396 0.708036 0.697935 0.661838 0.651792 0.640997 0.619862 0.996991 0.613799 0.584261 0.568359 0.790342 0.625291 0.677023 0.813618 0.563714 0.930853 0.882482 0.544712 0.635035 0.549447 0.535389 0.63519 0.52926 0.678509 1.32663 1.16506 0.58975 0.936406 0.527403 0.532268 0.488185 0.487217 0.608411 0.485161 0.484094 0.466339 0.480325 0.492043 0.459139 0.452157 0.435055 0.433489 1.01589 0.954092
threshold=3.5735000000000006 2.895 66.812000000000012 1.9940500000000003 0.11478523713130605 -0.11692317777808843 265.50000000000006 1.0000000180025095e-35 0.097680735332368748 -7.9999999999999991 111.00000000000001 26.319000000000006 2.7075500000000003 -6.9999999999999991 28.071000000000009 108.00000000000001 114.00000000000001 0.74298546529340237 28.451000000000004 2.3982000000000006 26.455000000000009 0.9916835347852474 8.099000000000002 0.10100000000000003 108.00000000000001 1.3271000000000002 86.500000000000014 2.5261 -0.62587551141915865 -0.30982845708428081 77.187000000000026 110.50000000000001 1.5210000000000001 -0.29342786347392819 1.5925000000000002 5.7169000000000008 1.6220500000000002 -0.68301270189221952 84.631000000000014 26.141000000000005 0.87709077819680659 -7.9999999999999991 110.00000000000001 108.00000000000001 -0.76141707087277943 247.50000000000003 110.00000000000001 356.50000000000006 82.687000000000026 0.92100000000000015 269.50000000000006 1.0753500000000003 0.26659387353423869 8.7950000000000017 -0.98521978256641018 2.1359000000000008 -0.62588817255938378 5.9450000000000012 26.421000000000003 107.00000000000001 87.441000000000017 74.500000000000014
decision_type=2 2 2 2 2 2 2 2 2 2 2 2 2 2 2 2 2 2 2 2 2 2 2 2 2 2 2 2 2 2 2 2 2 2 2 2 2 2 2 2 2 2 2 2 2 2 2 2 2 2 2 2 2 2 2 2 2 2 2 2 2 2
left_child=1 3 -3 32 26 6 13 49 18 10 11 -10 16 14 15 20 -12 21 -9 -20 -2 59 58 -8 -25 -15 -4 29 -29 30 -27 -32 51 34 -34 36 -17 -38 39 -6 41 43 -43 -5 45 -45 57 -48 -36 50 -7 -1 -46 54 55 -16 -50 -19 -13 60 61 -11
right_child=5 2 4 40 38 7 23 8 9 17 12 22 -14 25 53 35 -18 46 19 -21 -22 -23 -24 24 -26 27 -28 28 -30 -31 31 -33 33 -35 48 -37 37 -39 -40 -41 -42 42 -44 44 52 -47 47 -49 56 -51 -52 -53 -54 -55 -56 -57 -58 -59 -60 -61 -62 -63
leaf_value=-0.0019155443284753629 0.0042703758833464748 0.017014466774148439 -0.01193874807753177 -0.0051364171680850744 0.0073890480349354196 -0.0023074795144913331 -0.0023591710941895765 -0.0012410645953822219 0.014150433009865904 0.0089933187348581571 0.005518911020772066 -0.013214354058727625 0.011275560103008623 0.014721278033473277 -0.0049385730751899184 -0.0055488362953921011 -0.00060116426445785227 0.0019165351989100883 -0.0030096182266521887 -0.013496640016409484 0.00051750858451809123 -0.0064554735739203589 -0.0040223197572166105 -0.029004720437029997 -0.0081705181305866924 0.0024532492042866035 -0.0013596030909647646 -0.0089656253011647889 2.2381836353875524e-05 0.0036502758159736217 -0.018081828422630983 0.0003768245877345533 -0.023429318974641237 -0.018456990935737851 -0.0083029105375903925 0.0007170670393978739 0.00020144561681811511 -0.0024126014486111772 -0.00033004265964129201 0.0012252805124174596 -0.001957803978879328 0.00074816774179204141 -0.0014630240830145671 -0.021516651929966338 -0.0012365702860777546 -0.0026612568225525806 -0.0034687052926639355 0.0035680764444482186 0.0086848006655494588 0.0058595787219467965 0.0044225205983678805 0.0042801172997738515 0.0025112169067847429 -0.0088269186660399328 -0.0015302475733215963 -0.02072927417078366 -0.0023712220763290708 -0.0028795738810531214 0.0016314899513584205 0.00084610887456029564 0.016626257733018561 0.00018881056773864682
leaf_weight=3591 908 26 55 786 174 215 94 628 62 166 716 20 226 33 111 329 270 683 150 110 974 111 250 30 98 2060 1027 127 426 971 24 4746 22 48 124 1942 1842 1427 2646 4272 2833 6843 4496 29 794 287 963 121 43 677 358 131 609 107 1573 24 297 276 1515 3413 55 476
leaf_count=3591 908 26 55 786 174 215 94 628 62 166 716 20 226 33 111 329 270 683 150 110 974 111 250 30 98 2060 1027 127 426 971 24 4746 22 48 124 1942 1842 1427 2646 4272 2833 6843 4496 29 794 287 963 121 43 677 358 131 609 107 1573 24 297 276 1515 3413 55 476
internal_value=5.05879e-13 -0.000580975 0.000492223 -0.00100137 0.000439669 0.000577525 0.000218324 0.00113684 0.000781043 0.0011467 0.00275144 0.0011257 0.00522896 0.000328463 -0.000381123 0.000118137 0.00384303 0.000363031 -0.00305795 -0.00744644 0.00232814 0.001106 0.0006733 -0.00852529 -0.0130535 0.00110996 -0.00189736 0.0010562 -0.00204177 0.00127581 0.000938234 0.000283951 -0.00213341 -0.00517181 -0.0038597 -0.000632625 -0.00136111 -0.000939651 0.000796221 0.00146651 -0.000712478 -0.000457638 -0.000128587 -0.0019471 -0.000488813 -0.00439166 -0.001172 -0.00268323 -0.00293183 0.00404327 0.0018973 -0.00169748 0.000390231 -0.00242272 -0.00202152 -0.00774581 -0.00097296 0.000536216 0.00143806 0.00131021 0.0035828 0.00246537
internal_weight=58440 29133 8200 20933 8174 29307 17846 11461 10211 9323 3059 1847 1212 17624 9237 7422 986 6264 888 260 1882 4221 1785 222 128 8387 1082 8354 553 7801 6830 4770 4256 534 486 5540 3598 3269 7092 4446 16677 13844 11339 2505 1719 316 2043 1084 464 1250 573 3722 1403 1815 1708 135 340 959 1535 4110 697 642
internal_count=58440 29133 8200 20933 8174 29307 17846 11461 10211 9323 3059 1847 1212 17624 9237 7422 986 6264 888 260 1882 4221 1785 222 128 8387 1082 8354 553 7801 6830 4770 4256 534 486 5540 3598 3269 7092 4446 16677 13844 11339 2505 1719 316 2043 1084 464 1250 573 3722 1403 1815 1708 135 340 959 1535 4110 697 642
is_linear=0
shrinkage=0.1


Tree=51
num_leaves=63
num_cat=0
split_feature=12 12 11 10 11 11 11 7 3 10 6 6 5 10 7 9 12 8 3 7 0 11 1 1 11 6 0 6 0 7 7 11 6 12 10 1 0 0 1 3 11 10 7 6 0 5 9 9 8 3 1 0 12 0 4 12 9 1 3 6 11 10
split_gain=1.65083 0.923824 0.763241 0.609879 0.70537 0.53953 0.536168 0.530479 0.52931 0.506369 0.672668 1.01121 0.530573 0.453685 0.605248 0.688889 0.643713 0.450226 0.641994 0.561359 0.95792 0.621002 0.539923 0.532093 0.520316 0.48064 0.498702 0.413132 0.602956 0.40995 0.408187 0.97592 0.514698 0.447894 0.401909 0.401156 0.398752 0.398631 0.394486 0.392483 0.401981 0.475055 0.514794 0.409717 0.491658 0.391919 0.385931 0.379917 0.377666 0.375569 0.695899 0.784722 0.62233 0.581682 0.442432 0.37289 0.369269 0.358949 0.388218 0.436605 0.464635 0.372439
threshold=0.43310000000000004 4.7607500000000007 2.2271000000000005 1.5990000000000004 1.8894000000000002 3.6831500000000004 1.0590000000000002 -0.61236746317008228 364.50000000000006 0.27700000000000008 -0.99866806308218525 -0.99940763397299126 -0.9330127018922193 5.8030000000000017 -0.54940789553007929 85.901000000000025 5.7169000000000008 28.389000000000006 346.50000000000006 0.90438663683299525 -6.9999999999999991 2.6442000000000001 109.00000000000001 106.00000000000001 2.7951500000000005 -0.70291267844185523 -7.9999999999999991 -0.57078386445773377 -6.9999999999999991 -0.99983123799342477 -0.59867820553660911 2.7426000000000008 -0.85227431625818906 1.9387500000000002 0.83100000000000029 107.00000000000001 -7.9999999999999991 -6.9999999999999991 107.00000000000001 346.50000000000006 1.9611500000000002 0.95100000000000018 -0.87810534180523914 -0.97509794945709805 -7.9999999999999991 -0.68301270189221952 82.943000000000026 81.241000000000028 25.445000000000004 102.50000000000001 112.00000000000001 -7.9999999999999991 1.7300500000000001 -7.9999999999999991 0.93301270189221952 0.076700000000000004 74.191000000000017 111.00000000000001 269.50000000000006 0.88220160189607266 2.4726000000000004 12.861000000000001
decision_type=2 2 2 2 2 2 2 2 2 2 2 2 2 2 2 2 2 2 2 2 2 2 2 2 2 2 2 2 2 2 2 2 2 2 2 2 2 2 2 2 2 2 2 2 2 2 2 2 2 2 2 2 2 2 2 2 2 2 2 2 2 2
left_child=7 2 3 4 -2 8 -3 -1 9 10 11 -4 36 29 16 57 -15 19 25 49 23 -22 -23 -21 -25 26 -19 28 -27 -8 33 32 -32 -12 -28 39 -11 -10 -17 40 -31 -42 -43 46 -45 -6 -44 56 -33 52 51 -51 -14 -52 -54 -9 -20 58 59 -16 61 -61
right_child=1 6 5 -5 45 -7 13 55 37 12 30 -13 17 14 15 38 -18 18 47 20 21 22 -24 24 -26 27 34 -29 -30 35 31 48 -34 -35 -36 -37 -38 -39 -40 -41 41 42 43 44 -46 -47 -48 -49 -50 50 53 -53 54 -55 -56 -57 -58 -59 -60 60 -62 -63
leaf_value=-0.004219358674335291 -0.0060000863393833547 0.011091204818338156 -0.00020441062146206747 -0.00033109131450635677 -0.00064408882985529051 0.0051606585377795841 -0.0066609548917363611 -0.0040726922009309335 -0.0016158792652588871 -0.0068503742079717642 -0.0040529371690795277 -0.026204282045364381 -0.00010421566209911932 -0.0033836732285661281 0.0032676761065018722 -0.020420779614360073 -0.018355017962878469 0.011382076311896196 -0.0039138415996122231 -0.0053634597381358728 -0.0077371295717824362 2.8435559738299044e-05 -0.0041914719157152306 -0.0010664220589261767 0.0022404801571182823 0.0022569831166836638 -0.0048627915007085354 -0.0012974312806141434 -0.0077246594881272002 0.0035361177733492554 0.000480495775581805 0.016638150245503146 -0.0055096662377660558 0.0045598460024101886 0.0013922901592837555 0.00069584924144394764 -0.0013931779702146846 -0.013239570633124779 -0.0049397934294839003 0.0077068750614212814 0.0023365258370538723 -0.013939109904070697 -0.0019761584008690615 -0.0037833598052467881 0.0021885774261318149 -0.0034725408257376827 -0.020032867807894945 -0.0021677967937042317 0.0042692447868224312 -0.0014648295709505884 0.00082131098361304064 0.0011209387296423215 0.0028972228513838793 -0.0033554607526159429 0.00074881327818389918 -0.00098005045593688015 0.007384083163676983 0.0023856818439871464 -0.0047815861320431759 -0.002307943800965754 -0.0099546660384476141 0.0095878324189195147
leaf_weight=647 419 50 52 4554 1556 211 72 420 70 159 66 21 2369 142 260 20 36 44 34 143 217 653 566 780 1220 82 121 3097 231 853 448 27 211 709 680 14494 848 51 93 117 925 30 29 209 405 715 20 84 288 1495 522 5460 2178 923 1712 5435 194 548 198 130 64 33
leaf_count=647 419 50 52 4554 1556 211 72 420 70 159 66 21 2369 142 260 20 36 44 34 143 217 653 566 780 1220 82 121 3097 231 853 448 27 211 709 680 14494 848 51 93 117 925 30 29 209 405 715 20 84 288 1495 522 5460 2178 923 1712 5435 194 548 198 130 64 33
internal_value=-1.69837e-12 0.000188052 -0.000128659 -0.00103629 -0.00223015 0.000124552 0.000749669 -0.00150216 8.32933e-05 0.00011444 0.00172119 -0.00768383 -8.50257e-06 0.000721986 -0.000931507 -0.000206801 -0.00641159 9.06889e-05 -0.00079723 0.000313034 -0.000809768 -0.00280833 -0.00193093 0.000529446 0.000950788 -0.00111828 0.00101677 -0.00164735 -0.00510966 0.000868885 0.00211374 0.000751022 -0.00143745 0.00382637 0.00044739 0.000900623 -0.00225484 -0.00651512 -0.00767979 0.00204745 0.00177948 0.000853399 -0.00112624 -0.000546477 0.000155784 -0.0015346 -0.00934624 0.00358124 0.00532944 0.000587166 0.000150243 0.000565119 0.00117355 -0.00184662 0.0019517 -0.0012019 0.0056993 0.000478072 -0.00104802 0.000469944 -0.00273451 0.000100404
internal_weight=58440 51938 33210 7244 2690 25966 18728 6502 25755 25634 1822 73 23812 18678 1524 1346 178 22805 4567 18238 3579 1436 1219 2143 2000 4255 845 3410 313 17154 1749 974 659 775 801 17082 1007 121 113 2588 2471 1618 693 663 614 2271 49 312 315 14659 8400 6955 6259 1445 3890 5855 228 1233 685 487 227 163
internal_count=58440 51938 33210 7244 2690 25966 18728 6502 25755 25634 1822 73 23812 18678 1524 1346 178 22805 4567 18238 3579 1436 1219 2143 2000 4255 845 3410 313 17154 1749 974 659 775 801 17082 1007 121 113 2588 2471 1618 693 663 614 2271 49 312 315 14659 8400 6955 6259 1445 3890 5855 228 1233 685 487 227 163
is_linear=0
shrinkage=0.1


Tree=52
num_leaves=63
num_cat=0
split_feature=12 7 0 1 12 9 11 1 5 6 12 0 11 7 6 8 1 11 8 8 7 4 10 12 4 7 6 6 12 1 11 12 11 11 11 1 8 9 1 0 8 7 7 0 3 1 10 10 3 3 9 11 8 6 6 8 10 11 6 0 6 1
split_gain=1.36918 0.802706 0.668772 1.84487 0.486502 0.476413 0.466543 0.450892 0.450839 0.447571 0.441929 0.545321 0.653382 0.585556 1.18256 0.556591 0.491818 0.477506 0.42694 0.416792 0.542606 0.512854 0.514379 0.412083 0.393533 0.384026 0.48706 0.761595 0.372765 0.371246 0.351215 0.350982 0.802342 0.411309 0.334766 0.426201 0.333955 0.346753 0.320935 0.76833 0.391179 0.408231 0.383415 0.363828 0.361499 0.358916 0.331822 0.317719 0.330638 0.322428 0.486135 0.62683 0.511858 0.548205 0.446196 0.414327 0.363355 0.548664 0.492731 0.342369 0.326967 0.54721
threshold=3.0579500000000004 -0.97507822412530132 -5.9999999999999991 106.00000000000001 1.1790000000000003 76.209000000000017 3.3815000000000004 106.00000000000001 0.6830127018922193 0.99761913169647187 6.4791500000000015 -6.9999999999999991 2.9972500000000006 0.77652048701313048 -0.51297808981038739 29.269000000000009 114.00000000000001 2.1913000000000005 30.313000000000002 28.993000000000006 -0.91595872546125101 0.93301270189221952 3.2610000000000006 0.14390000000000003 -0.5 -0.70289845916694649 -0.90163369914317015 -0.83377653105606597 4.8575000000000008 113.00000000000001 3.0399500000000006 1.1449000000000003 2.7659000000000007 3.4679000000000006 2.7008500000000004 108.00000000000001 28.505000000000006 74.191000000000017 114.00000000000001 -7.9999999999999991 24.881000000000004 0.063390085881955341 -0.36648370705903521 -7.9999999999999991 335.50000000000006 112.00000000000001 8.3190000000000026 0.029000000000000008 268.50000000000006 74.500000000000014 84.293000000000021 2.1421000000000006 28.367000000000008 0.83849049182116964 0.62587949062545845 28.451000000000004 34.638000000000012 2.5139 -0.42180583328916638 -6.9999999999999991 0.70290292807158605 110.00000000000001
decision_type=2 2 2 2 2 2 2 2 2 2 2 2 2 2 2 2 2 2 2 2 2 2 2 2 2 2 2 2 2 2 2 2 2 2 2 2 2 2 2 2 2 2 2 2 2 2 2 2 2 2 2 2 2 2 2 2 2 2 2 2 2 2
left_child=1 -1 6 4 -4 9 7 24 -5 10 11 12 16 15 -15 30 17 18 -2 20 -7 25 29 -9 -3 -21 -27 -28 34 -23 -13 -10 -33 -34 -19 -36 37 -16 40 -40 41 -25 43 -42 -44 -45 -43 48 -22 50 52 -52 -49 54 55 -54 -51 -58 -59 -53 61 -61
right_child=5 2 3 8 -6 19 -8 23 31 -11 -12 13 -14 14 36 -17 -18 28 -20 21 47 22 -24 38 -26 26 27 -29 -30 -31 -32 32 33 -35 35 -37 -38 -39 39 -41 42 46 44 45 -46 -47 -48 49 -50 56 51 59 53 -55 -56 -57 57 58 -60 60 -62 -63
leaf_value=-0.0028071017446261171 -0.0026935643047733852 0.00058611325513357603 0.00049072481426908044 -0.0011688140751834671 0.0054529062642892506 -0.00068540281421980225 0.0020928494326027196 -0.0021984230491278803 -0.0022350604099966153 0.01104611538897228 0.0029828317621203764 0.0016856648159195517 0.0090699134250719331 -0.023399713133963256 -0.015590809944730539 0.0060759010218552666 0.0030152608547850102 -0.0033373477229828395 -0.015692504918059479 -0.0036864932437815391 0.0011870459932743485 0.0052323361016953229 -0.020552850314057791 0.0010272813407560073 -0.0027885319234714932 -0.0067578532364182542 0.01009633022892688 -0.00016539713586184043 0.0031726693142816358 -0.010970867226921744 -0.0057063992272808478 -0.013017699474361367 -0.0049008990273923837 0.0016552364650538297 -0.0099499027575802763 0.0062392672127776451 0.0020722508725399772 -0.00034487146352018628 0.0020749788948099496 -0.0034533638160700233 -0.0029821500437689826 -0.0041459435472898185 0.0010094892629692446 0.0006855863884392729 -0.00072864719802660392 -0.0032765782675267183 -0.00077623822747883368 0.0029817725378177319 0.0046840995742490127 0.00029579950983214679 -0.012661071782704534 0.0017185539086895748 -0.0092602341629875202 -0.0073099827476878574 0.0051821125541569903 0.00091860727554729299 0.0016094181108577497 -0.0050402076449245214 -0.023938336748291145 8.1556400676306928e-05 0.00079013452262246197 -0.010738817464532433
leaf_weight=1490 896 492 362 3157 435 4236 923 837 1686 46 1076 2459 68 26 26 296 273 288 26 375 1561 26 26 579 1161 101 77 1191 287 31 66 104 431 123 20 87 135 35 384 728 546 508 7548 1332 1422 276 688 1702 327 16016 41 490 57 101 149 134 58 37 22 95 173 92
leaf_count=1490 896 492 362 3157 435 4236 923 837 1686 46 1076 2459 68 26 26 296 273 288 26 375 1561 26 26 579 1161 101 77 1191 287 31 66 104 431 123 20 87 135 35 384 728 546 508 7548 1332 1422 276 688 1702 327 16016 41 490 57 101 149 134 58 37 22 95 173 92
internal_value=-2.393e-12 -0.000555679 -0.000414265 -0.00129742 0.00319907 0.000421625 -9.50442e-05 -0.000217426 -0.00194888 0.00121934 0.0011448 0.000748301 -0.000559537 0.00158423 -0.00336068 0.00197338 -0.000908393 -0.0015762 -0.00306013 0.000241891 0.000347261 -0.00121674 -0.00889675 -4.30113e-05 -0.0017841 -0.000851232 -7.459e-05 0.000457752 0.000429939 -0.00357993 0.00149245 -0.00299951 -0.00495826 -0.00344529 -0.00156288 0.00321325 -0.000702437 -0.00684314 8.57503e-05 -0.0015443 0.000226274 -0.00115234 0.000446251 -0.000751805 0.000733945 5.51335e-06 -0.00220752 0.00055502 0.00179273 0.000433102 0.00137888 -0.000584223 0.00219508 -0.000841074 0.00108057 -0.00211906 0.000255237 -0.00529731 -0.012087 -1.69254e-06 -0.00234314 -0.00524184
internal_weight=58440 25212 23722 6298 797 33228 17424 16501 5501 6110 6064 4988 1945 3043 222 2821 1877 1604 922 27118 25291 1827 83 14848 1653 1744 1369 1268 682 57 2525 2344 658 554 395 107 196 61 14011 1112 12899 1775 11124 2154 8970 1608 1196 21055 1888 19167 3034 891 2143 441 340 191 16133 117 59 850 360 187
internal_count=58440 25212 23722 6298 797 33228 17424 16501 5501 6110 6064 4988 1945 3043 222 2821 1877 1604 922 27118 25291 1827 83 14848 1653 1744 1369 1268 682 57 2525 2344 658 554 395 107 196 61 14011 1112 12899 1775 11124 2154 8970 1608 1196 21055 1888 19167 3034 891 2143 441 340 191 16133 117 59 850 360 187
is_linear=0
shrinkage=0.1


Tree=53
num_leaves=63
num_cat=0
split_feature=12 11 7 9 11 7 3 7 7 0 0 1 11 1 8 1 11 12 8 9 8 10 6 6 8 6 9 8 6 3 8 11 11 12 10 8 1 11 3 3 1 6 0 7 0 12 9 12 12 7 3 8 8 11 12 11 10 11 10 3 0 3
split_gain=1.12658 0.849579 0.584393 0.552944 0.517119 0.580599 1.44139 0.819352 1.08222 0.861165 0.759774 0.82154 0.857031 0.701771 0.789719 0.766605 0.666831 0.718885 0.663322 0.86231 0.602411 0.600523 0.585401 0.77334 0.754376 0.671876 0.663983 0.629916 0.544869 0.53744 0.535833 0.62463 0.518308 0.508227 0.496658 0.492883 0.744203 0.491677 0.740031 0.46582 0.449482 0.908935 0.8253 0.907424 0.770222 0.623598 0.575296 0.556821 0.547838 0.541422 0.537906 0.538947 0.509621 0.509465 0.444842 0.44255 0.452816 0.435608 0.434682 0.496363 0.431511 1.04715
threshold=3.5735000000000006 2.8767500000000004 0.11478523713130605 70.167000000000016 3.0983000000000005 -0.11692317777808843 265.50000000000006 1.0000000180025095e-35 0.097680735332368748 -7.9999999999999991 -5.9999999999999991 112.00000000000001 2.6564500000000004 111.00000000000001 26.319000000000006 114.00000000000001 2.5503500000000003 5.1027500000000012 27.277000000000008 77.551000000000016 27.667000000000005 8.099000000000002 0.9916835347852474 0.9053161325100999 28.571000000000009 0.84773968378660736 80.411000000000016 28.451000000000004 0.70290292807158605 72.500000000000014 28.451000000000004 2.5023500000000003 2.6816500000000008 4.8575000000000008 0.029000000000000008 26.249000000000006 108.00000000000001 1.9871000000000003 240.50000000000003 86.500000000000014 112.00000000000001 -0.69057362043749781 -7.9999999999999991 0.71952396275653763 -6.9999999999999991 1.5210000000000001 82.521000000000029 1.0118500000000001 2.0802 -0.16799793862756093 196.50000000000003 23.685000000000002 26.861000000000008 2.7505000000000002 6.0721000000000007 2.9199500000000005 8.5610000000000017 2.8028500000000007 0.92100000000000015 269.50000000000006 -6.9999999999999991 259.50000000000006
decision_type=2 2 2 2 2 2 2 2 2 2 2 2 2 2 2 2 2 2 2 2 2 2 2 2 2 2 2 2 2 2 2 2 2 2 2 2 2 2 2 2 2 2 2 2 2 2 2 2 2 2 2 2 2 2 2 2 2 2 2 2 2 2
left_child=1 40 39 -4 5 6 10 58 30 13 11 12 -2 14 -10 32 17 -11 33 -20 -12 -16 23 25 29 28 -24 -27 -19 -25 -9 -32 -15 -18 -8 -36 -37 -13 -39 -3 42 47 45 50 49 -1 52 -42 -48 -43 -44 -52 -47 -54 -21 56 -23 60 59 -7 -49 -62
right_child=4 2 3 -5 -6 7 34 8 9 16 20 37 -14 15 21 -17 18 22 19 54 -22 55 26 24 -26 27 -28 -29 -30 -31 31 -33 -34 -35 35 36 -38 38 -40 -41 41 44 43 -45 -46 46 48 57 -50 -51 51 -53 53 -55 -56 -57 -58 -59 -60 -61 61 -63
leaf_value=-0.00078117081540485874 0.00062038215804339396 -0.010409478520259969 0.012170467543460075 0.00066355557484125915 -0.0020105934674496968 -0.0023051483801540345 -0.0008814409006542216 -0.0010124736001326949 0.01238379662734319 -0.0026341280698539932 0.0042791790477864373 -0.00060503299030237876 -0.0064698523860531806 0.0046201133077560927 0.0015582675226697967 5.1542037518590498e-05 0.0035427859374624034 -0.0002028128682929263 0.0037599381257886772 -0.0012464097672779677 0.00093013631677649449 -0.016792397235985846 -0.00062572613824158913 0.010024326442854128 0.014470097880837494 0.00040798855479806662 -0.024310142170870679 -0.021857843023759347 0.0069482939449555586 2.8911194773532719e-05 -0.0033646974665520902 -0.014458286573349591 0.01053940422642243 0.012325396437103613 0.003481685135047883 -0.026621896248252598 -0.0090576564142366457 -0.0046236450965706387 0.001186302559209754 -0.0012181621861197343 -0.0017479474872801855 -0.0021317395550510209 -0.0001937817598338623 -0.0015375427895877643 -0.0023504245661998499 -0.012496568029280753 -0.0068142674410363469 -0.0061174472067306506 5.3653113812395992e-06 0.0015032755975980859 -0.0057509887191273352 0.001679437694776389 -0.0032318025905707665 -0.011729641623986776 0.0050027914341568714 -0.017180535853233026 -0.00092270879278167446 0.0022078423807397485 0.0052507733405877674 0.0037736293918475272 -0.0029457725683012265 -0.0217969451647471
leaf_weight=1633 8429 58 42 7318 838 215 69 602 61 1086 633 3687 174 694 1400 303 397 1630 671 1187 3545 20 29 74 69 24 20 27 114 197 178 71 188 79 20 32 98 793 303 1118 281 593 6303 3601 2238 100 156 211 481 1326 101 2913 415 85 126 23 178 40 665 358 52 68
leaf_count=1633 8429 58 42 7318 838 215 69 602 61 1086 633 3687 174 694 1400 303 397 1630 671 1187 3545 20 29 74 69 24 20 27 114 197 178 71 188 79 20 32 98 793 303 1118 281 593 6303 3601 2238 100 156 211 481 1326 101 2913 415 85 126 23 178 40 665 358 52 68
internal_value=-1.1436e-13 -0.000440372 0.000398478 0.00072922 0.000437757 0.000509826 0.000159754 0.00109239 0.000775424 0.00111215 0.000260285 -0.000107158 0.000476979 0.00252708 0.00121388 0.00439104 0.000404196 -0.000531477 0.00164796 0.00084364 0.00143754 0.000793542 0.000514072 0.0007621 0.0051351 -6.62114e-05 -0.0102928 -0.0113798 0.000264633 0.00275829 -0.00262628 -0.00652793 0.00588182 0.0050004 -0.00790291 -0.0111328 -0.0133812 -0.00115782 -0.00301743 -0.00167148 -0.000788016 -0.00163444 -0.000530195 -0.000189406 -0.00108998 -0.0020641 -0.00375774 -0.00510585 -0.00166475 0.000380001 0.000331646 0.00143044 -0.00597979 -0.00467644 -0.000646715 -0.00405087 -0.00252571 -0.00764916 0.0035114 0.00149276 -0.00884034 -0.0136281
internal_weight=58440 29133 8536 7360 29307 28469 17783 10686 9448 8597 17564 13386 8603 2867 1682 1185 5730 3270 2460 1984 4178 1621 2184 2135 340 1795 49 51 1744 271 851 249 882 476 219 150 130 4783 1096 1176 20597 4809 15788 12918 4157 2870 1237 652 637 1919 9317 3014 600 500 1313 221 198 371 1238 573 331 120
internal_count=58440 29133 8536 7360 29307 28469 17783 10686 9448 8597 17564 13386 8603 2867 1682 1185 5730 3270 2460 1984 4178 1621 2184 2135 340 1795 49 51 1744 271 851 249 882 476 219 150 130 4783 1096 1176 20597 4809 15788 12918 4157 2870 1237 652 637 1919 9317 3014 600 500 1313 221 198 371 1238 573 331 120
is_linear=0
shrinkage=0.1


Tree=54
num_leaves=63
num_cat=0
split_feature=12 11 7 3 9 8 2 3 10 8 1 10 10 1 0 12 0 7 7 0 12 1 6 6 8 3 8 11 0 8 7 9 7 0 12 12 6 11 12 11 12 10 3 8 12 11 12 8 9 10 12 11 7 2 8 10 10 0 6 6 12 12
split_gain=0.987583 0.669261 0.678871 0.730903 0.511823 0.545773 0.509058 0.495922 0.45677 0.518782 0.472936 0.447415 0.481239 0.44203 1.29789 1.20642 0.922916 2.23754 1.22777 0.832448 0.816907 0.775788 0.668597 0.617548 0.602471 0.590084 0.489965 0.460468 0.441162 0.429494 0.429165 0.424482 0.423258 0.420508 0.40823 0.40639 0.374589 0.364181 0.345017 0.338109 0.336536 0.33371 0.887891 0.577723 0.446262 0.329143 0.323639 0.321783 0.466537 0.459589 0.524976 0.445658 0.309935 0.399481 0.45831 0.323352 0.621673 0.329803 0.305756 0.377341 1.00051 0.401679
threshold=0.43310000000000004 1.3271000000000002 -0.98521978256641018 176.50000000000003 77.469000000000008 29.071000000000005 11.500000000000002 328.50000000000006 0.17300000000000004 27.577000000000009 110.00000000000001 8.3190000000000026 0.58500000000000019 110.00000000000001 -7.9999999999999991 4.4101000000000008 -7.9999999999999991 0.1318557721318592 0.71952396275653763 -5.9999999999999991 5.9367500000000009 111.00000000000001 -0.98803845231459242 0.96465729447553372 26.103000000000005 58.500000000000007 28.011000000000006 2.8767500000000004 -6.9999999999999991 26.551000000000005 0.21652257995689161 85.521000000000029 -0.94703994556331683 -6.9999999999999991 1.8707000000000003 6.401650000000001 0.99966190462023474 2.5503500000000003 4.3367000000000013 2.7075500000000003 6.3236500000000015 1.5270000000000004 341.50000000000006 28.201000000000004 5.9099000000000013 0.7552000000000002 0.076700000000000004 26.839000000000006 87.361000000000018 3.1090000000000004 4.7607500000000007 2.3768500000000006 -0.99938741687870725 6.5000000000000009 28.011000000000006 6.1910000000000016 1.0490000000000002 -6.9999999999999991 0.94978112945126536 0.86548282553247169 5.6492500000000012 6.796450000000001
decision_type=2 2 2 2 2 2 2 2 2 2 2 2 2 2 2 2 2 2 2 2 2 2 2 2 2 2 2 2 2 2 2 2 2 2 2 2 2 2 2 2 2 2 2 2 2 2 2 2 2 2 2 2 2 2 2 2 2 2 2 2 2 2
left_child=32 -2 3 8 -4 6 7 13 -3 -10 28 12 -12 14 15 22 17 24 19 25 -21 40 34 -24 35 -18 -23 33 -11 -17 -31 -29 -1 -20 -6 -15 58 41 -14 -26 -19 42 -8 -44 -43 -34 -47 48 51 -49 -51 -16 53 -5 -55 56 -56 -58 59 61 -61 -7
right_child=1 2 4 52 5 36 37 -9 9 10 11 -13 38 16 47 29 18 21 27 20 -22 26 23 -25 39 -27 -28 31 -30 30 -32 -33 45 -35 -36 -37 -38 -39 -40 -41 -42 44 43 -45 -46 46 -48 49 -50 50 -52 -53 -54 54 55 -57 57 -59 -60 60 -62 -63
leaf_value=-0.0043515287468254074 0.004189630521787102 0.0014239574277513278 0.00088852520280078998 0.0012959359755729555 8.4895199009527763e-05 -0.0016229848157395498 -0.02549697230367557 0.0031462970912284425 -0.0022011623012004561 -0.011541764595513714 -0.0030712942010723055 -0.0017454073624685409 -0.016210801329893564 -0.00318659412805118 0.0011464097093076167 0.0028135668154383071 0.0025635296777922864 0.00032799327938074288 -0.002371555069036765 0.00021834918166596307 0.0040621977950100413 0.0036685244148011637 -0.0015583752675946952 -0.0069870931804816953 0.00075193449738607363 -0.0012859702799189882 0.0087014550291240923 -0.0001950622218485381 6.2348511011049446e-06 -0.0013063024325518401 0.0019588264867654403 -0.0043631096911912045 -0.0049788575967670973 -0.0067924514326778143 -0.013483584831907031 0.0015979552222746844 -0.013158872172269704 -0.00050687899114288434 -0.031397749523499184 -0.0044843612288657042 -0.010496373301852616 -0.0034293603804718166 0.00013948899944634399 -0.016918580883290048 0.0036261459217335496 -0.0034722974151587109 -0.00061719594834790223 0.0015176687242605452 0.00057689950196880048 0.00032844909982340911 -0.0029644098432858122 0.0033889893283459019 6.6527311593475436e-05 -0.0016478892520353839 -0.0032224601204316212 0.00090744361747056249 -0.027171566946939993 -0.012385780343720398 0.0017789593452196971 -0.0025829814017818472 -0.018901925673708322 0.0094022806459928276
leaf_weight=391 406 102 8892 186 30 1176 23 575 202 58 20 25 52 1119 1719 674 432 391 405 2704 695 1503 2005 234 1693 5090 222 712 77 1141 622 372 197 459 85 211 28 2191 21 133 31 466 84 26 111 428 5486 2964 2806 3659 558 1829 1773 256 61 30 22 48 244 205 46 34
leaf_count=391 406 102 8892 186 30 1176 23 575 202 58 20 25 52 1119 1719 674 432 391 405 2704 695 1503 2005 234 1693 5090 222 712 77 1141 622 372 197 459 85 211 28 2191 21 133 31 466 84 26 111 428 5486 2964 2806 3659 558 1829 1773 256 61 30 22 48 244 205 46 34
internal_value=-1.74688e-12 0.00014545 0.000113587 -0.00136386 0.000202753 4.91807e-05 0.000128381 0.000233681 -0.00462425 -0.00598012 -0.0089973 -0.0136218 -0.0168144 0.000185135 0.000521396 -0.000893099 -0.000195914 0.000885602 -0.000723588 -0.000226936 0.00100431 0.00337605 -0.00250768 -0.00212574 -0.000808626 -0.000984814 0.00431624 -0.00299804 -0.00495513 0.000666493 -0.00015434 -0.00162543 -0.00116185 -0.00472016 -0.00994398 -0.00242754 -0.00168629 -0.00114469 -0.0205796 0.000370539 -0.000467162 -0.00311292 -0.00762854 -0.00389242 -0.00207206 -0.000957767 -0.000823821 0.00102209 0.00154043 0.000563435 -0.000107267 0.00230246 -0.000599538 -0.00255797 -0.00427697 -0.00845738 -0.010602 -0.0170327 -0.00149788 -0.00204514 -0.0055737 -0.00131318
internal_weight=58440 51938 51532 2933 48599 39707 37974 35073 557 455 253 118 93 34498 18326 4791 16172 5303 10869 8921 3399 2147 2354 2239 3156 5522 1725 1948 135 2437 1763 1084 6502 864 115 1330 1733 2901 73 1826 422 710 133 110 577 6111 5914 13535 6354 7181 4217 3548 2376 603 417 161 131 70 1705 1461 251 1210
internal_count=58440 51938 51532 2933 48599 39707 37974 35073 557 455 253 118 93 34498 18326 4791 16172 5303 10869 8921 3399 2147 2354 2239 3156 5522 1725 1948 135 2437 1763 1084 6502 864 115 1330 1733 2901 73 1826 422 710 133 110 577 6111 5914 13535 6354 7181 4217 3548 2376 603 417 161 131 70 1705 1461 251 1210
is_linear=0
shrinkage=0.1


Tree=55
num_leaves=63
num_cat=0
split_feature=12 11 10 7 1 6 3 3 3 6 3 0 9 11 12 12 0 1 9 12 3 1 8 3 11 8 7 3 7 11 12 12 7 7 11 7 11 8 0 1 1 8 7 7 6 12 12 10 11 7 12 11 12 10 7 9 8 1 6 3 11 8
split_gain=0.828791 0.741819 0.671291 1.01249 0.581145 0.732815 0.773278 0.525473 0.513721 0.476285 0.46894 0.54127 0.460298 0.403475 0.386162 0.542029 0.381046 1.23678 0.44183 0.428563 0.392995 0.391726 0.362315 0.42023 0.359373 0.345983 0.336473 0.335937 0.329542 0.35497 0.332789 0.327029 0.475091 0.317391 0.38137 0.313635 0.782444 0.54866 0.348266 1.54816 0.984114 0.777646 0.689329 0.490536 0.435787 0.370113 0.312084 0.714593 0.311632 0.484478 0.314038 0.311592 0.342714 0.311527 0.337079 0.304485 0.302019 0.335629 0.300617 0.394433 0.300407 0.334785
threshold=4.3609000000000009 2.6252500000000007 1.0810000000000002 -0.36648370705903521 112.00000000000001 -0.69057362043749781 242.50000000000003 232.50000000000003 194.50000000000003 0.9550229469509578 320.50000000000006 -7.9999999999999991 79.825000000000017 1.0590000000000002 3.4875500000000001 1.8707000000000003 -5.9999999999999991 106.00000000000001 77.881000000000014 1.8035000000000003 363.50000000000006 114.00000000000001 24.449000000000005 184.50000000000003 2.0862000000000003 28.491000000000007 -0.91595872546125101 270.50000000000006 -0.048362832084465616 2.6883500000000002 1.6592500000000003 1.5541000000000003 -0.99052477729077237 -0.67801649466304881 2.0456500000000006 0.33222858587828868 2.7875000000000001 27.041000000000007 -7.9999999999999991 111.00000000000001 110.00000000000001 27.201000000000004 0.70747208174348741 0.67007489853957602 0.69056404122701587 1.0446000000000002 3.8888500000000001 4.9890000000000017 2.7735500000000006 -0.62587551141915865 7.7621000000000011 2.7505000000000002 1.4874000000000003 4.4350000000000014 0.76556758748011056 83.477000000000018 26.35100000000001 111.00000000000001 0.19337368024598436 186.50000000000003 2.4097000000000004 28.347000000000005
decision_type=2 2 2 2 2 2 2 2 2 2 2 2 2 2 2 2 2 2 2 2 2 2 2 2 2 2 2 2 2 2 2 2 2 2 2 2 2 2 2 2 2 2 2 2 2 2 2 2 2 2 2 2 2 2 2 2 2 2 2 2 2 2
left_child=1 4 9 8 10 6 7 -6 -4 -3 11 12 31 -2 15 -10 18 19 21 -18 28 -5 27 24 -24 58 -15 -13 -19 30 -30 -1 -33 34 -34 36 -20 -38 39 43 42 -41 -40 45 -42 -37 55 -48 -28 -50 -51 -46 -53 -31 -55 -39 -14 -58 59 -7 -8 -62
right_child=13 2 3 16 5 25 60 -9 14 -11 -12 22 56 26 -16 -17 17 20 35 -21 -22 -23 23 -25 -26 -27 48 -29 29 53 -32 32 33 -35 -36 38 37 46 40 41 44 -43 -44 -45 51 -47 47 -49 49 50 -52 52 -54 54 -56 -57 57 -59 -60 -61 61 -63
leaf_value=0.00023497584427121222 0.0094467190364375727 0.0026276317349056312 -0.0047308711008162991 0.0034893897653763026 -0.0026339498458481914 -0.0045091576108657631 -0.0016891656088508051 -0.019773533367464003 -0.0031913287043585669 -0.0037493091317005534 -0.0020697828008383909 -0.0011758061107013382 -0.0045274108456486899 -0.00046969465361333641 -0.011991204894147815 0.0080481750109336458 0.0013292136173273434 0.0018838257838792037 0.0016881118826324775 0.0074377741388442862 -0.012535408607072897 -0.0033980047563090922 -0.0013240388336121503 0.0011656767995336425 0.00025866909458455671 -0.0031571151700360875 0.00073037721030165157 -0.0075272659963482747 -0.0020917492299552332 9.8822512559663749e-05 -0.011157549157505857 -0.017772335632506644 -0.010859539254349383 -0.0089231639823213176 0.0014003470744937659 0.0015884066031973685 -1.1629956234921803e-05 -0.0025914100925670384 0.0036511647182384832 0.0018934492800158549 -0.0020240814753830221 0.0073298427076121378 0.0002966135481904088 0.00045500413918014843 -0.0036250725516244701 -0.0058977984377406763 -0.00052763471483356422 -0.023754933060934912 -0.01358642711962477 -0.00071176187445090024 0.011607835867575238 -0.00026089029158822053 0.0055912491758742062 -0.00078581582537721019 -0.0037712716991923031 -0.0081777858808196671 -0.0010701805150661471 0.0029593579411659882 9.0256768702839647e-05 -0.00072001712126738544 -0.004311272114327999 -0.013566542588872835
leaf_weight=97 50 1506 646 737 27 399 356 53 82 127 1538 878 217 3359 20 90 258 277 708 207 32 93 2016 3341 4975 716 17770 92 88 846 75 33 34 112 100 89 462 421 927 563 1914 494 1806 920 103 256 27 26 29 1408 21 209 192 747 766 127 1772 234 1861 882 179 50
leaf_count=97 50 1506 646 737 27 399 356 53 82 127 1538 878 217 3359 20 90 258 277 708 207 32 93 2016 3341 4975 716 17770 92 88 846 75 33 34 112 100 89 462 421 927 563 1914 494 1806 920 103 256 27 26 29 1408 21 209 192 747 766 127 1772 234 1861 882 179 50
internal_value=-8.04386e-13 -0.000299445 0.00021153 -9.16383e-06 -0.000704934 -0.0017018 -0.00476767 -0.0139889 -0.00338105 0.00213169 -0.000412892 -0.000229575 -0.00153082 0.000473607 0.00116053 0.00268981 0.000202178 -0.000731141 0.00050754 0.00404851 -0.00151621 0.00271767 6.96581e-05 0.000243142 -0.000197738 -0.00117334 0.000453743 -0.00177821 -0.00139023 -0.00174984 -0.00626313 -0.0047667 -0.00650563 -0.00499424 -0.00171037 0.000309097 -0.000887423 -0.00260283 0.000592657 0.00160943 0.00013431 0.0044342 0.00143444 -0.000750881 -0.00133519 -0.00396657 -0.00459474 -0.0119222 0.000615061 -0.0007904 -0.000530718 0.00128097 0.00254113 -0.00143798 -0.00229729 -0.00388606 -0.000983499 -0.000600135 -0.000721273 -0.00190024 -0.00350665 -0.00633207
internal_weight=58440 35803 15841 14208 19962 4523 665 80 838 1633 15439 13901 2599 22637 192 172 13370 3296 10074 465 2831 830 11302 10332 6991 3858 22587 970 2799 2522 163 376 279 246 134 9244 1771 1063 7473 2322 5151 1057 2733 1265 2418 345 601 53 19228 1458 1429 504 401 2359 1513 548 2223 2006 3142 1281 585 229
internal_count=58440 35803 15841 14208 19962 4523 665 80 838 1633 15439 13901 2599 22637 192 172 13370 3296 10074 465 2831 830 11302 10332 6991 3858 22587 970 2799 2522 163 376 279 246 134 9244 1771 1063 7473 2322 5151 1057 2733 1265 2418 345 601 53 19228 1458 1429 504 401 2359 1513 548 2223 2006 3142 1281 585 229
is_linear=0
shrinkage=0.1


Tree=56
num_leaves=63
num_cat=0
split_feature=12 10 7 3 11 10 11 12 11 12 9 3 10 8 9 2 1 0 7 5 6 0 0 8 12 12 3 3 8 3 12 7 6 12 6 11 8 10 9 6 7 11 8 12 3 2 12 7 7 12 8 1 12 11 7 10 0 1 3 12 10 0
split_gain=0.69217 0.550339 0.431951 0.619049 0.369651 0.369234 0.360335 0.373666 0.338675 0.334653 0.3867 0.445437 0.6009 0.523361 0.317792 0.36337 0.390052 0.889711 1.56069 0.757928 0.858904 0.734283 0.727331 0.705599 0.688412 0.657186 0.605449 0.645817 0.561819 0.545466 0.517721 0.510124 0.497157 0.476162 0.621137 0.473139 0.472123 0.416547 0.385103 0.385411 0.392713 0.374248 0.37249 0.371418 0.360201 0.444325 0.428146 0.358215 0.353113 0.339965 0.334699 0.425216 0.32861 0.319575 0.638699 0.387178 0.313489 0.371385 0.691734 0.601739 0.930008 0.460994
threshold=0.22810000000000002 0.0050000000000000001 -0.98521978256641018 176.50000000000003 3.5954500000000005 27.931000000000001 2.5023500000000003 5.8875500000000009 1.0590000000000002 5.283500000000001 81.14100000000002 174.50000000000003 1.3870000000000002 28.543000000000006 77.187000000000026 11.500000000000002 110.00000000000001 -7.9999999999999991 0.1318557721318592 0.6830127018922193 -0.85227431625818906 -5.9999999999999991 -7.9999999999999991 28.951000000000004 3.6015500000000005 5.8875500000000009 300.50000000000006 321.50000000000006 25.951000000000008 326.50000000000006 5.1255500000000014 0.77652048701313048 -0.99630266176052629 6.401650000000001 -0.56368474752277564 3.1098000000000003 28.323000000000004 2.6710000000000007 82.30100000000003 0.99552231814189451 -0.33426211444629356 2.6946000000000008 26.455000000000009 1.0753500000000003 102.50000000000001 4.5000000000000009 6.401650000000001 0.97461712852231652 -0.048362832084465616 0.98445000000000016 25.445000000000004 111.00000000000001 3.5183000000000004 2.2928500000000005 -0.16799793862756093 1.2830000000000001 -5.9999999999999991 111.00000000000001 346.50000000000006 3.4300500000000005 8.099000000000002 -7.9999999999999991
decision_type=2 2 2 2 2 2 2 2 2 2 2 2 2 2 2 2 2 2 2 2 2 2 2 2 2 2 2 2 2 2 2 2 2 2 2 2 2 2 2 2 2 2 2 2 2 2 2 2 2 2 2 2 2 2 2 2 2 2 2 2 2 2
left_child=8 6 3 9 14 -5 7 -2 -1 10 11 12 -3 -13 -4 16 22 18 28 21 -21 44 24 -24 29 48 35 -28 33 32 52 50 -16 34 -18 42 -32 -37 39 40 -25 -29 -26 -33 46 -46 -19 -45 -23 -34 -20 -52 -22 55 -55 -30 57 58 59 -17 -61 -59
right_child=1 2 4 5 -6 -7 -8 -9 -10 -11 -12 13 -14 -15 15 56 17 19 31 20 30 25 23 38 26 -27 27 41 53 -31 36 43 49 -35 -36 37 -38 -39 -40 -41 -42 -43 -44 47 45 -47 -48 -49 -50 -51 51 -53 -54 54 -56 -57 -58 61 -60 60 -62 -63
leaf_value=-0.0040894712178030229 6.6408290065359581e-05 0.003985363464380498 0.00068501155682892316 -0.00065006607178961639 0.0029978523006758662 0.0072286263935565642 0.0054090227153278441 0.0025220784853085547 -0.0010099636344389695 0.00085329105336727062 -0.0028825198207560413 -0.0094896252702164931 -0.012725837925114695 -0.026905462264337321 -0.012915481785471042 -0.0021115990502723922 -0.0057664224181415598 7.987111768322255e-05 0.012901072318737323 -0.021987660652534529 -0.0021516993637501411 0.00089018561831219348 0.00085691559332085195 -0.0028048598062699005 0.0023604506107858473 0.003267254339278733 0.0094991628725078336 -0.0070081791822232458 -0.0008088429399827784 0.0055971405821397188 -0.0036039983960411827 0.0013661948782461063 -0.00032677168698813023 0.0021558325574210103 -0.00037603320928838622 -0.01707972585922107 0.0050106929116777747 -0.0018673899567996464 -0.0074568014618433352 -0.011806098475459624 0.0026401132047187094 0.0061016695390112312 -0.00049665661499912047 0.0077521968030688894 -0.0041786431525437347 -0.0011952390813603508 -0.0095578060168376635 0.0023678544750489463 -0.001251145247911736 -0.0031033497294063773 -0.0019143505807830503 0.0023047149608442629 -0.0056342620612728073 -0.0056783670284537091 0.0012287745073443778 0.0024451772007691398 -0.0028291431986852888 0.0035006040275368947 0.00016345318536020319 -0.0054282455012823151 -0.023745785237919981 -0.00071344786980651932
leaf_weight=404 1424 48 6967 2392 432 61 214 1097 3078 110 274 80 39 22 44 493 512 2392 26 22 1865 1966 14220 340 576 791 139 51 644 89 99 231 665 178 367 30 178 45 123 33 217 38 2196 404 593 3156 47 178 1266 1309 299 1188 317 238 306 846 748 423 1054 150 34 672
leaf_count=404 1424 48 6967 2392 432 61 214 1097 3078 110 274 80 39 22 44 493 512 2392 26 22 1865 1966 14220 340 576 791 139 51 644 89 99 231 665 178 367 30 178 45 123 33 217 38 2196 404 593 3156 47 178 1266 1309 299 1188 317 238 306 846 748 423 1054 150 34 672
internal_value=1.78008e-12 8.66264e-05 1.42083e-05 -0.00114543 8.55349e-05 -0.000454143 0.0014694 0.00113498 -0.00136726 -0.0041048 -0.00528274 -0.00876244 -0.00350586 -0.013246 5.97352e-05 -4.44875e-05 4.56709e-05 -0.000291 0.000781909 -0.000748922 -0.00231665 -0.000368007 0.000348767 0.000702994 -0.00067201 0.000683707 0.000282071 0.00524048 -0.000690519 -0.00206442 -0.00214066 0.0027386 -0.00240231 -0.00256071 -0.00351583 -0.00011502 0.0019318 -0.00795232 -0.00236681 -0.00130568 -0.000683569 -0.00141072 9.7028e-05 0.00475886 -0.00105176 -0.00166714 -0.000105849 0.00610544 5.14094e-05 -0.00216798 0.00165303 0.00145636 -0.00265764 0.000281356 -0.0017931 0.00103874 -0.00100873 -0.000526898 -0.00143867 -0.00393296 -0.00881301 0.000914446
internal_weight=58440 54958 52223 3026 49197 2453 2735 2521 3482 573 463 189 87 102 48765 41798 38224 18109 5417 12692 2481 10211 20115 14933 5182 4023 3075 228 3091 2107 2459 2326 2018 1057 879 2847 277 75 713 590 557 89 2772 813 6188 3749 2439 582 3232 1974 1513 1487 2182 2034 544 1490 3574 2826 1731 677 184 1095
internal_count=58440 54958 52223 3026 49197 2453 2735 2521 3482 573 463 189 87 102 48765 41798 38224 18109 5417 12692 2481 10211 20115 14933 5182 4023 3075 228 3091 2107 2459 2326 2018 1057 879 2847 277 75 713 590 557 89 2772 813 6188 3749 2439 582 3232 1974 1513 1487 2182 2034 544 1490 3574 2826 1731 677 184 1095
is_linear=0
shrinkage=0.1


Tree=57
num_leaves=63
num_cat=0
split_feature=12 5 0 1 1 7 12 11 8 12 3 3 9 9 11 8 1 0 3 12 7 7 9 7 6 4 6 7 3 7 6 0 1 8 5 3 10 10 6 10 11 3 11 12 10 7 2 3 8 11 8 3 10 1 10 8 12 9 10 11 12 7
split_gain=0.588745 0.428366 0.382751 1.22161 0.426433 0.423875 0.469408 0.95617 0.683555 0.458969 0.410809 0.414653 0.358606 0.35615 0.342119 0.322064 0.378532 0.556497 0.335673 0.333008 0.444671 0.37537 0.358629 0.364946 0.319467 0.31469 0.307377 0.296226 1.21527 0.787999 1.05164 0.777673 0.673075 0.937056 0.653409 0.566534 0.553294 0.551929 0.551522 0.511713 0.48118 0.471578 0.504214 0.471444 0.471173 0.452955 0.445457 0.565725 0.433056 0.413777 0.408224 0.387376 1.18393 1.06682 0.637035 0.52826 0.385833 0.373678 0.332388 0.325791 0.354705 0.321077
threshold=3.1838500000000005 -0.9330127018922193 -5.9999999999999991 106.00000000000001 107.00000000000001 -0.50557503990954278 1.5541000000000003 2.7279500000000003 27.421000000000006 1.4874000000000003 280.50000000000006 329.50000000000006 83.711000000000027 86.561000000000021 1.1473500000000001 24.571000000000005 114.00000000000001 -7.9999999999999991 365.50000000000006 1.0118500000000001 -0.16799793862756093 -0.022575793296316496 66.812000000000012 0.31595530242620651 -0.61237985104942771 0.68301270189221941 -0.48314718476766422 -0.13398942717002907 265.50000000000006 1.0000000180025095e-35 -0.99866806308218525 -6.9999999999999991 108.00000000000001 26.455000000000009 -0.68301270189221952 247.50000000000003 0.83100000000000029 0.061000000000000019 0.9916835347852474 1.8250000000000004 1.6357000000000002 150.50000000000003 2.0456500000000006 5.0113000000000012 11.461000000000002 -0.074115882986646633 8.5000000000000018 238.50000000000003 28.761000000000006 1.5771500000000003 28.891000000000009 275.50000000000006 0.37100000000000011 111.00000000000001 2.2710000000000008 28.451000000000004 4.3367000000000013 81.14100000000002 2.7670000000000008 2.7207500000000002 5.8645000000000005 -0.70289845916694649
decision_type=2 2 2 2 2 2 2 2 2 2 2 2 2 2 2 2 2 2 2 2 2 2 2 2 2 2 2 2 2 2 2 2 2 2 2 2 2 2 2 2 2 2 2 2 2 2 2 2 2 2 2 2 2 2 2 2 2 2 2 2 2 2
left_child=1 -1 4 12 -3 9 -7 8 -8 -5 -10 -12 -4 -9 -2 -6 18 24 19 26 -21 -22 -23 -24 -18 -19 -17 28 31 36 51 32 33 -16 41 46 37 -29 40 -40 -32 42 -34 -44 -35 -39 47 -36 -43 58 -41 55 53 -53 -54 -31 -46 -38 -33 61 -61 -51
right_child=14 2 3 5 15 6 7 13 10 -11 11 -13 -14 -15 27 16 17 25 -20 20 21 22 23 -25 -26 -27 -28 29 -30 30 38 49 34 44 35 -37 57 45 39 50 -42 48 43 -45 56 -47 -48 -49 -50 59 -52 52 54 -55 -56 -57 -58 -59 -60 60 -62 -63
leaf_value=-0.0018361636024920452 0.00621542809723118 -0.00094377037954136765 0.0048518220761075547 -0.0016927385832213168 -0.0014080379653910377 -0.0012001838411523098 -0.026389516107738022 -0.0016307997319080091 -0.0050985506778971935 0.0027527143276717967 -0.022268457128666343 -0.0054412610397708639 0.00064086678534045404 -0.011899577742442489 0.003260377561581468 0.0014157134772696993 -0.0044658621625555022 -0.0040701888739925326 -0.012374244804959744 -0.00029513880662384667 0.0046243985650669837 0.012754657262660288 -0.0006305912672315275 0.0016070701122762523 0.0028494943017760913 -0.00019223587980202165 -0.00054056908232389018 0.0032221545071374085 -0.0096571929841266241 -2.1697948372188011e-05 0.0071114045629814358 0.0051421542104993327 0.0026965700303077486 -0.00021461958518732374 -0.003023018219096734 0.00025402622126548263 0.0064751054675771863 -0.0079324410059752899 -0.0079293012771321312 -1.1838032675312935e-05 0.00060762178168199629 -0.00081484369564906742 -0.00030072313136956955 -0.010851715332400815 -0.0035989272509080669 0.00021145598827085148 -0.0074247595618303144 0.0019806552827460965 -0.014596599259454272 0.00018974631928237118 -0.011407247861943153 -0.036733151537676652 0.0080617561809984695 -0.0069167154259048404 -0.011623392356259208 -0.011272587543776767 -0.018601244851015507 0.0024691289991749864 -0.0075922441499477085 -0.0038643424640705977 0.0056229139450411116 0.0014337519756393968
leaf_weight=1812 97 3808 401 466 1083 3399 20 965 205 463 32 27 408 35 988 1048 71 566 20 1902 356 27 892 3985 375 332 3438 337 129 173 115 300 892 1715 1984 773 423 106 133 417 10518 2622 312 49 60 192 196 255 23 4680 34 24 35 24 31 55 24 518 22 275 46 3727
leaf_count=1812 97 3808 401 466 1083 3399 20 965 205 463 32 27 408 35 988 1048 71 566 20 1902 356 27 892 3985 375 332 3438 337 129 173 115 300 892 1715 1984 773 423 106 133 417 10518 2622 312 49 60 192 196 255 23 4680 34 24 35 24 31 55 24 518 22 275 46 3727
internal_value=-1.10433e-12 -0.000352872 -0.000242375 -0.000904748 -4.81187e-06 -0.00142845 -0.00181553 -0.00344447 -0.00856513 0.00052281 -0.0072148 -0.0145679 0.00272813 -0.00199021 0.000285496 0.000248863 0.000386769 -0.00120243 0.000569824 0.000592049 0.00101522 0.00148904 0.00126143 0.0011978 0.00168494 -0.00263647 -8.35508e-05 0.000267636 1.59536e-05 0.000633079 0.000347079 8.18268e-05 -0.000530995 0.000786084 -0.00104756 -0.00210458 0.00273071 0.000449806 0.000513631 -0.00247839 0.000677963 -0.000177645 0.00142042 -0.00173285 -0.000572784 -0.00268537 -0.00285333 -0.00245315 -0.000934685 0.000751733 -0.000870915 -0.00511552 -0.00987509 -0.0218249 -0.0011843 -0.00273573 -0.0078853 0.0042699 0.0042721 0.000621857 -0.0025048 0.00074124
internal_weight=58440 26136 24324 6421 17903 5612 4683 1284 284 929 264 59 809 1000 32304 14095 13012 1344 11668 11648 7162 5260 4904 4877 446 898 4486 32207 19072 13135 11559 18943 9893 2787 7106 3208 1576 635 11217 584 10633 3898 1253 361 1799 298 2435 2239 2645 9050 451 342 114 48 66 228 84 941 322 8728 321 8407
internal_count=58440 26136 24324 6421 17903 5612 4683 1284 284 929 264 59 809 1000 32304 14095 13012 1344 11668 11648 7162 5260 4904 4877 446 898 4486 32207 19072 13135 11559 18943 9893 2787 7106 3208 1576 635 11217 584 10633 3898 1253 361 1799 298 2435 2239 2645 9050 451 342 114 48 66 228 84 941 322 8728 321 8407
is_linear=0
shrinkage=0.1


Tree=58
num_leaves=63
num_cat=0
split_feature=12 10 11 7 3 11 12 10 7 1 5 2 8 10 10 12 11 6 9 10 1 6 3 10 11 8 8 7 6 0 0 11 8 8 11 12 11 9 11 9 3 7 3 9 8 6 3 8 1 3 3 3 6 4 9 9 6 10 0 8 3 6
split_gain=0.519735 0.451071 0.324562 0.314113 0.496988 0.313897 0.362014 0.29437 0.305744 0.294202 0.287689 0.281441 0.316694 0.292785 0.480526 0.303889 0.280933 0.277466 0.355202 0.599532 0.58051 0.698149 0.72808 0.339712 0.256239 0.255505 0.259173 0.245801 0.235881 0.368072 0.232238 0.236106 0.230445 0.222543 0.214618 0.211246 0.231447 0.20625 0.303107 0.302077 0.423946 0.454884 0.483784 0.763227 0.426578 0.263319 0.679662 0.574471 0.621269 0.449174 0.748635 0.450976 0.411766 0.381344 0.289766 0.289445 0.296463 0.267566 0.212044 0.233778 0.19857 0.194819
threshold=0.17555000000000001 0.0050000000000000001 3.6831500000000004 -0.98521978256641018 176.50000000000003 2.3430000000000004 5.8875500000000009 25.537000000000003 -0.99938741687870725 112.00000000000001 -0.5 6.5000000000000009 28.011000000000006 6.1910000000000016 1.0490000000000002 4.6422000000000008 0.7552000000000002 0.15951094710994371 80.155000000000015 0.17300000000000004 108.00000000000001 0.12545942051955489 174.50000000000003 2.4450000000000007 2.4039500000000005 27.901000000000007 25.631000000000004 0.99981043035926087 -0.97113884758256674 -6.9999999999999991 -5.9999999999999991 2.0255000000000005 28.587000000000007 29.147000000000009 1.2195500000000001 1.6962000000000002 2.1800500000000005 64.427000000000007 2.7875000000000001 74.603000000000023 355.50000000000006 0.94353349168649059 325.50000000000006 71.856000000000009 28.841000000000008 -0.97509794945709805 285.50000000000006 28.741000000000007 109.00000000000001 266.50000000000006 265.50000000000006 273.50000000000006 -0.89406062840022227 -0.93301270189221908 82.343000000000032 82.041000000000011 -0.93545489084327571 4.9230000000000009 -6.9999999999999991 28.951000000000004 252.50000000000003 0.51297097409535064
decision_type=2 2 2 2 2 2 2 2 2 2 2 2 2 2 2 2 2 2 2 2 2 2 2 2 2 2 2 2 2 2 2 2 2 2 2 2 2 2 2 2 2 2 2 2 2 2 2 2 2 2 2 2 2 2 2 2 2 2 2 2 2 2
left_child=34 5 3 4 17 6 9 8 11 10 -2 -6 35 14 -14 -16 -5 18 19 -3 -21 -22 -23 -19 -20 26 -7 37 -27 -30 31 32 -8 -29 -1 -13 -37 38 -18 40 41 42 44 -44 -39 46 49 48 -48 50 -41 -51 55 54 -54 56 -47 -57 -43 -60 -33 -11
right_child=1 2 -4 16 7 25 30 -9 -10 61 -12 12 13 -15 15 -17 27 23 24 20 21 22 -24 -25 -26 28 -28 33 29 -31 -32 60 -34 -35 -36 36 -38 39 -40 45 -42 58 43 -45 -46 52 47 -49 -50 51 -52 -53 53 -55 -56 57 -58 -59 59 -61 -62 -63
leaf_value=-0.0035419689133414072 0.001779624398906821 0.003172043756102071 0.0038649771477392079 -0.0042518364780047896 0.00068408322889721373 0.0016023166351677742 0.0015901543494771177 0.0057011476794617596 7.3303692692418859e-05 -0.0034407913673024206 -0.002553931212785774 -0.0082387518048996026 -0.0029916152111611389 0.0016654672711316884 -0.010365806687425108 -0.024196125493229678 -0.0048425690781914461 0.0034431247929460371 -0.0014811122663613632 -0.00095421090475557475 -0.0051796635010224936 -0.01203742035302437 -0.035482882994871873 -0.0065859037191223577 -0.0098799693836765581 0.0057137833888524434 0.0085138396727076418 -0.0020630259655660321 0.004896608945497205 -0.0061444139172736976 0.0060326514327150851 -0.002815204376185482 -0.0039083678487633524 -0.012976670376956462 -0.0010207618364742425 -0.0025784567697754997 0.0047773463647657385 0.00036357562055525723 0.0072089259667942928 -0.0012611832629848233 -0.0067274206042330824 0.0086780986656945832 0.0049466620858243486 -0.011146801437657988 0.0032395816376651655 -0.00091067847230251573 -0.013211661365394499 -0.023508697012439371 0.0018004067368747202 0.0019904184494839877 -0.0098229346577183262 -0.00090698442265274505 -0.0014123523415037198 2.0844730748131221e-05 -0.0086098626180183754 0.0032237503669541481 0.0017053704095049674 0.00066400405881439795 -0.0020969737985136886 0.0076622787366310762 0.0076977207093867558 0.0033025089271214547
leaf_weight=410 634 33 216 152 187 85 738 77 1793 341 202 42 62 29 47 24 160 100 234 34 34 27 26 51 43 71 150 284 52 72 137 22 85 20 1913 149 60 1757 24 579 68 113 47 79 730 979 51 20 60 827 124 1533 160 39729 86 922 777 733 54 45 98 49
leaf_count=410 634 33 216 152 187 85 738 77 1793 341 202 42 62 29 47 24 160 100 234 34 34 27 26 51 43 71 150 284 52 72 137 22 85 20 1913 149 60 1757 24 579 68 113 47 79 730 979 51 20 60 827 124 1533 160 39729 86 922 777 733 54 45 98 49
internal_value=-1.94518e-12 6.06755e-05 -3.51046e-06 -1.92274e-05 -0.00100417 0.00131298 0.000850451 -0.000384742 -0.000580569 -0.000325529 0.000732521 -0.00253456 -0.00399191 -0.00743877 -0.00942391 -0.0150408 4.07582e-05 -0.00363304 -0.00492543 -0.00877558 -0.012034 -0.0163641 -0.023539 5.5837e-05 -0.00278491 0.00379344 0.00601393 5.38178e-05 0.00111746 -0.00151431 0.00218541 0.00162647 0.00102226 -0.00278103 -0.00146574 -0.00176724 -0.000466743 7.11728e-05 -0.00327063 8.36016e-05 0.00107512 0.00126293 0.00090149 -0.00514368 0.00120776 2.20202e-05 -0.000854272 -0.00790797 -0.00509703 -0.000552596 -0.00277136 0.000108334 8.65313e-05 -3.45927e-06 -0.00392856 0.00114117 0.000246878 0.00209004 0.00571788 0.00233905 0.00577035 -0.00259356
internal_weight=58440 56117 53381 53165 3052 2736 2306 2470 2393 1226 836 600 413 162 133 71 50113 582 431 154 121 87 53 151 277 430 235 49961 195 124 1080 943 823 304 2323 251 209 49657 184 49473 2893 2825 2613 126 2487 46580 3194 131 111 3063 703 2360 43386 39975 246 3411 1756 1655 212 99 120 390
internal_count=58440 56117 53381 53165 3052 2736 2306 2470 2393 1226 836 600 413 162 133 71 50113 582 431 154 121 87 53 151 277 430 235 49961 195 124 1080 943 823 304 2323 251 209 49657 184 49473 2893 2825 2613 126 2487 46580 3194 131 111 3063 703 2360 43386 39975 246 3411 1756 1655 212 99 120 390
is_linear=0
shrinkage=0.1


Tree=59
num_leaves=63
num_cat=0
split_feature=12 10 11 11 12 7 3 7 0 7 0 8 9 3 7 11 3 12 10 0 8 9 8 1 12 7 7 2 1 6 3 9 6 8 8 1 7 11 3 7 3 11 3 12 9 12 10 8 8 0 6 10 12 8 8 12 3 0 2 10 7 10
split_gain=0.437941 0.372981 0.277026 0.273194 0.364435 0.264406 0.422321 0.26089 1.00639 0.543773 0.613968 0.472862 0.435264 0.427943 0.455207 0.589384 0.522918 0.558952 0.576876 0.470635 0.651016 0.505751 0.384931 0.37524 0.347553 0.471465 0.37638 0.772555 0.329138 0.594043 0.391522 0.327874 0.564679 1.31048 0.486594 0.511777 0.325294 0.320972 0.302116 0.295046 0.288411 0.305826 0.321227 0.360999 0.301075 0.280338 0.340545 0.464171 0.431054 0.358671 0.428151 0.322873 0.313154 0.258291 0.276616 0.431563 0.250825 0.250705 0.235127 0.234994 0.234676 0.273716
threshold=0.13210000000000002 0.0050000000000000001 3.5954500000000005 2.1642000000000006 5.6742000000000008 -0.98521978256641018 176.50000000000003 0.84658398682345093 -6.9999999999999991 0.80798785254895478 -7.9999999999999991 28.519000000000009 72.627000000000024 323.50000000000006 0.3484035575467645 2.7875000000000001 291.50000000000006 4.456900000000001 0.35100000000000009 -5.9999999999999991 27.041000000000007 83.477000000000018 29.411000000000005 106.00000000000001 4.5709000000000009 0.41202506375868281 0.51849435583340198 10.500000000000002 112.00000000000001 -0.18492532721306487 288.50000000000006 78.711000000000027 0.84773968378660736 28.451000000000004 28.879000000000005 109.00000000000001 0.86439018870140905 2.9670000000000001 278.50000000000006 0.73136292505298039 364.50000000000006 2.5023500000000003 8.5000000000000018 1.7300500000000001 82.30100000000003 4.1835500000000012 2.6270000000000007 27.101000000000006 28.389000000000006 -5.9999999999999991 -0.159513159777915 1.0490000000000002 5.625700000000001 28.131000000000004 27.467000000000009 2.7704500000000007 46.500000000000007 -7.9999999999999991 8.5000000000000018 1.9010000000000005 -0.99938741687870725 9.6910000000000007
decision_type=2 2 2 2 2 2 2 2 2 2 2 2 2 2 2 2 2 2 2 2 2 2 2 2 2 2 2 2 2 2 2 2 2 2 2 2 2 2 2 2 2 2 2 2 2 2 2 2 2 2 2 2 2 2 2 2 2 2 2 2 2 2
left_child=-1 3 5 4 58 6 -3 9 12 13 37 45 -9 14 15 16 28 -18 -19 20 38 -22 -12 -21 25 -16 27 -27 30 -30 -7 34 56 -34 35 -26 -13 -11 -17 -28 41 -38 43 -43 -44 51 49 -48 52 50 -47 -10 -49 54 55 -15 -33 -4 -2 -39 61 -8
right_child=1 2 57 -5 -6 7 60 8 11 10 22 36 -14 53 24 19 17 18 -20 23 21 -23 -24 -25 31 26 39 -29 29 -31 -32 32 33 -35 -36 -37 40 59 -40 -41 -42 42 44 -45 -46 46 47 48 -50 -51 -52 -53 -54 -55 -56 -57 -58 -59 -60 -61 -62 -63
leaf_value=-0.0017499078840803304 -0.00065102921224791165 -0.0033149921540995518 0.0066043167867957872 0.0026819331840215997 0.0015342631718730055 0.00030007117302432236 -0.0028133358504074868 0.0078198286158573122 0.0054690196937430772 0.0038194731493005479 0.0012849148701929948 -0.0067871387258677156 0.00042809980746100315 -0.00063043399906953697 0.0026152475005360438 -0.0011950364941411998 0.00022399989779417714 -0.00040482502616734042 -0.013251743611672088 0.0059192694147785462 -0.0027393330610690709 -0.0079304354938073592 -0.010841637880851825 -0.00031324316365550055 0.003162623048675331 -0.00076387169252019197 0.00090652568903828567 -0.010649815265787767 -0.001417326096959882 0.00035021357658469973 0.0047375549076632394 -0.00017342221524034227 0.0022192902482324047 -0.01589928857050836 0.0026229487131321405 -0.0039770458018661475 -0.001621054700346757 0.020448303911834956 0.0032412195596687246 -0.00095672994142028788 -0.010723660970550209 0.0019229701817190898 0.0042606605901900265 -0.014941885373131795 -0.00097902998858099351 0.0031625900641083721 -0.014521745068486781 -0.0024929553281628726 -0.0130801094557952 -0.011468443722863283 -0.011512994472022085 -0.0018191796726031676 0.0045989067335613079 -0.0043223856995428453 0.0023088858662620999 -0.010818066646538255 0.0044790982568584797 0.0010910402317846925 -0.0062833412391517093 0.0083442350269588485 0.00020550762990655545 0.0035898673203088325
leaf_weight=1396 579 600 111 841 1232 18419 549 81 62 199 858 59 4829 193 833 586 150 56 93 107 1020 230 27 994 143 1341 3870 84 3400 4314 201 133 198 50 493 337 282 20 208 1089 21 30 450 22 145 50 28 165 27 105 33 3100 100 341 183 53 900 321 85 81 1857 76
leaf_count=1396 579 600 111 841 1232 18419 549 81 62 199 858 59 4829 193 833 586 150 56 93 107 1020 230 27 994 143 1341 3870 84 3400 4314 201 133 198 50 493 337 282 20 208 1089 21 30 450 22 145 50 28 165 27 105 33 3100 100 341 183 53 900 321 85 81 1857 76
internal_value=-1.52439e-12 4.28243e-05 -1.45804e-05 0.00118184 0.000516446 -3.4805e-05 -0.000934153 1.97653e-05 -0.000450032 0.000129096 0.00224022 -0.00149948 0.000550041 6.65842e-05 0.000112387 -7.96746e-05 7.32058e-05 -0.00408523 -0.00842337 -0.00137432 -0.00227213 -0.0036945 0.000914952 0.00029246 0.000716252 0.000377711 8.57517e-05 -0.00134662 0.000120421 -0.000428842 0.000347973 0.00180021 0.00285135 -0.00143365 0.000416346 -0.00185002 0.00041777 0.00614975 -3.28939e-05 0.000497353 0.000865233 0.0011272 0.00232505 -0.00521216 0.00298376 -0.00202659 -0.0042071 -0.00222256 -0.00104318 -0.00758503 -0.00267228 -0.00167627 0.000183219 -0.0022681 -0.00063521 -0.00282533 0.00388008 0.00250765 -0.00137203 0.0107411 -0.000358607 -0.00203471
internal_weight=58440 57044 54307 2737 1896 53875 3082 50793 9589 41204 1185 4679 4910 40019 39249 29778 26633 299 149 3145 2044 1250 885 1101 9471 7217 6384 1425 26334 7714 18620 2254 1281 248 973 480 1009 300 794 4959 950 929 647 52 595 3670 508 320 292 188 83 3162 265 770 429 246 1033 432 664 101 2482 625
internal_count=58440 57044 54307 2737 1896 53875 3082 50793 9589 41204 1185 4679 4910 40019 39249 29778 26633 299 149 3145 2044 1250 885 1101 9471 7217 6384 1425 26334 7714 18620 2254 1281 248 973 480 1009 300 794 4959 950 929 647 52 595 3670 508 320 292 188 83 3162 265 770 429 246 1033 432 664 101 2482 625
is_linear=0
shrinkage=0.1


Tree=60
num_leaves=63
num_cat=0
split_feature=12 11 10 10 8 8 6 11 10 10 7 6 9 0 11 0 1 5 11 12 8 1 6 11 7 10 6 10 0 10 3 6 3 0 12 0 6 6 3 1 4 11 7 1 4 9 11 11 9 0 3 10 9 11 12 9 10 1 12 0 11 7
split_gain=0.406513 0.455772 0.594326 0.341461 0.293145 0.28417 0.495934 0.429489 0.493581 0.387343 0.528386 0.475148 0.469048 0.556963 0.464659 0.409081 0.473039 0.387314 0.378959 2.43906 0.41144 0.367163 0.450116 0.46586 0.508731 0.512734 0.450981 0.396076 0.493588 0.392495 0.345138 0.337371 0.728024 0.531719 0.562285 0.371924 0.531739 0.440271 0.332475 0.354214 0.304687 0.291987 0.288254 0.29207 0.288231 0.278544 0.250003 0.247022 0.477213 0.556238 0.388717 0.365253 0.363448 0.242239 0.240458 0.240012 0.435543 0.312544 0.312676 0.280118 0.375792 0.29497
threshold=4.5709000000000009 2.1421000000000006 1.0810000000000002 0.12100000000000004 24.449000000000005 28.001000000000008 0.95752911693909493 2.5376500000000006 1.2470000000000001 7.7870000000000017 0.080547328232315238 0.71503381463111937 84.293000000000021 -7.9999999999999991 2.2825000000000002 -7.9999999999999991 114.00000000000001 -0.5 2.3147000000000006 5.625700000000001 27.041000000000007 114.00000000000001 0.95242846126021108 2.5139 0.1318557721318592 0.45100000000000012 0.94704596667653973 0.051000000000000011 -6.9999999999999991 2.0610000000000004 84.500000000000014 -0.90893996196865023 292.50000000000006 -7.9999999999999991 5.1699500000000009 -6.9999999999999991 0.71503381463111937 -0.67803021058859214 14.500000000000002 110.00000000000001 0.68301270189221941 2.7207500000000002 0.97263757644091875 110.00000000000001 0.68301270189221941 79.545000000000016 3.6831500000000004 2.4323000000000001 70.845000000000013 -5.9999999999999991 256.50000000000006 0.031000000000000003 79.305000000000021 2.2064500000000007 4.903550000000001 74.908000000000015 1.2830000000000001 112.00000000000001 5.1481000000000003 -6.9999999999999991 2.9031500000000006 0.9863035000474919
decision_type=2 2 2 2 2 2 2 2 2 2 2 2 2 2 2 2 2 2 2 2 2 2 2 2 2 2 2 2 2 2 2 2 2 2 2 2 2 2 2 2 2 2 2 2 2 2 2 2 2 2 2 2 2 2 2 2 2 2 2 2 2 2
left_child=1 2 45 -3 -5 6 9 8 -8 10 15 12 -11 -14 -15 16 41 -18 19 40 -20 22 26 24 25 -24 55 -23 44 -28 -27 32 -22 34 -34 37 42 -33 -39 -40 -12 -2 43 -37 -29 -1 -6 -17 -49 50 51 -50 -51 -42 -16 56 59 -58 -59 -7 61 -61
right_child=5 3 -4 4 46 21 7 -9 -10 11 18 -13 13 14 54 47 17 -19 20 -21 31 27 23 -25 -26 30 29 28 -30 -31 -32 35 33 -35 -36 36 -38 38 39 -41 53 -43 -44 -45 -46 -47 -48 48 49 52 -52 -53 -54 -55 -56 -57 57 58 -60 60 -62 -63
leaf_value=-0.0052736655216213593 0.00039843711881480524 0.0016188905288040747 -0.00049678731738706677 -0.0018636333674412039 -5.1950881423361418e-05 -0.001825886447491159 -0.0054535939007130402 -0.0088452043315348557 0.00081839964990894397 -0.0005804120264545575 -0.012975951441932984 0.0030961652421325012 -0.0024595078042543989 -0.026531546214722437 -0.017473038458265363 0.0014058139993439883 -0.0014419947523821473 -0.008030854870868678 0.0061130280276170852 0.0034190010732592698 0.0033051822467638514 0.0049171082504387391 -0.0059939896793697375 -0.0037555267886270564 0.0066808622648044311 -0.010034371709281748 0.00048631644763407253 -0.00043605236857699155 0.0022355087031521782 -0.017338777841068805 0.0027525563922689155 0.0094420810900143516 -0.0054836284048084558 0.0030023120995610955 -0.026420749740108204 -0.0012890771300973077 0.0074900285875372273 0.010482204581300419 -0.0012162266822785973 0.0065841252830895515 -0.010316583484411241 -0.0066496506915427744 0.0038466437132835076 -0.011015198043046091 -0.0059372863533283873 -0.0019361041159008108 0.0034280719623264026 0.012688435977324844 -0.0059803280979394916 -0.005177675793594164 -0.0017524368540548228 -0.023711984725489927 0.0059620644446113152 0.003903713279768177 -0.0032201162900711445 -0.00092182352333717058 0.0067021082631897105 0.008516016249944058 -0.0040133723719180496 0.0016523803975047194 -0.0093715284033404553 -0.010350265708707628
leaf_weight=349 2888 1229 6888 896 27415 634 177 79 431 197 116 138 85 22 20 4348 332 122 402 662 129 258 88 137 219 22 21 422 789 30 521 150 29 25 23 76 71 48 172 88 25 60 48 52 123 882 208 20 21 54 34 26 64 23 29 4880 172 28 69 819 34 21
leaf_count=349 2888 1229 6888 896 27415 634 177 79 431 197 116 138 85 22 20 4348 332 122 402 662 129 258 88 137 219 22 21 422 789 30 521 150 29 25 23 76 71 48 172 88 25 60 48 52 123 882 208 20 21 54 34 26 64 23 29 4880 172 28 69 819 34 21
internal_value=-7.07637e-13 -0.000194402 -0.000858483 -1.3157e-05 -8.34885e-05 0.000357819 0.000694958 -0.00190877 -0.00100749 0.000863725 0.000996961 -0.00187916 -0.00382419 -0.00792049 -0.0144583 0.00062238 -0.00020776 -0.00321257 0.00239249 0.000714333 0.00344821 -5.1887e-05 -0.000337882 0.00165598 0.00252819 0.00108693 -0.000631255 0.00133048 0.000636819 -0.00999903 0.00223449 0.0022723 -0.00128775 -0.0089824 -0.0147443 0.00331254 0.000184902 0.00499928 0.00283558 0.00142389 -0.0102033 0.000254989 -0.00276205 -0.00524031 -0.00167762 -0.00288233 -2.57465e-05 0.00124076 -0.00203623 -0.0035161 -0.0098973 -0.0157893 0.000864217 -0.00350269 -0.00903764 -0.000559488 0.000435559 0.00414234 -0.000396642 -0.000225663 0.00093514 0.00135231
internal_weight=58440 37867 8119 29748 28519 20573 11286 687 608 10599 10108 491 353 156 71 7969 3402 454 2139 826 1313 9287 7695 987 850 631 6708 1592 1334 51 543 911 206 77 52 705 247 458 308 260 164 2948 176 128 545 1231 27623 4567 219 199 81 47 118 48 49 6657 1777 269 97 1508 874 840
internal_count=58440 37867 8119 29748 28519 20573 11286 687 608 10599 10108 491 353 156 71 7969 3402 454 2139 826 1313 9287 7695 987 850 631 6708 1592 1334 51 543 911 206 77 52 705 247 458 308 260 164 2948 176 128 545 1231 27623 4567 219 199 81 47 118 48 49 6657 1777 269 97 1508 874 840
is_linear=0
shrinkage=0.1


Tree=61
num_leaves=63
num_cat=0
split_feature=12 12 11 9 3 12 0 3 11 8 10 7 0 8 12 5 11 7 7 0 8 12 7 11 1 10 7 11 12 3 3 3 11 12 11 8 12 1 0 1 12 3 1 10 9 12 8 3 8 9 7 1 12 12 3 11 0 1 8 9 10 9
split_gain=0.358049 0.287075 0.359728 0.438757 0.426391 0.619161 0.72914 0.539676 0.412033 0.348682 0.338343 0.351236 0.378853 0.308753 0.400956 0.380412 0.376923 0.315405 0.391561 0.409248 0.364417 0.423632 0.359918 0.34737 0.319342 0.30815 0.368621 0.794944 0.484127 0.476791 0.305759 0.29736 0.277946 0.283871 0.273463 0.273072 0.479444 0.269562 0.406399 0.269501 0.268442 0.263887 0.26715 0.262484 0.262258 0.254701 0.244943 0.375811 0.236545 0.235656 0.235279 0.230758 0.226918 0.321288 0.225839 0.221146 0.211676 0.426764 0.370367 0.467929 0.210577 0.210052
threshold=0.076700000000000004 4.3367000000000013 2.6627000000000005 70.167000000000016 271.50000000000006 1.2404500000000003 -5.9999999999999991 267.50000000000006 2.3768500000000006 24.025000000000006 4.9230000000000009 -0.36648370705903521 -6.9999999999999991 29.411000000000005 1.8376500000000002 -0.68301270189221952 2.895 0.36447543099728863 0.41202506375868281 -7.9999999999999991 26.885000000000009 2.2934500000000004 -0.44505783185115427 2.7803000000000004 106.00000000000001 7.0490000000000013 -0.25206183926700709 2.4440500000000003 2.8671500000000005 245.50000000000003 102.50000000000001 86.500000000000014 2.5995500000000002 2.0495000000000005 1.0590000000000002 26.839000000000006 4.0263500000000016 109.00000000000001 -5.9999999999999991 109.00000000000001 1.1449000000000003 362.50000000000006 108.00000000000001 1.7510000000000006 74.751000000000019 3.1838500000000005 28.587000000000007 292.50000000000006 25.251000000000005 78.901000000000025 0.99932962452255414 112.00000000000001 1.9033000000000002 2.9358000000000009 190.50000000000003 2.5076500000000004 -7.9999999999999991 107.00000000000001 27.361000000000008 83.52500000000002 0.37100000000000011 80.51700000000001
decision_type=2 2 2 2 2 2 2 2 2 2 2 2 2 2 2 2 2 2 2 2 2 2 2 2 2 2 2 2 2 2 2 2 2 2 2 2 2 2 2 2 2 2 2 2 2 2 2 2 2 2 2 2 2 2 2 2 2 2 2 2 2 2
left_child=-1 2 4 -4 7 40 9 25 -8 -7 13 12 -12 14 15 16 -5 20 19 -19 -16 22 54 -23 -24 26 27 -2 44 37 31 45 33 -32 -3 -35 -37 43 -39 -10 -6 -13 -43 -30 -29 48 47 -41 -28 -25 -20 -27 -14 -54 -22 -31 57 -11 59 -59 -46 -47
right_child=1 34 3 10 5 6 8 -9 39 56 11 41 52 -15 17 -17 -18 18 50 -21 21 23 24 49 -26 51 30 28 29 55 32 -33 -34 35 -36 36 -38 38 -40 46 -42 42 -44 -45 60 61 -48 -49 -50 -51 -52 -53 53 -55 -56 -57 -58 58 -60 -61 -62 -63
leaf_value=-0.0027519148539938928 -0.00076351766333215875 0.0076853443917352703 0.0059579591136505114 -0.0018178969272412361 -0.00055558175573927051 -0.013466993377854428 -0.022842576811090115 0.0059553184872658278 -0.0026703895627713161 -0.018074644318992451 -0.0078748047980763836 -3.9994996805231636e-05 -0.0040532616813344739 -0.0037739194407684093 0.003030255291506211 0.00011356821193466449 -0.014098866160556273 -0.002811560349073261 0.0021555997289150991 0.012241057293770249 0.0038148029367316909 0.0015662443107502871 0.011552859832194042 0.00012831118848458039 -0.0016451057711277498 0.00063122607040216785 -0.0043692285093129618 -0.007909795230156497 0.0071258604787526204 0.0037299816263839606 0.0010258018093099962 0.00091766904208291959 0.0028294628181931925 -0.003579940682676671 0.00028180309759731696 -0.013734902480513135 -0.00077564762621300254 -0.002588823531887767 0.0051066957557202967 -0.017804886009544135 0.0067744020756114942 0.0021082044232125377 -0.0065000392440744351 0.00110782106763825 0.0056373791266232732 -0.0085807586578015675 -0.019386850558937744 0.0001429092770974551 -0.00046256309139856654 -0.0037696677262937235 -0.0061176496957029616 -0.00082288328064715759 0.0077073070392173204 -0.0054928243284978508 0.014790635002223222 0.015288095535206781 -0.0012793447804123985 -0.010679346375245393 0.0025955220875379407 -0.0008990060963483034 7.2709288489535345e-05 -0.0028779045892391017
leaf_weight=469 6043 50 132 77 2456 27 20 141 63 21 123 7911 91 149 409 2311 37 24 1922 73 38 302 22 231 110 4760 184 38 196 25 60 514 49 148 22816 94 41 164 118 20 51 51 123 115 75 79 26 28 983 472 35 1416 54 28 37 49 983 94 77 102 729 354
leaf_count=469 6043 50 132 77 2456 27 20 141 63 21 123 7911 91 149 409 2311 37 24 1922 73 38 302 22 231 110 4760 184 38 196 25 60 514 49 148 22816 94 41 164 118 20 51 51 123 115 75 79 26 28 983 472 35 1416 54 28 37 49 983 94 77 102 729 354
internal_value=4.49553e-13 2.22637e-05 -0.000157335 0.000218448 -0.000430024 -0.00136006 -0.00299638 -0.000204656 -0.00943465 -0.00222122 0.000166663 -0.000248591 -0.00363193 0.000723592 0.000833449 -0.00016461 -0.00580383 0.00149203 0.00231503 0.0085167 0.000449201 -0.000421799 0.00369767 -0.00127029 0.000554555 -0.000258159 -0.00059956 -0.000250827 0.00180232 0.00381478 -0.00165049 -0.00117484 -0.00421562 -0.00522206 0.000297992 -0.00654669 -0.00979913 0.00287031 0.000631287 -0.00747729 -0.000406468 -0.000124723 -0.00397693 0.00490054 0.000208119 -0.00184706 -0.0115697 -0.00733534 -0.00107852 -0.00248882 0.00200764 0.000297836 -0.000615326 0.00319995 0.00922955 0.0113833 -0.00198345 -0.00433765 -0.00328096 -0.00558958 0.000591802 -0.00391838
internal_weight=58440 57971 35105 14762 20343 3968 1461 16375 157 1304 14630 8381 296 6249 6100 2425 114 3675 2054 97 1621 1212 207 1005 132 16234 10058 7552 1509 667 2506 2114 392 343 22866 283 135 593 282 137 2507 8085 174 311 842 1600 74 48 1167 703 1957 6176 173 82 75 74 1277 294 273 196 804 433
internal_count=58440 57971 35105 14762 20343 3968 1461 16375 157 1304 14630 8381 296 6249 6100 2425 114 3675 2054 97 1621 1212 207 1005 132 16234 10058 7552 1509 667 2506 2114 392 343 22866 283 135 593 282 137 2507 8085 174 311 842 1600 74 48 1167 703 1957 6176 173 82 75 74 1277 294 273 196 804 433
is_linear=0
shrinkage=0.1


Tree=62
num_leaves=63
num_cat=0
split_feature=12 11 0 1 1 12 1 0 9 12 1 0 8 10 12 3 11 11 8 7 12 9 6 8 8 7 11 12 8 12 7 3 11 3 8 0 6 9 8 11 12 8 3 1 11 12 7 1 9 11 12 8 3 3 11 6 10 12 8 11 11 12
split_gain=0.302039 0.310402 0.277469 0.992969 0.471477 0.385071 0.286907 0.975052 0.572828 0.650282 0.604077 0.523132 1.11148 0.499603 0.489036 0.506101 0.554078 0.469391 0.434498 0.368558 0.472659 0.338634 0.305852 0.303772 0.293505 0.300686 0.424357 0.299361 0.285006 0.282551 0.342648 0.401136 0.346911 0.329644 0.397666 0.294166 0.256571 0.270184 0.252417 0.25139 0.53147 0.23904 0.238208 0.236202 0.231309 0.598259 0.29693 0.278096 0.226845 0.257278 0.224474 0.232174 0.220141 0.439709 0.383023 0.337136 0.55319 0.535901 0.511806 0.352681 0.294588 0.399039
threshold=3.1838500000000005 3.3570000000000007 -5.9999999999999991 106.00000000000001 107.00000000000001 0.77435000000000009 110.00000000000001 -7.9999999999999991 84.483000000000018 0.83400000000000019 109.00000000000001 -6.9999999999999991 27.241000000000007 0.80100000000000027 2.1798000000000006 255.50000000000003 2.6377000000000002 2.6627000000000005 27.911000000000008 -0.20180761162458913 0.98445000000000016 85.837000000000003 -0.26037633224328088 28.041000000000007 28.931000000000008 0.63089349388778826 2.7735500000000006 0.98445000000000016 27.331000000000007 1.2102000000000002 0.64414586362404946 355.50000000000006 3.1645000000000008 342.50000000000006 28.475000000000005 -6.9999999999999991 -0.99467753128998015 86.951000000000022 28.323000000000004 1.3271000000000002 6.3236500000000015 25.911000000000005 343.50000000000006 113.00000000000001 2.7587000000000006 1.9033000000000002 -0.93543596745397617 106.00000000000001 84.253000000000029 2.5023500000000003 2.2535000000000003 27.161000000000005 58.500000000000007 22.500000000000004 2.7587000000000006 0.22700754078277605 2.1570000000000005 4.8575000000000008 28.163000000000007 2.3876500000000003 3.0740500000000002 3.4300500000000005
decision_type=2 2 2 2 2 2 2 2 2 2 2 2 2 2 2 2 2 2 2 2 2 2 2 2 2 2 2 2 2 2 2 2 2 2 2 2 2 2 2 2 2 2 2 2 2 2 2 2 2 2 2 2 2 2 2 2 2 2 2 2 2 2
left_child=1 2 4 5 29 -4 7 13 9 -9 17 12 -8 22 43 21 -17 41 -12 -14 -21 38 -6 -20 25 26 -15 -28 -29 -1 35 32 33 34 -32 36 -31 44 -16 40 -2 -11 -19 -13 46 -46 -38 -47 49 -7 -3 -52 53 54 55 57 -57 -41 -59 -58 -54 -62
right_child=39 50 3 -5 6 48 11 8 -10 10 18 14 19 24 15 16 -18 42 23 20 -22 -23 -24 -25 -26 -27 27 28 -30 30 31 -33 -34 -35 -36 -37 37 -39 -40 52 -42 -43 -44 -45 45 47 -48 -49 -50 -51 51 -53 60 -55 -56 56 59 58 -60 -61 61 -63
leaf_value=-0.00026881605321314538 -0.011890398980239844 0.00043494131686697016 -0.00068370550731032455 -0.0013841599845212994 -0.0045051404115899153 0.0018542214826139216 -0.00073104110297663024 -0.00019928870261230486 0.0005963204793859023 -0.0014191615819229666 0.0058937925902638041 6.558341668481183e-05 -0.00095237450631918707 -0.0015963010438870711 0.00027972252246541429 -0.024105392153640944 -0.0065505379546899351 0.0095672367966402432 -0.0114305779874687 0.00054413725750990238 0.0043044306168771281 -0.014614923799499161 -0.016611091955564917 -0.00016838073464690373 0.0045856933334760151 0.00017208695579784322 0.00078038655851474584 -0.018894228800760443 -0.0072235980336504274 -0.011983401876516708 -0.0044453452599624186 0.0046094540672169792 0.00040269267407157234 -0.015689858940203447 -0.016784163631081327 0.00022452890954809845 -0.0050714498705182898 0.0047920905792767261 -0.0049855948774249741 -0.0057838701056196528 0.0038164637342946238 0.0048942537563215456 0.0021988144279092405 -0.002095840065782022 -0.012127538597076593 0.0026674916951665902 0.00026057259730137794 -0.0063978917978095191 0.001112954484519716 0.0074198597831907276 0.0088232198245673174 0.0021337880754262011 0.00015636136270197359 0.0021914127590581403 0.0018105713162122339 -0.016215862849409259 -0.011563799121755768 0.0051798001033338641 -0.0053552939149085436 0.00057749561162601267 0.003351636902828302 -0.0025911199464585255
leaf_weight=1985 23 1195 283 5596 60 132 3402 453 3265 81 122 1414 281 579 257 21 125 314 27 512 963 21 32 212 85 607 34 27 93 28 263 45 84 37 29 720 156 51 141 131 340 231 51 787 83 76 316 61 195 224 62 318 28722 1440 374 41 33 165 64 87 133 751
leaf_count=1985 23 1195 283 5596 60 132 3402 453 3265 81 122 1414 281 579 257 21 125 314 27 512 963 21 32 212 85 607 34 27 93 28 263 45 84 37 29 720 156 51 141 131 340 231 51 787 83 76 316 61 195 224 62 318 28722 1440 374 41 33 165 64 87 133 751
internal_value=-1.41355e-13 -0.000252746 -0.000340016 -0.000904419 -0.000139855 0.00231456 0.00012858 0.00063383 0.00133795 0.00296198 0.00434161 -0.000271399 0.000323603 -0.00157369 -0.00138095 -0.00400535 -0.00907555 0.00610321 0.00103801 0.00236683 0.00299916 -0.00223865 -0.00871591 -0.00144068 -0.00111258 -0.00147404 -0.0028372 -0.00750263 -0.00984949 -0.00110858 -0.00196385 -0.0043562 -0.00533309 -0.00679754 -0.00567078 -0.00122898 -0.00258634 -0.00223222 -0.00158563 0.000204488 0.00282126 0.00325519 0.00853768 -0.000707265 -0.0027499 -0.00542785 -0.00150171 -0.00136892 0.0038545 0.0053562 0.00110815 0.00322522 0.000174749 0.00110956 -0.000631082 -0.00238382 -0.00618766 -0.000682663 0.00223549 -0.00276136 0.000101022 -0.00169702
internal_weight=58440 26136 24561 6430 18131 834 14197 6273 4756 1491 1038 7924 5158 1517 2766 565 146 677 361 1756 1475 419 92 239 1425 1340 733 154 120 3934 1949 458 413 329 292 1491 771 743 398 32304 363 312 365 2201 692 220 472 137 551 356 1575 380 31941 2335 895 521 161 360 229 120 29606 884
internal_count=58440 26136 24561 6430 18131 834 14197 6273 4756 1491 1038 7924 5158 1517 2766 565 146 677 361 1756 1475 419 92 239 1425 1340 733 154 120 3934 1949 458 413 329 292 1491 771 743 398 32304 363 312 365 2201 692 220 472 137 551 356 1575 380 31941 2335 895 521 161 360 229 120 29606 884
is_linear=0
shrinkage=0.1


Tree=63
num_leaves=63
num_cat=0
split_feature=12 10 6 6 1 6 6 10 8 2 3 8 12 8 0 11 6 12 10 1 3 10 1 7 3 9 3 3 11 12 1 6 5 6 12 6 10 8 3 12 6 8 12 1 10 3 10 7 10 12 12 6 12 9 3 9 6 6 0 3 11 1
split_gain=0.278646 0.241371 0.221365 0.656713 0.597109 0.586065 0.721405 0.963198 0.554089 0.499838 0.866968 0.491191 0.511238 0.44502 1.09381 0.782886 0.441172 0.427422 0.418086 0.429177 0.415478 0.404619 0.41793 0.513483 0.581529 0.417089 0.388012 0.655856 0.386676 0.808131 0.38381 0.433942 0.402738 0.734558 0.371839 0.369228 0.363975 0.370081 0.351623 0.412011 0.347544 0.349751 0.488337 0.461121 0.324153 0.321961 0.318174 0.518435 0.313486 0.310247 0.309085 0.302835 0.771979 0.641639 0.354248 0.289347 0.28381 0.281654 0.359284 0.352606 0.27939 0.27898
threshold=0.09395000000000002 0.0050000000000000001 0.52766072109828632 0.51297097409535064 112.00000000000001 0.85673801594079257 0.9053161325100999 0.13100000000000003 29.269000000000009 4.5000000000000009 120.50000000000001 28.491000000000007 6.2917000000000014 25.987000000000005 -7.9999999999999991 2.7875000000000001 0.8697513045430848 4.456900000000001 0.061000000000000019 114.00000000000001 352.50000000000006 1.1810000000000003 107.00000000000001 0.097680735332368748 273.50000000000006 86.081000000000017 276.50000000000006 275.50000000000006 2.5194000000000005 5.6742000000000008 107.00000000000001 -0.99275805973510278 -0.68301270189221952 -0.44504625642270151 5.1908500000000002 -0.97876850416056738 0.27700000000000008 27.361000000000008 271.50000000000006 1.9387500000000002 0.85226249403558707 28.791000000000007 5.3499500000000006 110.00000000000001 0.26100000000000007 245.50000000000003 9.299000000000003 -0.99864786094873803 34.638000000000012 7.1618500000000012 7.7621000000000011 -0.97113884758256674 4.6933500000000006 84.023000000000025 266.50000000000006 78.77500000000002 -0.56368474752277564 -0.97509794945709805 -7.9999999999999991 320.50000000000006 2.2117000000000004 114.00000000000001
decision_type=2 2 2 2 2 2 2 2 2 2 2 2 2 2 2 2 2 2 2 2 2 2 2 2 2 2 2 2 2 2 2 2 2 2 2 2 2 2 2 2 2 2 2 2 2 2 2 2 2 2 2 2 2 2 2 2 2 2 2 2 2 2
left_child=-1 -2 3 4 8 40 7 -7 21 10 11 48 -13 49 15 36 -11 -17 19 60 55 22 -3 24 -24 28 27 -26 29 -25 32 38 33 -23 -18 -30 61 -38 39 -32 41 42 -4 -43 -28 -21 47 -35 -9 56 57 52 54 -54 -34 -10 -6 58 -33 -59 -16 -15
right_child=1 2 5 -5 13 6 -8 9 20 16 -12 12 -14 14 18 17 34 -19 -20 45 -22 30 23 25 26 -27 44 -29 35 -31 31 50 51 46 -36 -37 37 -39 -40 -41 -42 43 -44 -45 -46 -47 -48 -49 -50 -51 -52 -53 53 -55 -56 -57 -58 59 -60 -61 -62 -63
leaf_value=-0.0019831730821855934 0.00094059978688519749 0.0017595986204887587 0.00076174048674766182 -0.0047251221664903016 -0.0045745415565643256 -0.021513920292258265 0.00015239611987632302 -0.00077848989954077156 0.005317210312242639 -0.0013413368236468806 -0.01756205349480985 -0.0042209468139640556 -0.019581512005432792 -0.00070343358133084571 -0.0022166098368655764 0.0043187793384104507 0.0042455460029595998 0.017025603723803736 -0.0013469596083134031 0.0011422375605942506 -0.0065339204806246264 -0.017752118901379645 -7.3727892078623408e-05 -0.0044212774505632746 -0.0038355087664468292 0.0072669080447835422 0.0063200249201863226 -0.019976825136930134 0.0083348418785248041 0.0032542193278628992 0.018605837877839804 -0.0081627144734119327 -0.0068610704132470862 -0.010802876851020405 0.019182197460904719 0.0019084921123133508 -6.9398254291267651e-05 0.0041340148098368817 0.00096329028454928052 0.0045829459801880702 0.0054865572307608093 -0.0027868709289710536 0.0033359425618253308 0.00088660673148480747 -0.0053398380021462801 0.0067618659403524371 0.00085615390969256847 -0.002309482513732264 -0.011489404313864984 0.006468204132004364 0.012090948729642802 -0.00013789277294808442 -0.0056072370731271807 -0.028439925014972691 0.0003877815926048014 -0.0024956150001984229 -0.0014640392681052575 0.0003978850367412408 -0.0010489919108877864 -0.00086351861506366468 0.0027563872611369193 -0.0086974556609389509
leaf_weight=700 2737 2387 6111 313 523 25 8072 1134 388 155 37 374 23 116 440 485 100 28 6470 281 38 31 4300 281 71 130 38 39 105 268 24 91 89 79 20 602 761 289 333 165 160 590 838 812 64 160 269 796 28 37 21 3429 32 20 278 54 668 7907 323 3079 152 70
leaf_count=700 2737 2387 6111 313 523 25 8072 1134 388 155 37 374 23 116 440 485 100 28 6470 281 38 31 4300 281 71 130 38 39 105 268 24 91 89 79 20 602 761 289 333 165 160 590 838 812 64 160 269 796 28 37 21 3429 32 20 278 54 668 7907 323 3079 152 70
internal_value=-2.49664e-12 2.40426e-05 -2.15661e-05 -0.000164262 -0.000124839 0.000260474 -0.000259905 -0.00201523 0.000134316 -0.00175469 -0.00243316 -0.0020741 -0.00511085 -0.000761127 -0.000523722 0.00172831 0.00218288 0.00501233 -0.00104869 0.000819487 0.00350005 7.03357e-05 0.000643168 0.000191333 -0.000325806 0.00187483 -0.00543871 -0.00955834 0.00131674 -0.000674405 -0.000209395 9.90608e-05 -0.0009428 -0.00256322 0.00673499 0.0028629 0.00036529 0.00108754 0.00291859 0.00636363 0.000869937 0.000781486 0.00107217 -0.000659293 -0.000995968 0.0031811 -0.00215163 -0.00307631 -0.00103658 -0.00254979 -2.98063e-05 -0.000447998 -0.00298583 -0.014389 -0.00137011 0.0043627 -0.00282994 -5.21341e-05 -0.00261264 4.43567e-05 -0.000939759 -0.00371194
internal_weight=58440 57740 55003 36524 36211 18479 9968 1896 25731 1871 1596 1559 397 10480 9252 1749 275 513 7503 1033 480 25251 8285 5898 4512 1386 212 110 1256 549 16966 11943 5023 1175 120 707 1236 1050 522 189 8511 8351 6949 1402 102 441 1144 875 1162 1228 11421 3848 419 52 367 442 1191 11400 414 10986 592 186
internal_count=58440 57740 55003 36524 36211 18479 9968 1896 25731 1871 1596 1559 397 10480 9252 1749 275 513 7503 1033 480 25251 8285 5898 4512 1386 212 110 1256 549 16966 11943 5023 1175 120 707 1236 1050 522 189 8511 8351 6949 1402 102 441 1144 875 1162 1228 11421 3848 419 52 367 442 1191 11400 414 10986 592 186
is_linear=0
shrinkage=0.1


Tree=64
num_leaves=63
num_cat=0
split_feature=12 11 9 1 6 11 7 6 10 12 11 7 6 1 7 11 7 12 12 6 11 11 12 0 12 10 10 10 7 0 8 12 11 3 9 11 12 12 6 10 1 9 3 3 12 11 1 0 10 11 6 12 9 11 9 12 7 7 12 8 6 8
split_gain=0.232402 0.214227 0.209269 0.291597 0.280919 0.274446 0.25892 0.292271 0.255878 0.300935 0.467877 0.333617 0.281133 0.239391 0.227307 0.319359 0.394534 0.275052 0.225603 0.349994 0.271108 0.197859 0.65321 0.412215 0.333122 0.362582 0.325553 0.285804 0.192716 0.371054 0.442974 0.320902 0.414817 0.290143 0.324441 0.461056 0.390315 0.324621 0.286402 0.603618 0.282804 0.273959 0.268324 0.505024 0.298114 0.283916 0.248612 0.734976 0.548113 0.350808 0.338266 0.304618 0.29391 0.494815 0.293609 0.494766 0.67131 0.238119 0.233626 0.232713 0.240892 0.527651
threshold=0.076700000000000004 0.7552000000000002 74.603000000000023 112.00000000000001 0.14250626876356556 2.5139 -0.98521978256641018 -0.048361574224334618 2.1570000000000005 5.1481000000000003 2.7505000000000002 0.39629089145655322 0.66527693225344786 114.00000000000001 0.89691351184655443 2.5194000000000005 -0.85225707553516283 3.8888500000000001 4.2631500000000004 -0.59869031648930193 2.7143000000000002 1.79315 5.0113000000000012 -6.9999999999999991 4.5709000000000009 0.98100000000000021 2.8570000000000007 0.69100000000000017 0.88117331841669433 -6.9999999999999991 28.519000000000009 0.43310000000000004 2.7875000000000001 58.500000000000007 85.771000000000029 2.8261000000000007 4.0520500000000004 4.6933500000000006 -0.43733984355855576 1.2470000000000001 110.00000000000001 83.161000000000016 40.500000000000007 38.500000000000007 3.2399000000000004 2.7875000000000001 106.00000000000001 -5.9999999999999991 2.1930000000000005 2.3375000000000008 0.95998215779580554 1.8035000000000003 80.411000000000016 2.0579000000000005 79.305000000000021 5.5578000000000012 -0.16799793862756093 -0.90892157495189674 1.5868500000000003 29.147000000000009 0.70290292807158605 27.667000000000005
decision_type=2 2 2 2 2 2 2 2 2 2 2 2 2 2 2 2 2 2 2 2 2 2 2 2 2 2 2 2 2 2 2 2 2 2 2 2 2 2 2 2 2 2 2 2 2 2 2 2 2 2 2 2 2 2 2 2 2 2 2 2 2 2
left_child=-1 -2 3 8 5 13 7 -4 9 12 11 -11 14 -5 15 16 -3 -16 19 20 -10 24 -23 27 25 -9 -25 -24 33 38 31 -31 40 34 35 36 -8 42 39 -30 -33 -34 43 44 -36 -45 47 48 50 -49 57 -51 53 -52 -50 -56 -57 -35 -37 60 61 -38
right_child=1 2 6 4 -6 -7 28 21 18 10 -12 -13 -14 -15 17 -17 -18 -19 -20 -21 -22 22 23 26 -26 -27 -28 -29 29 30 -32 32 41 46 37 58 59 -39 -40 -41 -42 -43 -44 45 -46 -47 -48 49 54 51 52 -53 -54 -55 55 56 -58 -59 -60 -61 -62 -63
leaf_value=-0.0022170918563182598 -0.003048063364748675 0.0032292640405285054 0.00042670473185963201 -0.0019963144085344254 0.0025871800216405259 0.0020626464676978809 -0.00058929918929953205 -0.016290764662553556 -0.00066336960542783452 0.0017196951154948314 -0.0086062326430319212 0.0062986064715324129 -0.0076120863145939556 0.0013214410700504017 0.00044558179448358722 0.0029219869806260713 -0.0026879667520386032 -0.011788014285882716 0.0071019489336375018 -0.0027474771372796025 0.010329128845325232 -0.0016237275722787729 -0.0090798812497052406 -0.0008632692508399487 0.0017004500435072241 -0.0019786954659351762 -0.015031417117089683 -0.025578205447111813 -0.020201982343569399 -0.00028508274631790448 0.0010639342987996303 -0.0024988148304905611 0.0002002374539584614 -0.0015517068172434662 -0.00087166743708951651 0.0014415059974620455 -0.0085504413754679265 -0.011184727134941905 0.00040033062538115117 -0.0015688417652705896 -0.0063790368447327189 -0.002590781075271277 0.0011003027154500289 -0.0021703648442706587 0.010507725458592177 -0.012430054693249986 -6.4505202997304723e-05 0.00094915848750279971 0.0040720582424130826 0.0017165580070848581 0.0015422838181257249 0.0067242201301611626 0.0012752475600951074 -0.017366533782408242 -0.0011574372906200696 -0.025148335001431404 -0.0038544649421645887 0.0024535046183989228 0.0042011020882161132 -0.0044286497920337647 0.0047203385028288958 0.003054819555016677
leaf_weight=469 227 160 1029 1085 301 289 1214 20 37 885 39 194 49 272 40 355 381 34 138 89 57 1272 21 55 362 154 23 21 20 1247 789 436 663 171 565 561 50 27 4188 133 330 749 823 49 24 60 33279 379 98 189 25 340 57 31 1437 20 57 1125 677 45 343 181
leaf_count=469 227 160 1029 1085 301 289 1214 20 37 885 39 194 49 272 40 355 381 34 138 89 57 1272 21 55 362 154 23 21 20 1247 789 436 663 171 565 561 50 27 4188 133 330 749 823 49 24 60 33279 379 98 189 25 340 57 31 1437 20 57 1125 677 45 343 181
internal_value=8.28174e-13 1.79368e-05 2.99897e-05 0.000692432 -0.000221738 -0.000735398 -2.47181e-05 -0.000934155 0.00141655 0.00102112 0.00215404 0.00254297 -0.000221874 -0.0013313 0.000151446 0.000591375 -0.000937954 -0.00517526 0.00404909 0.00174694 0.00600229 -0.00166046 -0.00228908 -0.00934185 -2.79319e-05 -0.00362376 -0.00504106 -0.017329 2.86582e-05 -0.000403795 -0.00107223 -0.00156432 -0.00229674 0.000117109 0.000864627 0.00145966 0.000452688 -0.000315825 0.000245079 -0.00400455 -0.00417045 -0.00128027 -0.000122885 -0.00156513 -0.000407991 -0.0078179 2.43124e-05 0.000776605 2.67751e-05 0.00327136 0.00146752 0.00493509 -0.00377979 -0.0089251 -0.00123254 -0.0015759 -0.00938534 0.00192504 0.00295059 0.00249626 0.00303916 0.000542858
internal_weight=58440 57971 57744 4405 1947 1646 53339 2957 2458 2137 1118 1079 1019 1357 970 896 541 74 321 183 94 1928 1392 120 536 174 78 42 50382 8555 4214 3425 2178 41827 4619 3071 1833 1548 4341 153 766 1412 1521 698 589 109 37208 3929 3021 908 1409 529 113 56 1612 1514 77 1296 1238 619 574 231
internal_count=58440 57971 57744 4405 1947 1646 53339 2957 2458 2137 1118 1079 1019 1357 970 896 541 74 321 183 94 1928 1392 120 536 174 78 42 50382 8555 4214 3425 2178 41827 4619 3071 1833 1548 4341 153 766 1412 1521 698 589 109 37208 3929 3021 908 1409 529 113 56 1612 1514 77 1296 1238 619 574 231
is_linear=0
shrinkage=0.1


Tree=65
num_leaves=63
num_cat=0
split_feature=10 11 12 5 0 12 8 11 12 11 12 9 11 9 3 7 3 0 9 1 10 8 0 11 7 6 9 8 8 9 2 3 9 8 8 10 12 12 12 1 3 3 3 10 8 3 10 12 1 1 0 8 6 3 5 6 0 1 8 6 8 6
split_gain=0.208905 0.19983 0.289642 0.215483 0.213447 0.199953 0.231004 0.194411 0.184722 0.183147 0.183146 0.17438 0.353727 0.175216 0.300337 0.328834 0.358792 0.484354 0.399484 0.447933 0.354075 0.391285 0.299724 0.305218 0.221483 0.326232 0.96187 1.39901 0.417839 0.254166 0.214005 0.348908 0.278177 0.366417 0.357169 0.44584 0.281704 0.562848 0.265271 0.809784 0.438394 0.307032 0.30758 0.293645 0.257188 0.313112 0.563959 0.268505 0.254329 0.242251 0.592014 1.0188 0.889474 0.818349 0.643344 0.660199 0.561269 0.46606 0.464139 0.457618 0.438628 0.529275
threshold=0.0050000000000000001 2.1642000000000006 5.8875500000000009 -0.5 -5.9999999999999991 5.5319000000000011 28.951000000000004 1.6631000000000002 5.0113000000000012 1.9470000000000003 0.051950000000000003 59.374000000000002 2.2064500000000007 74.603000000000023 355.50000000000006 0.95436825032516992 325.50000000000006 -6.9999999999999991 71.384 111.00000000000001 1.3870000000000002 29.269000000000009 -6.9999999999999991 2.9473000000000007 -0.87810534180523914 -0.44504625642270151 81.957000000000036 26.177000000000007 27.981000000000005 80.941000000000017 11.500000000000002 334.50000000000006 81.571000000000012 26.731000000000005 28.505000000000006 0.83100000000000029 2.8671500000000005 5.2338000000000013 2.0495000000000005 111.00000000000001 336.50000000000006 362.50000000000006 355.50000000000006 0.95100000000000018 27.961000000000009 338.50000000000006 1.3510000000000002 3.7501000000000002 113.00000000000001 110.00000000000001 -7.9999999999999991 27.349000000000007 0.8697513045430848 100.50000000000001 0.6830127018922193 -0.85227431625818906 -7.9999999999999991 111.00000000000001 28.931000000000008 -0.92274349529687905 26.455000000000009 -0.97113884758256674
decision_type=2 2 2 2 2 2 2 2 2 2 2 2 2 2 2 2 2 2 2 2 2 2 2 2 2 2 2 2 2 2 2 2 2 2 2 2 2 2 2 2 2 2 2 2 2 2 2 2 2 2 2 2 2 2 2 2 2 2 2 2 2 2
left_child=1 2 3 7 -4 6 -3 -1 -9 -5 -2 12 -12 14 15 16 20 -18 -19 -20 22 -22 -13 -24 25 26 28 -28 -15 -27 31 49 33 -32 44 48 -37 -38 -34 40 -40 42 -42 -41 45 46 -35 -47 -36 56 51 53 -53 -51 -52 -56 60 -54 -58 -55 -26 -62
right_child=10 5 4 9 -6 -7 -8 8 -10 -11 11 13 -14 24 -16 -17 17 18 19 -21 21 -23 23 -25 30 29 27 -29 -30 -31 32 -33 38 34 35 36 37 -39 39 43 41 -43 -44 -45 -46 47 -48 -49 -50 50 54 52 57 59 55 -57 58 -59 -60 -61 61 -63
leaf_value=-0.0052521378911380354 -0.0028158624692755422 0.0020266845318558614 0.00086526748423390977 -0.012295233255001502 0.0051719092345041589 0.0051012040567246153 -0.0037043338804505764 -0.0022945173192350748 0.0012985797337736553 -0.0029380158008789977 -0.013742909821199387 -0.0012007027311977394 0.00051291272950196721 0.0023133806898234374 -0.005882268464569386 0.0047693815120336738 0.0026706664562000022 0.0036936814973159929 -0.0053141244384460155 -0.021329042078146052 0.0015808875534131458 0.0076629609361365163 0.0015465662280230888 -0.0051473127923802372 0.0018552263506832049 -0.0011885640165934387 -0.0044277455089455943 -0.032654024235904217 -0.011938505423737904 -2.9860282968480744e-06 0.0075393002078719979 0.0098020186881390033 -0.00053773373195050952 -0.015852266314129036 -0.000266413969728045 0.00094125743056886293 0.0096565115333932059 -0.00086045750428604187 -0.016803876841440798 -0.010234449456607841 -0.0050901433443508778 -0.014381989468679893 0.00095571368523638387 0.0013850538706014961 -0.002560543572412941 -0.00073752864327534477 -0.00018276713363237071 0.0041326286400732836 -0.01289213008475835 0.0020435058972952491 -0.00012575747580775555 0.0041467793749480749 -0.0043285922883092654 0.00064820982828184986 -0.015791952015592182 -0.0015774743199821019 0.00077422556589432806 0.0013673883850363687 -0.0015095476350848315 -0.0024175087732136737 -0.0045254167424322632 -0.00059471080034003082
leaf_weight=74 237 582 898 26 132 179 80 210 449 107 28 869 46 144 68 199 62 20 40 31 453 138 1263 72 653 2847 59 25 24 4956 69 37 1969 30 39 234 143 79 30 23 394 29 107 400 513 222 98 231 27 989 10499 1249 205 723 33 3316 14290 480 949 1491 373 4198
leaf_count=74 237 582 898 26 132 179 80 210 449 107 28 869 46 144 68 199 62 20 40 31 453 138 1263 72 653 2847 59 25 24 4956 69 37 1969 30 39 234 143 79 30 23 394 29 107 400 513 222 98 231 27 989 10499 1249 205 723 33 3316 14290 480 949 1491 373 4198
internal_value=-8.56583e-13 0.000852946 0.000283868 -0.00106407 0.00141719 0.00213591 0.00133411 -0.000392148 0.000153587 -0.00476725 -4.191e-05 -3.00572e-05 -0.00488118 -2.35764e-05 0.000692917 0.000834993 0.000569409 -0.00414582 -0.00879002 -0.0123066 0.000827523 0.00300107 0.00024469 0.00118555 -6.77248e-05 -0.000549922 -0.00409121 -0.0128284 0.000277397 -0.000435556 2.03062e-05 9.57783e-05 -0.000622354 0.000402826 9.81123e-05 0.00225035 0.00336219 0.00591399 -0.00120753 -0.00254916 -0.00504366 -0.00437799 -0.00379891 0.000753261 -0.000928823 0.000511922 -0.00385531 0.00174593 -0.00543148 8.66744e-05 -0.000170602 0.000746251 0.00255859 -0.000348056 -0.000510714 -0.00171754 0.000325368 -0.000337248 0.000632005 -0.00141637 -0.000569126 -0.000915462
internal_weight=58440 2737 1896 866 1030 841 662 733 659 133 55703 55466 74 55392 3215 3147 2948 153 91 71 2795 591 2204 1335 52177 8055 252 84 168 7803 44122 39485 4637 1685 1616 522 456 222 2952 983 560 530 501 423 1094 581 128 453 66 39448 18985 5137 1934 3203 13848 3349 20463 685 15239 2214 5224 4571
internal_count=58440 2737 1896 866 1030 841 662 733 659 133 55703 55466 74 55392 3215 3147 2948 153 91 71 2795 591 2204 1335 52177 8055 252 84 168 7803 44122 39485 4637 1685 1616 522 456 222 2952 983 560 530 501 423 1094 581 128 453 66 39448 18985 5137 1934 3203 13848 3349 20463 685 15239 2214 5224 4571
is_linear=0
shrinkage=0.1


Tree=66
num_leaves=63
num_cat=0
split_feature=12 11 10 11 6 8 7 7 3 1 0 9 0 10 10 11 6 11 6 1 9 7 8 6 10 1 9 10 10 11 10 6 3 10 11 6 9 10 7 3 10 6 6 3 11 3 8 11 11 6 12 12 8 9 11 3 6 0 9 6 10 11
split_gain=0.205274 0.386239 0.388395 0.355711 0.374024 0.34903 0.545103 0.470257 0.469609 0.350077 0.460187 0.537 0.779057 0.569076 0.51981 0.907666 0.403 0.355434 0.347657 0.344467 0.332514 0.325838 0.32115 0.316937 0.308748 0.305744 0.312948 0.304808 0.494208 0.299867 0.295635 0.546647 0.332261 0.28915 0.282475 0.562812 0.316 0.310554 0.278648 0.265208 0.259128 0.336991 0.310706 0.256932 0.480258 0.569683 0.253777 0.253242 0.250097 0.248113 0.24086 0.238994 0.231401 0.222745 0.221119 0.205134 0.204574 0.203174 0.201273 0.197121 0.196369 0.190383
threshold=5.4407000000000005 1.8675500000000003 1.5990000000000004 1.6079000000000001 -0.15101209918632377 28.001000000000008 0.95436825032516992 0.94909129669788206 50.500000000000007 114.00000000000001 -5.9999999999999991 79.241 -6.9999999999999991 2.0610000000000004 0.47300000000000014 1.9263500000000002 0.98667101781630195 2.9972500000000006 0.95242846126021108 113.00000000000001 77.087000000000032 0.93469109537144635 27.891000000000009 0.94978112945126536 3.741000000000001 112.00000000000001 83.385000000000019 0.45100000000000012 0.29100000000000009 1.9539500000000001 1.6370000000000002 0.89787622492179153 124.50000000000001 1.2830000000000001 2.1359000000000008 0.98372640911059162 80.855000000000032 2.7670000000000008 -0.7614016681079937 270.50000000000006 6.6090000000000009 0.93237596376505805 0.93237596376505805 298.50000000000006 2.3929000000000005 273.50000000000006 28.841000000000008 2.5871000000000008 3.2276500000000001 0.99552231814189451 7.1618500000000012 4.7138500000000008 28.401000000000007 77.087000000000032 1.5771500000000003 355.50000000000006 -0.96235977360714686 -6.9999999999999991 75.683000000000007 -0.99985146406598202 0.63700000000000012 2.6377000000000002
decision_type=2 2 2 2 2 2 2 2 2 2 2 2 2 2 2 2 2 2 2 2 2 2 2 2 2 2 2 2 2 2 2 2 2 2 2 2 2 2 2 2 2 2 2 2 2 2 2 2 2 2 2 2 2 2 2 2 2 2 2 2 2 2
left_child=1 2 3 60 22 7 8 21 47 10 11 17 14 29 15 -13 40 19 30 43 -8 23 -5 48 -22 26 55 28 -25 -14 54 32 -32 -23 -29 36 -36 -37 -21 -31 42 -42 -16 44 57 -46 -15 52 59 -18 58 -6 -7 -24 -12 -9 -4 -10 -34 -2 -1 -26
right_child=5 -3 56 4 51 6 20 25 9 -11 18 12 13 46 16 -17 49 -19 -20 38 24 33 53 27 61 -27 -28 34 -30 39 31 -33 50 -35 35 37 -38 -39 -40 -41 41 -43 -44 -45 45 -47 -48 -49 -50 -51 -52 -53 -54 -55 -56 -57 -58 -59 -60 -61 -62 -63
leaf_value=-0.010031407260711687 0.0062508454009990349 5.699475714916853e-06 -0.00612411457602115 -0.0028844782999552015 -0.0032227130555397849 -0.0015580837551693795 -0.0011418990999819011 0.008291672895687113 -0.00085495186812852724 0.0014598665391189741 0.0064888484030287122 -0.00049513490280000169 -0.00015813021643520139 -0.019032836644743971 -0.0033652457428356036 -0.024981372632707159 0.013348133097205199 -0.013170260197313672 0.004059957964642558 -0.0059706558882049766 -0.011028723313479294 0.0023555544071963857 -0.0052849222463555636 -0.0020487137242323826 -0.0066808219384163238 -0.0011122507388548306 -0.0058880718844011434 0.0015444964925955366 -0.020068067968215631 -0.014388867051953949 0.0077071468465221248 -0.01445051686922935 0.0044381744470280999 -0.012487104019549278 -0.0050229028410588711 0.01037470461645474 -0.021425892198053395 -0.0043107494310889814 -0.0010006452726512864 -0.00077879700005393138 -0.00064464241396776888 -0.015867330730319595 0.004477836169383448 0.0051570473124318925 -0.0011784775522895733 -0.019307545268048461 -0.0080803143860333979 0.012490916916647473 -0.00817739263138113 0.0011760354863808436 0.0061832447620955387 0.0009435700263984633 0.0067417536730854169 -0.016478395652666223 0.00061698042371401097 -0.00019503106419561489 -0.00033270409645590996 0.0025807403278665245 -0.0035566098407647951 0.00091070408894465332 -0.0030674216421321034 0.0041270620946306739
leaf_weight=88 70 41574 62 328 198 59 183 208 310 1075 69 41 71 56 112 24 33 22 255 147 95 21 40 45 39 75 20 194 23 41 39 33 35 35 24 24 23 36 485 22 33 26 92 122 52 26 34 37 30 34 33 452 78 32 909 33 3756 387 314 5523 75 28
leaf_count=88 70 41574 62 328 198 59 183 208 310 1075 69 41 71 56 112 24 33 22 255 147 95 21 40 45 39 75 20 194 23 41 39 33 35 35 24 24 23 36 485 22 33 26 92 122 52 26 34 37 30 34 33 452 78 32 909 33 3756 387 314 5523 75 28
internal_value=2.06538e-12 -9.44452e-05 -0.000921998 -0.00248082 -0.00180611 0.000371916 -0.000215784 0.000873725 4.41539e-05 -0.000135978 -0.000580762 -0.00154386 -0.00403396 -0.00874497 -0.00136241 -0.00953621 0.000247585 -0.000550065 0.000658076 -0.00036848 -0.00406287 0.00067143 -0.00421204 0.000742388 -0.00736249 0.00451503 0.00613207 -0.00209665 -0.0081435 -0.00461421 5.22941e-05 -0.00205657 -0.00108507 -0.00692111 -0.000730588 -0.00485551 -0.0130499 0.00156343 -0.00215664 -0.00963614 -0.00151624 -0.00735295 0.00017183 0.000891409 0.000219915 -0.0072215 -0.0148952 0.00514996 0.000928696 0.00717125 -0.0019827 -0.000325544 0.00316737 -0.0102598 0.00103125 0.00712959 -0.00042675 0.00105267 -0.00275484 0.000977539 -0.00682712 -0.00216409
internal_weight=58440 46605 5031 1213 1050 11835 5451 6384 5106 4932 3857 2170 619 224 395 65 330 1551 1687 1529 345 6048 400 5992 162 336 261 369 68 134 1432 454 421 56 301 107 47 60 632 63 263 59 204 897 775 78 90 174 5623 67 382 650 137 72 978 241 3818 697 349 5593 163 67
internal_count=58440 46605 5031 1213 1050 11835 5451 6384 5106 4932 3857 2170 619 224 395 65 330 1551 1687 1529 345 6048 400 5992 162 336 261 369 68 134 1432 454 421 56 301 107 47 60 632 63 263 59 204 897 775 78 90 174 5623 67 382 650 137 72 978 241 3818 697 349 5593 163 67
is_linear=0
shrinkage=0.1


Tree=67
num_leaves=63
num_cat=0
split_feature=12 1 6 3 10 12 8 11 7 0 8 11 6 6 0 7 3 12 3 8 3 12 8 1 1 9 10 6 1 1 8 11 9 6 6 11 11 11 11 11 7 9 11 1 1 6 3 11 8 2 9 6 6 3 8 0 6 11 12 8 0 3
split_gain=0.18344 0.236404 0.402838 0.335138 0.296108 0.241734 0.231349 0.21909 0.210334 0.332476 0.327954 0.289251 0.268525 0.4957 0.336616 0.255675 0.253671 0.212714 0.275754 0.216495 0.210239 0.200434 0.186984 0.245436 0.241823 0.195585 0.371207 0.498439 0.540674 0.47656 0.419336 0.307605 0.504309 0.298859 0.549844 0.492511 0.290363 0.282228 0.272689 0.252315 0.56497 0.378718 0.35039 0.247907 0.288664 0.360251 0.503389 0.570806 0.585284 0.426106 0.376277 0.321291 0.414757 0.278902 0.278621 0.262659 0.278073 0.244033 0.269244 0.242286 0.302607 0.255211
threshold=4.5968500000000008 114.00000000000001 0.19337368024598436 320.50000000000006 22.102000000000004 1.0446000000000002 23.685000000000002 3.5954500000000005 0.56191161272202661 -7.9999999999999991 27.521000000000004 2.8859000000000008 -0.97113884758256674 -0.99467753128998015 -6.9999999999999991 0.98770287048522643 247.50000000000003 3.1554000000000006 220.50000000000003 27.667000000000005 300.50000000000006 2.4337000000000004 24.301000000000005 108.00000000000001 109.00000000000001 83.251000000000019 3.0030000000000006 -0.97509794945709805 110.00000000000001 111.00000000000001 26.839000000000006 2.7735500000000006 85.051000000000016 0.86113431103781346 0.90162119223771331 2.0811500000000005 3.2941000000000007 2.0456500000000006 2.5376500000000006 2.0862000000000003 -0.86974577485258975 83.347000000000023 2.0127500000000005 107.00000000000001 109.00000000000001 0.039769539193789977 237.50000000000003 2.4039500000000005 27.841000000000005 8.5000000000000018 81.477000000000018 -0.16799356919963607 -0.11692013674435776 346.50000000000006 29.097000000000005 -5.9999999999999991 0.12545942051955489 1.9803500000000003 6.3236500000000015 28.131000000000004 -6.9999999999999991 220.50000000000003
decision_type=2 2 2 2 2 2 2 2 2 2 2 2 2 2 2 2 2 2 2 2 2 2 2 2 2 2 2 2 2 2 2 2 2 2 2 2 2 2 2 2 2 2 2 2 2 2 2 2 2 2 2 2 2 2 2 2 2 2 2 2 2 2
left_child=1 6 3 4 5 -3 20 -8 12 10 -10 -11 13 -7 -15 -13 17 -14 -19 -20 -1 -9 23 -2 -25 43 29 28 -28 31 -29 38 -33 -31 35 -35 39 -36 -27 42 -41 -42 -32 -24 51 46 47 59 -49 -48 -51 -45 -53 57 55 56 -47 58 -52 60 61 -46
right_child=22 2 -4 -5 -6 8 7 21 9 11 -12 15 16 14 -16 -17 -18 18 19 -21 -22 -23 25 24 -26 26 27 30 -30 33 36 32 -34 34 37 -37 -38 -39 -40 40 41 -43 -44 44 45 54 49 48 -50 50 53 52 -54 -55 -56 -57 -58 -59 -60 -61 -62 -63
leaf_value=-0.0020451906956575265 0.0049285534170011823 -0.00093894128999636459 0.00011723607843795038 -0.00024878612039837543 0.005155088001322982 0.00066943576093763117 -5.9639990511356363e-05 0.00085609628458431205 -0.0092108409230907753 -0.020718425395036186 0.0072370878293771639 -0.014384699261356746 -0.0012018337843666248 -0.0060996150085702548 -0.023355795167243253 -0.00107417450527902 0.00085899620760409613 -0.0042825202413557754 -0.0070745257350305728 -0.020977723144460472 -0.012390689040711594 0.0058593927157568962 0.0012441637618138713 -0.0043768269488443567 0.0016437500949985932 0.0016115296894900683 -0.02283141538500786 0.0021334997633144863 -0.0030942982501749486 -0.00052866513485776644 -0.0018173630621943935 0.0026174779175906571 -0.015356973299963605 -0.004870362771907822 -0.0055756623612441981 -0.02632707047276199 0.0086866508683432712 0.0053162132557003925 0.0067928376423783202 -0.019940183718045731 -0.013674112494018946 -0.0026577159350085902 0.0074620652202592834 0.00016093037096329057 -0.00054793581172087968 0.0052852789764957775 0.0042146640179708851 -0.0010136907372404547 -0.019708636710349697 -4.3026081991098065e-05 -0.0070265233116353762 -0.013976279522115687 -0.0018413706046054178 -0.0057990267001268633 -0.00085487753907556889 0.0029576314844520259 0.00069163728396895094 0.0041472861115231493 0.0029743563309103365 -0.0028720581336851721 0.00068932621097469776 -0.0038774933923731666
leaf_weight=304 189 208 1530 521 38 30 34495 269 27 27 22 31 109 20 26 27 126 111 24 21 21 114 2525 79 429 932 23 259 35 1078 240 37 27 23 61 20 23 39 114 21 33 574 49 1372 684 140 306 34 33 3594 45 29 979 37 585 911 2244 473 67 496 1153 347
leaf_count=304 189 208 1530 521 38 30 34495 269 27 27 22 31 109 20 26 27 126 111 24 21 21 114 2525 79 429 932 23 259 35 1078 240 37 27 23 61 20 23 39 114 21 33 574 49 1372 684 140 306 34 33 3594 45 29 979 37 585 911 2244 473 67 496 1153 347
internal_value=-1.68822e-12 -0.000129446 -0.000997606 -0.00224447 -0.00347204 -0.00387727 -5.7977e-05 -3.32307e-05 -0.00489419 -0.00838659 -0.00182606 -0.0121685 -0.00389209 -0.00933105 -0.0158531 -0.00818842 -0.0028349 -0.00459125 -0.00695949 -0.0135627 -0.00271367 0.00234533 0.000242491 0.00185207 0.000707479 0.000185375 -0.000482108 -0.00186722 -0.0109211 0.000264819 -0.00142925 0.00176445 -0.00496549 -0.00109848 -0.00539401 -0.0148502 -0.00241091 -0.00132783 0.00217622 -0.00268925 -0.00381452 -0.00325663 -0.000244034 0.000334554 0.000164788 0.000378208 -3.70937e-05 -0.0011048 -0.0102216 0.000611509 0.000349989 -0.000834965 -0.00219049 0.00262089 0.00115626 0.00151332 0.000961398 0.00315343 -0.00104385 -0.000876875 -0.000423757 -0.00166855
internal_weight=58440 38101 2898 1368 847 809 35203 34878 601 134 49 85 467 76 46 58 391 265 156 45 325 383 20339 697 508 19642 3588 1257 58 2331 1199 1110 64 1221 143 43 940 100 1046 917 628 607 289 16054 13529 11149 7269 2747 67 4522 4216 2380 1008 622 3880 3295 2384 585 112 2680 2184 1031
internal_count=58440 38101 2898 1368 847 809 35203 34878 601 134 49 85 467 76 46 58 391 265 156 45 325 383 20339 697 508 19642 3588 1257 58 2331 1199 1110 64 1221 143 43 940 100 1046 917 628 607 289 16054 13529 11149 7269 2747 67 4522 4216 2380 1008 622 3880 3295 2384 585 112 2680 2184 1031
is_linear=0
shrinkage=0.1


Tree=68
num_leaves=63
num_cat=0
split_feature=11 12 12 11 11 7 7 12 7 8 8 10 3 12 1 0 9 10 9 3 3 9 12 10 12 6 6 11 3 1 1 9 6 7 6 8 12 8 1 0 1 6 9 12 10 9 3 3 3 1 6 8 7 11 0 9 8 8 1 9 8 6
split_gain=0.164502 0.162421 0.150574 0.318972 0.452092 0.620285 0.146918 0.163877 0.142283 0.15445 0.196977 0.145623 0.248099 0.414834 0.445546 0.315933 0.332171 0.194765 0.348111 0.334964 0.261145 0.435298 0.340989 0.270766 0.43964 0.249783 0.631703 0.447804 0.220895 0.480645 0.28857 0.194449 0.189259 0.391334 0.225047 0.29897 0.19601 0.181493 0.310655 0.426692 0.708164 0.49133 0.291452 0.394718 0.264072 0.229489 0.229906 0.243594 0.161888 0.154708 0.146676 0.142496 0.142047 0.141605 0.128592 0.121902 0.289961 0.441125 0.120483 0.119596 0.118983 0.118493
threshold=0.7552000000000002 0.14390000000000003 7.7621000000000011 1.5614500000000002 2.2878000000000003 0.91159213926341531 -0.99983123799342477 1.4507000000000001 0.99981043035926087 29.147000000000009 27.951000000000008 22.102000000000004 300.50000000000006 1.0446000000000002 106.00000000000001 -5.9999999999999991 78.901000000000025 4.4350000000000014 73.969000000000008 358.50000000000006 353.50000000000006 83.117000000000019 3.2399000000000004 4.1510000000000007 2.9665000000000004 0.85673801594079257 0.89017062131308955 2.5376500000000006 355.50000000000006 109.00000000000001 109.00000000000001 80.411000000000016 0.12545942051955489 -0.36648370705903521 -0.95244167294248061 26.761000000000006 3.1201000000000003 27.277000000000008 108.00000000000001 -7.9999999999999991 111.00000000000001 0.98802474685579866 83.711000000000027 3.5183000000000004 5.7410000000000014 87.631000000000014 14.500000000000002 16.500000000000004 357.50000000000006 112.00000000000001 -0.97509794945709805 27.655000000000008 -0.50557503990954278 2.6185000000000005 -6.9999999999999991 79.881000000000014 27.861000000000004 28.231000000000005 110.00000000000001 79.361000000000033 27.577000000000009 -0.52032787705993211
decision_type=2 2 2 2 2 2 2 2 2 2 2 2 2 2 2 2 2 2 2 2 2 2 2 2 2 2 2 2 2 2 2 2 2 2 2 2 2 2 2 2 2 2 2 2 2 2 2 2 2 2 2 2 2 2 2 2 2 2 2 2 2 2
left_child=-1 52 6 -4 5 -5 7 -3 11 10 53 17 32 -14 -15 16 -16 19 61 20 23 28 -23 25 -25 27 -27 -8 30 -30 -22 -18 34 36 35 50 54 45 42 40 -40 -41 44 -44 -39 46 -20 -48 58 -26 -13 -38 -2 -10 60 56 -9 -58 -47 -35 -34 -19
right_child=1 2 3 4 -6 -7 8 55 9 -11 -12 12 13 14 15 -17 31 18 37 -21 21 22 -24 24 49 26 -28 -29 29 -31 -32 -33 33 59 -36 -37 51 38 39 41 -42 -43 43 -45 -46 48 47 -49 -50 -51 -52 -53 -54 -55 -56 -57 57 -59 -60 -61 -62 -63
leaf_value=-0.0026632978179737992 -0.0039471415910540394 -0.0086802326447522164 0.0074036118040757453 -0.014762430490825224 0.0061793947616548646 0.0033121915502049844 -1.2336567913529817e-05 0.0039371523134891064 0.00011925646103918553 -0.010554157705046238 0.0018111698637847185 0.006281072218367394 0.0015355032604013807 -0.015120450447180443 0.010962459127906533 -0.012092126557475021 -0.010876039535556313 0.0063987452249738928 -0.0024410043842097032 0.004114757848074419 0.010559293445112417 -0.0048778086761012678 -0.020068926910277118 -0.00034124259620667719 0.0027664560058288179 -0.0037174919175765181 -0.000128264540568993 0.00090716098691235388 -0.010977103457048115 0.00093172736307407962 -0.00069708789719410144 -0.0013484392109183738 -0.005464916825682546 0.0065372684370312425 0.0044207615010998062 -0.0082455623920799966 -0.0027415915412585374 0.0010830564303348997 -0.00048001248201587192 -0.00084330382341311493 0.0035522863990285706 0.0023942966301076334 -0.0015630745884119297 -0.0059610813477353293 -0.0013441215191552145 1.3368146581629025e-05 0.011690792099107058 0.00063060358677158497 -0.0051845166328081784 0.0066609172645859934 -0.0026687603878478208 -0.013364485440875538 -0.00068430862134267339 -0.005497794067410783 0.0026303387488811635 0.00022203894042620919 -0.01940579566342587 -0.0023057211927759152 -0.0013262780772338692 0.0012908120485996223 0.0020372678394778632 0.00099600018501636196
leaf_weight=231 147 34 86 37 59 39 20358 31 71 20 114 47 415 28 21 29 23 103 249 213 32 45 22 479 344 561 3894 7159 53 94 79 312 78 45 344 36 23 608 1069 5793 735 510 783 276 1706 1828 20 4591 75 145 30 28 1445 122 52 181 22 48 1061 1261 29 67
leaf_count=231 147 34 86 37 59 39 20358 31 71 20 114 47 415 28 21 29 23 103 249 213 32 45 22 479 344 561 3894 7159 53 94 79 312 78 45 344 36 23 608 1069 5793 735 510 783 276 1706 1828 20 4591 75 145 30 28 1445 122 52 181 22 48 1061 1261 29 67
internal_value=-2.43803e-13 1.05692e-05 3.85799e-05 0.00264371 -0.00038852 -0.0054873 2.83711e-05 -0.0021218 4.04869e-05 -0.00203937 -0.00148466 5.26856e-05 0.000755377 -0.000697416 -0.00294115 -0.00205538 -0.00123778 1.55153e-05 -0.000235943 0.000161788 0.000136476 -0.00268429 -0.00986594 0.000164307 0.00181202 0.00011442 -0.000580241 0.000226886 -0.000819289 -0.00336193 0.002548 -0.00200257 0.00136506 0.000827324 0.0031489 -0.000722944 -0.00317937 -0.00027562 -0.000528753 -0.000193212 0.00116286 -0.000581337 -0.00133523 -0.0027093 -0.000706384 9.57981e-05 0.000518746 0.000678577 -0.0005977 0.00392126 0.00279412 -0.00857377 -0.000985588 -0.00343142 -0.00144909 -0.00133107 -0.00411436 -0.00768003 -0.000478624 0.00147159 -0.00343161 0.00426943
internal_weight=58440 58209 56617 221 135 76 56396 316 56080 327 307 55753 2801 828 413 385 356 52952 19474 33478 33265 325 67 32940 968 31972 4455 27517 258 147 111 335 1973 1516 457 113 210 19304 11480 8107 1804 6303 3373 1059 2314 7824 4860 4611 2964 489 77 51 1592 193 159 282 101 70 2889 1306 107 170
internal_count=58440 58209 56617 221 135 76 56396 316 56080 327 307 55753 2801 828 413 385 356 52952 19474 33478 33265 325 67 32940 968 31972 4455 27517 258 147 111 335 1973 1516 457 113 210 19304 11480 8107 1804 6303 3373 1059 2314 7824 4860 4611 2964 489 77 51 1592 193 159 282 101 70 2889 1306 107 170
is_linear=0
shrinkage=0.1


Tree=69
num_leaves=63
num_cat=0
split_feature=12 11 8 11 6 10 12 6 8 10 6 3 7 5 11 12 7 7 6 8 3 1 12 0 7 7 7 9 10 9 11 7 8 6 10 9 12 12 1 7 3 6 5 7 12 6 1 6 10 8 7 9 11 1 9 8 0 10 9 8 10 7
split_gain=0.152772 0.27754 0.246492 0.231725 0.313146 0.383791 0.414191 0.384302 0.296099 0.260706 0.245625 0.26443 0.243919 0.336248 0.418265 0.401667 0.367619 0.353394 0.307339 0.242824 0.289842 0.258963 0.250135 0.237293 0.373119 0.355173 0.309631 0.415781 0.277259 0.272697 0.229073 0.875939 0.506679 0.605865 0.538175 0.688129 0.560282 0.696486 0.428283 0.417191 0.869868 0.388616 0.363393 0.361406 0.531758 0.670314 0.491113 0.360714 0.411028 0.427904 0.452071 0.415775 0.330862 0.322943 0.322643 0.321769 0.310343 0.334123 0.305315 0.321027 0.376432 0.292638
threshold=3.5735000000000006 3.0983000000000005 27.521000000000004 2.9972500000000006 0.84313847884979054 4.7310000000000008 2.0495000000000005 0.69056404122701587 26.141000000000005 7.0490000000000013 -0.85227431625818906 297.50000000000006 -0.99052477729077237 0.25000000000000017 2.3929000000000005 1.8376500000000002 -0.6523320455745395 -0.6391983530350368 -0.96689237009891416 28.211000000000009 316.50000000000006 107.00000000000001 2.5359500000000001 -6.9999999999999991 0.78724360164103002 0.88117331841669433 0.76556758748011056 85.341000000000022 14.963000000000003 81.339000000000013 2.5568500000000003 -0.62587551141915865 27.241000000000007 0.87397152483179585 9.0630000000000024 83.891000000000005 4.5968500000000008 6.0721000000000007 112.00000000000001 -0.10837475778693638 264.50000000000006 -0.99866806308218525 0.25000000000000017 0.67007489853957602 5.2123500000000016 -0.39036798905311365 106.00000000000001 -0.35846811432664222 10.612000000000002 27.891000000000009 0.94909129669788206 77.28100000000002 2.7659000000000007 114.00000000000001 79.595000000000027 26.35100000000001 -5.9999999999999991 0.92100000000000015 75.241000000000014 27.331000000000007 1.4210000000000005 0.97263757644091875
decision_type=2 2 2 2 2 2 2 2 2 2 2 2 2 2 2 2 2 2 2 2 2 2 2 2 2 2 2 2 2 2 2 2 2 2 2 2 2 2 2 2 2 2 2 2 2 2 2 2 2 2 2 2 2 2 2 2 2 2 2 2 2 2
left_child=3 30 -3 9 5 6 -5 23 -8 12 11 -10 -1 14 -14 -16 -17 -18 -15 21 -21 -12 -22 24 28 -26 29 -28 -7 -25 43 -32 39 41 36 54 -35 38 -38 40 52 -34 -41 -2 46 58 -45 -47 49 -49 -51 -52 55 -44 -36 -33 57 -48 -46 60 -60 -53
right_child=1 2 -4 4 -6 7 8 -9 10 -11 19 -13 13 18 15 16 17 -19 -20 20 22 -23 -24 26 25 -27 27 -29 -30 -31 31 32 33 34 35 -37 37 -39 -40 42 -42 -43 53 44 45 47 56 48 -50 50 51 61 -54 -55 -56 -57 -58 -59 59 -61 -62 -63
leaf_value=-0.0024820476030861893 0.00019676383837909374 0.001556557428805118 -0.0025548245771161212 0.00053421926573488435 -0.0012930290751774582 -0.00034034530897195895 0.0083676456476006519 0.0031136927469623487 0.0014817238919238749 3.9873520170944569e-05 0.001140695061458617 -0.0075652295164763935 -0.00089643967790625691 -0.0037175109719962719 -0.00075079384426310651 0.0035026716012524759 -0.010894542283271082 0.00085974434143978667 -0.00092793694021922667 0.0048876172081583139 -0.0098121462720296079 0.0072374275521332014 0.00054637172898436162 -0.0019778051767802523 0.004510961000642996 0.00035426464953648441 -0.00093075506011955442 -0.0053252196287318435 -0.0059510508711091174 0.0035850416052887594 -0.0065445287605736318 -0.00045761463069726553 -0.0047509542883430378 0.0016633473045833645 0.007011972656473517 -0.022271521788622656 -0.010189672198776208 0.0059836156924649581 0.00049385730469343715 0.0082611464902263652 -0.019536029539354471 0.0013911365621005094 0.0034652396659377231 -0.014628606929610939 -0.011254615909288163 0.010075342855204575 -0.0094747304804199805 0.0038582289919241335 -0.0099832529421238353 0.0031217309956320495 -0.00022750532353972222 -0.0161749595485162 -0.0062195000651713815 -0.0062576057104807769 -0.0080163464499637491 0.010475642502585307 -0.0097802082779041184 -0.0011847363919384227 -0.019175889059577303 -0.00059817073094669984 -0.0020449236420721842 -0.0047751975123997243
leaf_weight=675 22000 188 650 1253 954 304 104 348 168 11020 98 40 3272 439 1263 641 26 1576 3936 118 31 241 94 154 290 706 750 302 124 206 155 63 107 332 20 28 142 49 51 159 23 2764 669 39 53 44 55 353 34 181 171 32 42 36 50 47 60 419 23 163 29 76
leaf_count=675 22000 188 650 1253 954 304 104 348 168 11020 98 40 3272 439 1263 641 26 1576 3936 118 31 241 94 154 290 706 750 302 124 206 155 63 107 332 20 28 142 49 51 159 23 2764 669 39 53 44 55 353 34 181 171 32 42 36 50 47 60 419 23 163 29 76
internal_value=-2.17637e-12 0.000161203 -0.00163246 -0.000162166 0.000375565 0.000674165 0.00170743 -2.25775e-05 0.00335177 -0.000310085 0.00269146 -0.000258075 -0.000636136 -0.000524418 -8.32829e-05 0.000675601 0.00147878 0.000668976 -0.00120785 0.00374558 0.00133301 0.00547495 -0.00202254 -0.000407423 0.000503437 0.00156455 -0.00132602 -0.00219228 -0.00196588 0.00120538 0.000214001 0.000848917 0.00109902 0.000529566 -0.00217336 -0.00902225 -0.00100404 -0.00466343 -0.00736656 0.00304088 -0.00141156 0.00116223 0.0039427 8.72692e-05 -0.00130354 -7.15179e-05 -0.00379554 0.00124742 0.000788832 0.00123932 -0.0007704 -0.0032954 0.00133096 0.00296875 -0.00372254 0.00421387 -0.00300436 -0.00214666 -0.00445651 -0.0027807 -0.00962208 -0.0081529
internal_weight=58440 29307 838 29133 6285 5331 2147 3184 894 22848 790 208 11828 11153 6778 3506 2243 1602 4375 582 243 339 125 2836 1424 996 1412 1052 428 360 28469 4737 4582 3543 672 98 574 242 193 1039 175 2871 864 23732 1732 1159 573 891 847 813 460 279 152 705 70 110 534 474 268 215 52 108
internal_count=58440 29307 838 29133 6285 5331 2147 3184 894 22848 790 208 11828 11153 6778 3506 2243 1602 4375 582 243 339 125 2836 1424 996 1412 1052 428 360 28469 4737 4582 3543 672 98 574 242 193 1039 175 2871 864 23732 1732 1159 573 891 847 813 460 279 152 705 70 110 534 474 268 215 52 108
is_linear=0
shrinkage=0.1


Tree=70
num_leaves=63
num_cat=0
split_feature=11 12 11 8 6 9 7 3 8 11 12 0 11 0 3 7 11 10 10 8 1 10 11 8 9 12 7 9 0 1 6 1 11 7 12 12 3 10 7 12 12 5 0 12 12 1 8 7 0 6 7 12 3 3 1 11 12 11 11 1 6 3
split_gain=0.139633 0.167276 0.250571 0.206713 0.20366 0.194008 0.174493 0.774757 0.707194 0.538317 0.680501 0.426756 0.389047 0.51926 0.447754 0.42521 0.351507 0.349716 0.334427 0.592655 0.329558 0.311109 0.632208 0.583089 0.761564 0.47068 0.428071 0.4077 0.710131 0.361088 0.330082 0.318397 0.320637 0.588311 0.443741 0.338944 0.317253 0.309286 0.317434 0.301854 0.392963 0.334872 0.291653 0.325013 0.304323 0.311014 0.288735 0.401315 0.347916 0.28491 0.27649 0.275136 0.331451 0.274634 0.273124 0.272957 0.842847 0.314451 0.266956 0.264439 0.495734 0.2569
threshold=3.4679000000000006 3.6870000000000007 3.1645000000000008 23.685000000000002 -0.86976336936302323 73.217000000000027 0.3484035575467645 291.50000000000006 26.585000000000004 2.5503500000000003 5.2123500000000016 -5.9999999999999991 2.4493000000000005 -6.9999999999999991 332.50000000000006 0.41202506375868281 1.5771500000000003 3.5710000000000011 0.47300000000000014 27.577000000000009 113.00000000000001 5.8030000000000017 2.5376500000000006 27.643000000000004 83.161000000000016 5.3072500000000007 0.2499757677084001 79.041000000000011 -6.9999999999999991 107.00000000000001 0.96234642434711437 113.00000000000001 2.6816500000000008 -0.091258822863740666 4.4101000000000008 5.2338000000000013 224.50000000000003 1.0190000000000003 0.92843842216862604 4.5471500000000011 4.4335500000000012 1.0000000180025095e-35 -5.9999999999999991 5.7927500000000007 6.1290000000000004 107.00000000000001 28.993000000000006 -0.78324956448884031 -6.9999999999999991 0.34235194516023087 -0.52034141052533245 3.7501000000000002 194.50000000000003 14.500000000000002 113.00000000000001 2.2655000000000007 5.9634000000000009 2.1961000000000008 2.2547000000000001 106.00000000000001 0.59868201182722736 304.50000000000006
decision_type=2 2 2 2 2 2 2 2 2 2 2 2 2 2 2 2 2 2 2 2 2 2 2 2 2 2 2 2 2 2 2 2 2 2 2 2 2 2 2 2 2 2 2 2 2 2 2 2 2 2 2 2 2 2 2 2 2 2 2 2 2 2
left_child=1 3 6 4 -1 -4 7 11 -9 10 12 21 13 17 -14 -15 -13 -8 -10 -20 59 26 25 -24 30 36 31 -27 29 -29 -25 32 -3 35 -35 -34 51 -17 -39 40 41 -22 43 -11 45 49 -33 48 -48 -44 -49 -23 -53 -45 -28 56 57 -12 -58 60 -18 -57
right_child=-2 2 5 -5 -6 -7 9 8 18 42 55 16 14 15 -16 37 20 -19 19 -21 39 22 23 24 -26 27 54 28 -30 -31 -32 46 33 34 -36 -37 -38 38 -40 -41 -42 -43 44 53 -46 -47 47 50 -50 -51 -52 52 -54 -55 -56 61 58 -59 -60 -61 -62 -63
leaf_value=-0.0098299926426261668 0.0011254407832887053 0.00030201313242812777 -0.011141564525947299 -0.00016802366354845436 -0.0017820538355427205 -0.0017114558458006458 -0.0056505366432448405 0.0067743677459657196 -0.0029813681781392502 0.0027857271454048271 -0.0092473516944980572 0.0053801586454039138 0.0014285359376850553 0.0041238150578768304 -0.0061037450424847334 -0.021777060297317803 0.00058701796496294625 0.00074724631594318244 -0.022769875392259567 -0.007013819426387311 0.0027910291463373593 -0.0079501481038396771 0.00096287010693112791 -0.010722896352145371 -0.022144182062803362 0.003298691365832709 0.0050377995310851411 -0.01385213104594085 -0.017474489756252456 -0.0011349186348384103 0.00069035018018136424 -0.00057300165896570997 -0.01067155183095915 0.0053189269379868599 -0.0035430802324832966 -0.00071915055113826317 0.0046289674463708972 -0.011329260747025319 -0.00091384198050946006 0.0029342746278158286 -0.011636803028522991 -0.011237896461971104 0.00040856300306936299 0.0068224780462009631 0.0056153025404050115 -0.0019429953738317133 -0.02156518166441293 0.0020119653751412146 -0.0048946955872158854 0.011063586011201748 -0.0041369771708843197 0.00045046889143466641 -0.0088820476806722587 -0.0026838924178184988 -0.0008176179578016818 0.0036108582114979487 0.0012720192818751045 -0.0015604953546273081 -0.0098675555549561991 7.849760135264451e-05 0.0090382652353620183 0.00032205236459978756
leaf_weight=40 1082 10437 23 28924 147 424 145 40 88 1771 121 170 361 24 101 20 244 208 32 94 114 46 69 58 39 53 270 27 46 129 45 3335 104 106 121 51 145 109 40 970 32 20 78 36 83 489 21 107 31 37 231 783 40 195 113 503 972 95 22 3632 97 450
leaf_count=40 1082 10437 23 28924 147 424 145 40 88 1771 121 170 361 24 101 20 244 208 32 94 114 46 69 58 39 53 270 27 46 129 45 3335 104 106 121 51 145 109 40 970 32 20 78 36 83 489 21 107 31 37 231 783 40 195 113 503 972 95 22 3632 97 450
internal_value=5.655e-13 -2.12303e-05 0.000152135 -0.00018945 -0.00350354 -0.00219667 0.000189902 6.04234e-05 -0.0054304 0.000674671 -0.000207936 0.000124735 -0.00235386 -0.00416101 -0.000218132 -0.00833167 0.000906793 -0.00188074 -0.00771166 -0.0110154 0.000757944 -0.000126894 -0.00150982 -0.00657842 -0.0102429 -0.000667044 1.02214e-05 -0.00450748 -0.00655564 -0.00333597 -0.00573653 -7.66804e-05 0.000197864 -0.00264771 0.000595126 -0.00739689 0.000298746 -0.0101005 -0.00853318 0.00225994 -0.00168047 0.00069716 0.00171548 0.00232556 -6.23494e-05 -0.000842557 -0.000874074 -0.00344863 -0.011627 0.0038367 -0.00219042 -0.000423788 -3.11636e-06 -0.00120238 0.00331022 0.000792106 -0.000204843 -0.00586656 0.00102547 0.000328479 0.00299104 0.00205791
internal_weight=58440 57358 28247 29111 187 447 27800 21940 254 5860 3171 21686 1008 546 462 193 5279 353 214 126 5109 16407 1480 211 142 1269 14927 255 202 156 103 14544 10819 382 227 155 1014 169 149 1136 166 134 2689 2002 687 604 3725 390 52 115 338 869 823 231 383 2163 1210 216 994 3973 341 953
internal_count=58440 57358 28247 29111 187 447 27800 21940 254 5860 3171 21686 1008 546 462 193 5279 353 214 126 5109 16407 1480 211 142 1269 14927 255 202 156 103 14544 10819 382 227 155 1014 169 149 1136 166 134 2689 2002 687 604 3725 390 52 115 338 869 823 231 383 2163 1210 216 994 3973 341 953
is_linear=0
shrinkage=0.1


Tree=71
num_leaves=63
num_cat=0
split_feature=10 11 12 7 11 11 11 9 6 6 6 8 12 6 6 1 8 6 10 6 8 6 2 3 12 8 12 8 0 11 12 1 6 3 9 12 6 9 10 9 11 7 10 11 9 6 10 10 8 12 10 7 9 7 11 6 6 11 3 6 2 6
split_gain=0.135016 0.188014 0.203757 0.219683 0.26113 0.198601 0.182084 0.168367 0.149541 0.147366 0.187432 0.251119 0.144444 0.142216 0.541213 0.370515 0.362489 0.36229 0.476327 0.801883 0.517668 0.336642 0.476099 0.562339 0.447113 0.348549 0.409024 0.321223 0.637596 0.569335 0.331814 0.589784 0.376418 0.80297 0.644933 0.330235 0.301765 0.297059 0.294934 0.289706 0.284126 0.523713 0.280761 0.279642 0.264316 0.261791 0.261603 0.257604 0.245369 0.35429 0.346988 0.273407 0.243415 0.242085 0.277215 0.269412 0.236663 0.236622 0.283649 0.230601 0.511345 0.40923
threshold=0.0050000000000000001 2.5023500000000003 5.5319000000000011 -0.15950993297387572 2.2439000000000004 2.2391000000000001 1.9263500000000002 68.28700000000002 -0.92923668111203805 -0.95244167294248061 -0.8041866928211282 27.667000000000005 3.5183000000000004 0.52766072109828632 0.51297097409535064 112.00000000000001 29.269000000000009 0.85673801594079257 0.43100000000000011 0.878110924644389 28.031000000000006 0.9053161325100999 4.5000000000000009 120.50000000000001 2.5359500000000001 28.475000000000005 6.3236500000000015 25.987000000000005 -7.9999999999999991 2.7875000000000001 4.9452000000000007 114.00000000000001 -0.97509794945709805 280.50000000000006 80.855000000000032 4.456900000000001 0.85226249403558707 80.855000000000032 0.27700000000000008 59.374000000000002 2.7875000000000001 0.33222858587828868 10.445000000000002 3.2595500000000004 77.881000000000014 0.97112537654464559 1.2830000000000001 34.638000000000012 28.72900000000001 4.3609000000000009 0.53700000000000014 -0.71502926860092908 78.28900000000003 0.96407344085605606 2.5261 -0.14250824554987665 -0.96689237009891416 2.3821000000000008 274.50000000000006 -0.48314718476766422 7.5000000000000009 -0.31799228562170639
decision_type=2 2 2 2 2 2 2 2 2 2 2 2 2 2 2 2 2 2 2 2 2 2 2 2 2 2 2 2 2 2 2 2 2 2 2 2 2 2 2 2 2 2 2 2 2 2 2 2 2 2 2 2 2 2 2 2 2 2 2 2 2 2
left_child=1 2 3 6 -5 -4 -1 8 -3 -9 11 -11 -8 14 15 16 59 36 19 20 -19 22 23 25 -24 47 46 -17 29 38 32 39 33 57 -35 52 48 -26 -29 -32 -23 42 -42 -18 -16 -21 -27 -20 49 -15 51 -50 -31 54 -33 -55 -34 -30 -59 60 -2 -61
right_child=13 7 5 4 -6 -7 12 9 -10 10 -12 -13 -14 17 44 27 43 18 21 45 -22 40 24 -25 37 26 -28 28 30 35 31 53 56 34 -36 -37 -38 -39 -40 -41 41 -43 -44 -45 -46 -47 -48 -49 50 -51 -52 -53 -54 55 -56 -57 -58 58 -60 61 -62 -63
leaf_value=-0.002629048531143863 0.0065388153208363236 0.003602832394906066 0.00088642341441077231 -0.012807144286731879 -0.0019035513969933298 0.0056109259121953263 -0.0048085694876499477 0.0070454640127718448 0.013743397077688804 0.00097478546597289323 0.0036566436670909756 -0.013225779689382761 0.0010513016403566262 0.00042858593220307015 -0.012592420139459565 -0.002125231682196538 0.0034369510938154742 -0.0052720643114298584 -0.00053869648229962512 -9.1573498705216997e-06 -0.028024388328194618 0.00055664141003721249 -0.0026179662729210232 -0.015962897769973748 0.013211060669051394 0.0031866565040842283 -0.018148939472157507 -0.0035216758350631403 0.0027505695563293277 0.010419512061280726 -0.011480102707907835 0.001395830506323146 0.0056328783323075261 -0.003440451181655669 -0.025697654023145639 0.014667870685142199 0.0049666451539861533 0.0034070863033620357 0.00079410764769207744 -0.0010447993059849181 -0.001071215897006662 0.0028129290092232017 -0.0047206463202960174 -0.0065344137915720538 -0.0032607733965918729 -0.0044035247085063255 -0.0045136535119552615 -0.010250015851176743 -0.00076781979471856926 0.0020829147337846419 -0.0014613554593598298 0.004358647485800865 0.002773527670733798 -0.010336895656905005 0.0062367978735093149 0.0010114395955147651 -0.0012214439675043674 -0.0085440323906184387 0.00037466244087017218 -0.0014998382304903469 0.00028158828897876473 -2.3852886397977575e-06
leaf_weight=221 132 33 1403 30 82 95 45 40 26 33 64 20 645 5252 34 1236 450 20 1116 302 20 6061 97 28 42 51 20 186 65 46 27 1139 51 23 30 28 160 117 1065 1814 1016 300 266 30 283 246 327 28 199 1718 1134 218 439 35 132 52 4100 79 65 2192 12332 10900
leaf_count=221 132 33 1403 30 82 95 45 40 26 33 64 20 645 5252 34 1236 450 20 1116 302 20 6061 97 28 42 51 20 186 65 46 27 1139 51 23 30 28 160 117 1065 1814 1016 300 266 30 283 246 327 28 199 1718 1134 218 439 35 132 52 4100 79 65 2192 12332 10900
internal_value=-2.59011e-14 0.000685709 0.000443105 -0.000644791 -0.00482416 0.00118604 -0.000130972 0.00351721 0.00807156 0.00180571 1.43378e-05 -0.00438392 0.000669136 -3.36927e-05 -0.000147456 -0.000111868 9.11285e-05 0.000190731 -0.000217793 -0.00297953 -0.0166482 -4.62969e-05 -0.00126617 -0.0019182 0.00273262 -0.00166317 -0.00421212 -0.000609911 -0.000410152 0.00130287 -0.000807128 -3.16714e-05 -0.00136926 -0.00504541 -0.0160389 0.00410834 0.000664008 0.00599682 0.000152432 -0.00119784 0.000245144 -0.000948273 -0.00182843 0.00281374 -0.00426164 -0.00198181 -0.00347472 -0.000776386 0.000583217 0.000836353 -0.000554344 0.0019122 0.00349871 0.00154927 0.00189859 -0.00355398 -0.00113723 -0.0022576 -0.00451823 3.99916e-05 0.000347855 -0.000253105
internal_weight=58440 2737 2521 1023 112 1498 911 216 59 157 117 53 690 55703 36965 36648 26036 18738 10057 588 40 9469 1826 1570 256 1542 398 10612 9376 1764 7612 3199 4413 262 53 513 8681 159 1251 1841 7643 1582 1282 480 317 548 378 1144 8521 6970 1551 417 485 1358 1271 87 4151 209 144 25556 12464 13092
internal_count=58440 2737 2521 1023 112 1498 911 216 59 157 117 53 690 55703 36965 36648 26036 18738 10057 588 40 9469 1826 1570 256 1542 398 10612 9376 1764 7612 3199 4413 262 53 513 8681 159 1251 1841 7643 1582 1282 480 317 548 378 1144 8521 6970 1551 417 485 1358 1271 87 4151 209 144 25556 12464 13092
is_linear=0
shrinkage=0.1


Tree=72
num_leaves=63
num_cat=0
split_feature=12 7 8 8 12 8 11 9 11 10 3 12 1 3 0 9 10 3 8 11 0 10 12 12 6 7 6 8 12 12 3 7 10 10 6 4 7 6 11 12 1 8 0 1 1 0 7 12 12 8 8 7 12 1 12 11 6 3 8 12 11 11
split_gain=0.130083 0.125096 0.120648 0.160976 0.119794 0.270042 0.203692 0.437039 0.117778 0.128203 0.185213 0.322326 0.376408 0.268361 0.240688 0.284962 0.202918 0.307845 0.180508 0.145712 0.159415 0.175639 0.152204 0.145184 0.135421 0.291211 0.161842 0.235169 0.159601 0.121081 0.304681 0.333257 0.212326 0.277294 0.268154 0.243973 0.193226 0.238144 0.186459 0.184277 0.169716 0.316406 0.129737 0.555729 0.419781 0.325363 0.264528 0.665426 0.410443 0.243695 0.214019 0.283253 0.205853 0.183598 0.157116 0.130084 0.126807 0.119091 0.11486 0.114556 0.112677 0.109723
threshold=0.076700000000000004 0.99981043035926087 29.147000000000009 27.707000000000004 7.7621000000000011 28.175000000000008 2.3876500000000003 76.209000000000017 0.7552000000000002 22.102000000000004 300.50000000000006 1.0446000000000002 107.00000000000001 316.50000000000006 -5.9999999999999991 78.901000000000025 25.537000000000003 308.50000000000006 27.451000000000004 3.4679000000000006 -7.9999999999999991 3.5130000000000012 0.80390000000000017 1.2404500000000003 0.12545942051955489 -0.36648370705903521 -0.95244167294248061 26.761000000000006 3.1201000000000003 3.1838500000000005 2.5000000000000004 0.9980355542543059 19.211000000000002 17.797000000000001 0.75014288946266361 0.93301270189221952 -0.98801846520836312 0.056951373111866731 3.1645000000000008 4.7862000000000009 109.00000000000001 27.971000000000007 -5.9999999999999991 106.00000000000001 107.00000000000001 -6.9999999999999991 -0.50557503990954278 1.3748500000000001 1.4507000000000001 27.001000000000005 24.881000000000004 0.063390085881955341 0.95315000000000005 113.00000000000001 0.55330000000000013 3.2427500000000005 0.85673801594079257 50.500000000000007 27.655000000000008 4.903550000000001 2.5746000000000007 2.6185000000000005
decision_type=2 2 2 2 2 2 2 2 2 2 2 2 2 2 2 2 2 2 2 2 2 2 2 2 2 2 2 2 2 2 2 2 2 2 2 2 2 2 2 2 2 2 2 2 2 2 2 2 2 2 2 2 2 2 2 2 2 2 2 2 2 2
left_child=-1 4 3 61 8 -6 7 -7 57 19 24 -12 13 -13 15 -14 60 -18 -15 29 21 -21 -22 -24 26 28 27 -11 -26 36 -31 32 33 38 39 -36 37 -10 -32 -34 41 -33 44 49 45 52 48 -48 -45 -44 51 -46 -38 -52 -51 -47 -35 -2 -30 -27 -17 -3
right_child=1 2 -4 -5 5 6 -8 -9 9 10 11 12 14 18 -16 16 17 -19 -20 20 22 -23 23 -25 25 59 -28 -29 58 30 31 40 34 56 35 -37 42 -39 -40 -41 -42 -43 43 46 50 55 47 -49 -50 54 53 -53 -54 -55 -56 -57 -58 -59 -60 -61 -62 -63
leaf_value=-0.0016587225574092369 0.0025679623492334677 -0.00039318154860452258 -0.0094090081320609906 0.00088524689892397499 0.0050998534396270384 0.0033769027795642614 0.0046455798437818885 -0.01413847845818462 -0.00031961307154081662 0.0023900115463450691 0.0012378469509186541 -0.001649994447965313 0.011044739279896021 -0.0076901749568060035 -0.010700818552169949 -0.0027856375044211746 -0.013415063215992028 -0.0014539272405762369 -0.020964602913175312 0.007303327350889015 0.0053052762554337586 0.0015345122482123897 -0.0030436831144353138 0.00073797275347195479 -0.0011716084730447707 0.0010851606469138113 0.0036591369215257588 -0.0071960620984837815 -0.0023180741017036466 -0.011411902429940909 0.00011623014218942461 0.0082238832049859843 -0.0047130683936605546 0.0072429103222734562 0.0057767541494307129 -0.0066460954397916799 -0.00065507570639932843 -0.0035603126772603428 -0.0016669059205659351 -0.015563532430678607 0.0082136238984898413 -0.0078777423614393109 -0.00068235281479658621 -0.0016216830498045993 0.00088187997572267162 -0.00013959590092363618 -0.00042435593534578581 -0.0032338248111968742 0.0023758500874474604 -0.0004510424092510029 0.00064466444424208364 -0.0019825693329664322 -0.0028359595354119464 -0.00037746352775275743 0.0040582437180140133 0.0039351934423152617 8.2207945848090789e-05 -0.0034069513571682755 -0.011855410464340821 0.0058688445554043248 0.0061481806110047429 -0.0055492965402525098
leaf_weight=469 41 68 20 159 137 28 30 29 569 83 470 27 20 20 25 20 24 208 21 79 60 159 124 560 169 1342 371 37 23 23 30302 26 72 79 43 25 747 377 598 20 76 23 234 489 566 1397 2629 1241 541 95 8361 885 1029 2225 414 83 36 179 28 52 48 105
leaf_count=469 41 68 20 159 137 28 30 29 569 83 470 27 20 20 25 20 24 208 21 79 60 159 124 560 169 1342 371 37 23 23 30302 26 72 79 43 25 747 377 598 20 76 23 234 489 566 1397 2629 1241 541 95 8361 885 1029 2225 414 83 36 179 28 52 48 105
internal_value=-1.52589e-12 1.34195e-05 -0.00186602 -0.00141162 2.49011e-05 0.00233297 -0.00202408 -0.00553443 1.58933e-05 2.47792e-05 0.000662459 -0.000553144 -0.00259132 -0.00939132 -0.00125103 -0.000512761 -0.00128326 -0.00269129 -0.0144893 -1.03839e-05 0.00119665 0.00344937 0.000476028 5.24094e-05 0.00117238 0.000729985 0.00262659 -0.000565694 -0.00265122 -3.26621e-05 9.34258e-05 0.00010188 8.12183e-05 9.99628e-05 -0.00355227 0.00120953 -0.000213151 -0.0016111 8.17216e-05 -0.00707186 0.00525495 0.000665977 -0.000149984 -0.000559788 1.2303e-06 -0.00100612 -0.00094622 -0.00132527 0.000477992 0.00198869 0.000273719 -0.000865217 -0.00191866 0.00042983 0.00321663 8.89227e-05 0.0050013 -0.00229344 -0.00755426 0.00126361 0.00352059 -0.00352262
internal_weight=58440 57971 352 332 57619 224 87 57 57395 57175 2988 883 413 68 345 320 300 232 41 54187 982 238 744 684 2105 1614 491 120 220 53205 31323 31300 31175 31015 160 68 21882 946 30900 92 125 49 20936 5643 15293 3256 4900 3870 1030 743 12037 1451 1776 10586 509 1480 115 220 51 1394 68 173
internal_count=58440 57971 352 332 57619 224 87 57 57395 57175 2988 883 413 68 345 320 300 232 41 54187 982 238 744 684 2105 1614 491 120 220 53205 31323 31300 31175 31015 160 68 21882 946 30900 92 125 49 20936 5643 15293 3256 4900 3870 1030 743 12037 1451 1776 10586 509 1480 115 220 51 1394 68 173
is_linear=0
shrinkage=0.1


Tree=73
num_leaves=63
num_cat=0
split_feature=7 7 10 12 9 8 11 1 11 1 8 0 11 12 6 12 10 11 9 0 3 11 9 12 10 10 3 3 12 8 6 3 0 10 0 3 8 11 1 10 1 9 12 3 1 9 6 3 1 8 11 12 7 12 1 7 0 12 11 9 9 12
split_gain=0.12064 0.295024 0.79371 0.298015 0.567931 0.295177 0.263346 0.291472 0.2352 0.332071 0.228532 0.201975 0.15292 0.322701 0.224921 0.19778 0.16875 0.159537 0.247572 0.16508 0.149744 0.260159 0.499034 0.274268 0.340046 0.231404 0.215533 0.510119 0.396883 0.209291 0.220752 0.239144 0.207295 0.199189 0.193696 0.580948 0.634262 0.579619 0.861524 0.367665 0.50003 0.350906 0.485163 0.702319 0.574548 0.776413 0.406986 0.375436 0.364622 0.34911 0.333322 0.356183 0.329577 0.327419 0.323032 0.497359 0.328818 0.510632 0.319125 0.315658 0.311147 0.455874
threshold=0.97832380634958016 0.98486764554468398 1.9810000000000005 1.3748500000000001 82.081000000000031 28.163000000000007 2.5439000000000003 108.00000000000001 3.3351500000000005 107.00000000000001 27.737000000000005 -5.9999999999999991 2.4387500000000002 4.1031500000000003 -0.03977009085991149 3.8315000000000006 1.1810000000000003 3.1379000000000006 88.54500000000003 -6.9999999999999991 58.500000000000007 2.8859000000000008 85.771000000000029 1.1790000000000003 1.0810000000000002 34.638000000000012 40.500000000000007 38.500000000000007 2.7071000000000001 27.451000000000004 0.54219432480460406 20.500000000000004 -6.9999999999999991 14.963000000000003 -7.9999999999999991 308.50000000000006 27.361000000000008 2.7354000000000007 111.00000000000001 4.4350000000000014 111.00000000000001 81.041000000000011 5.4637000000000002 270.50000000000006 111.00000000000001 78.901000000000025 0.99818282439137029 249.50000000000003 114.00000000000001 25.251000000000005 2.6627000000000005 4.3100500000000013 -0.56369940867848845 3.4300500000000005 109.00000000000001 0.47369649395226454 -5.9999999999999991 5.9634000000000009 2.3595500000000005 77.087000000000032 85.577000000000012 5.2338000000000013
decision_type=2 2 2 2 2 2 2 2 2 2 2 2 2 2 2 2 2 2 2 2 2 2 2 2 2 2 2 2 2 2 2 2 2 2 2 2 2 2 2 2 2 2 2 2 2 2 2 2 2 2 2 2 2 2 2 2 2 2 2 2 2 2
left_child=20 2 6 -4 5 -5 7 -2 9 -6 -11 12 -3 14 17 -16 -15 18 -14 -19 21 25 23 -23 -25 -1 27 28 32 -26 31 -31 33 -24 35 37 -37 41 60 50 53 42 43 46 45 -45 49 -44 52 -22 -38 -52 -43 -41 -36 56 59 -58 -49 -56 61 -39
right_child=1 11 3 4 8 -7 -8 -9 -10 10 -12 -13 13 16 15 -17 -18 19 -20 -21 34 22 26 24 29 -27 -28 -29 -30 30 -32 -33 -34 -35 54 36 39 38 -40 40 -42 48 47 44 -46 -47 -48 58 -50 -51 51 -53 -54 -55 55 -57 57 -59 -60 -61 -62 -63
leaf_value=-0.00015711219976693557 0.0093724036201213792 -0.00096281370996599992 -0.0017404328385730171 0.0035336336579232935 -0.022020169585943224 -0.0086581149266968509 0.0086373849063213787 -0.0037646440727832284 -0.0010205665682442488 -0.0064988992181010986 -0.015648016774794087 -0.0015187568498870939 0.0039497904623410881 -0.001227165933698416 -0.00034660626891020851 -0.0081042235388475315 0.0052197299446157157 0.0016138530976604671 -0.0038150399165386532 -0.0072196923086748415 -0.012584356813421172 0.00045743810326127893 -0.0016492395618184518 0.010150517122175578 0.0045805467081330266 0.0031305876272898687 0.0017369942821344323 -0.011203964510581123 0.0069685119988494807 0.0034019621347714741 0.0034561834706283816 -0.0015508344498915427 -0.0043465208390143792 0.0045067227838028754 0.00045982403192033037 -0.0011971122684756204 0.0020891864590168812 -0.0062211973028583455 0.0015252661939670041 0.00064485169799246059 0.0053086922070942821 -0.00044434368478050973 -0.00085622441322693698 -0.028492993606293267 -0.0033457115051650104 -0.0076590496444863812 0.0063914948641283099 0.0014733446764576396 -0.0019192569640330626 -0.0018452399690690421 0.0047929846541737448 0.012806305664281051 0.0011934117724332431 -0.0058999696290924306 0.00049766753489568344 -0.0011676327615610588 0.00023508505905421329 0.0026329746445044426 0.0094054164803876999 -0.00060830196824594664 0.0017875212274203207 0.00053178010588637045
leaf_weight=4413 24 684 225 63 25 29 66 57 25 86 40 810 325 50 984 34 216 56 47 34 31 649 211 63 371 225 235 53 57 149 385 282 197 70 14160 658 293 625 329 281 175 2422 1223 27 101 53 59 301 797 1287 213 75 2494 105 3903 3960 4663 1097 61 7617 71 119
leaf_count=4413 24 684 225 63 25 29 66 57 25 86 40 810 325 50 984 34 216 56 47 34 31 649 211 63 371 225 235 53 57 149 385 282 197 70 14160 658 293 625 329 281 175 2422 1223 27 101 53 59 301 797 1287 213 75 2494 105 3903 3960 4663 1097 61 7617 71 119
internal_value=-1.21626e-12 -0.00053878 -0.00250076 -0.00442375 -0.00667653 -0.000309418 0.00394844 0.000127815 -0.0100048 -0.0114923 -0.00940338 -0.000151228 0.000304616 0.000801134 0.000224782 -0.000605702 0.00400791 0.00205472 0.00296875 -0.00172326 3.8315e-05 0.000457851 0.00123392 0.00212529 0.00299124 2.38165e-06 -0.000822837 -0.0018459 -0.000918838 0.00261126 0.00171592 0.000161385 -0.00185938 -0.000115726 -2.71042e-05 -0.000377977 0.00127585 -0.000675667 -0.00279392 0.00270073 0.000874737 -0.000402036 -0.0012507 -0.00250385 -0.00835999 -0.0146905 -0.00173409 -1.88992e-05 6.48557e-05 -0.00209783 0.00446387 0.00687979 0.000386527 -0.00113548 8.98536e-05 -0.000156793 7.48574e-05 0.000691766 0.00280996 -0.000233597 -0.00453749 -0.00514108
internal_weight=58440 3880 640 493 268 92 147 81 176 151 126 3240 2430 1746 1480 1018 266 462 372 90 54560 7360 2722 1899 1250 4638 823 588 535 1187 816 431 478 281 47200 11800 1800 10000 1144 1142 561 8856 3143 1558 181 80 1377 1585 5713 1318 581 288 4916 386 35400 21240 17280 5760 362 11520 815 744
internal_count=58440 3880 640 493 268 92 147 81 176 151 126 3240 2430 1746 1480 1018 266 462 372 90 54560 7360 2722 1899 1250 4638 823 588 535 1187 816 431 478 281 47200 11800 1800 10000 1144 1142 561 8856 3143 1558 181 80 1377 1585 5713 1318 581 288 4916 386 35400 21240 17280 5760 362 11520 815 744
is_linear=0
shrinkage=0.1


Tree=74
num_leaves=63
num_cat=0
split_feature=12 11 7 2 8 10 8 0 10 1 1 11 0 7 12 12 7 10 7 6 9 3 12 6 7 9 8 8 11 1 10 3 3 11 9 11 9 8 6 3 7 12 12 6 10 9 10 12 6 7 11 6 6 8 8 1 6 9 8 7 11 11
split_gain=0.109946 0.103003 0.101254 0.133265 0.139227 0.282184 0.241522 0.200139 0.17238 0.16813 0.148094 0.0984164 0.101349 0.100491 0.142308 0.244078 0.208772 0.128212 0.158533 0.122883 0.118491 0.111471 0.266916 0.263508 0.141246 0.110761 0.121287 0.158046 0.127704 0.163564 0.21948 0.149641 0.107359 0.215804 0.106994 0.144529 0.127611 0.122684 0.105373 0.108113 0.141942 0.102373 0.152637 0.102345 0.101549 0.286312 0.219665 0.341392 0.207383 0.433577 0.255842 0.53028 0.292488 0.186198 0.175479 0.266791 0.329868 0.218709 0.194375 0.181544 0.169932 0.144395
threshold=0.051950000000000003 0.7552000000000002 -0.99983123799342477 6.5000000000000009 27.891000000000009 3.1610000000000009 28.335000000000004 -6.9999999999999991 2.9010000000000007 109.00000000000001 112.00000000000001 3.6831500000000004 -7.9999999999999991 0.9989598388634241 4.7862000000000009 3.8315000000000006 0.99958851518450398 22.102000000000004 0.99681593486783593 -0.99763297024448894 78.77500000000002 108.50000000000001 1.6592500000000003 -0.95244167294248061 -0.065537083312030994 90.897000000000034 27.941000000000006 29.201000000000004 2.5931000000000002 108.00000000000001 12.861000000000001 364.50000000000006 330.50000000000006 2.1536500000000003 89.379000000000019 3.2115500000000003 91.521000000000015 23.877000000000006 -0.48314718476766422 10.500000000000002 0.97263757644091875 3.3699500000000007 1.9033000000000002 0.99053107487289871 4.4350000000000014 73.969000000000008 4.1510000000000007 2.9665000000000004 0.99374995976406788 0.063390085881955341 2.5194000000000005 0.98372640911059162 0.95752911693909493 27.331000000000007 27.277000000000008 108.00000000000001 0.99761913169647187 83.711000000000027 24.507000000000005 0.8511460603353429 2.9120500000000002 2.5023500000000003
decision_type=2 2 2 2 2 2 2 2 2 2 2 2 2 2 2 2 2 2 2 2 2 2 2 2 2 2 2 2 2 2 2 2 2 2 2 2 2 2 2 2 2 2 2 2 2 2 2 2 2 2 2 2 2 2 2 2 2 2 2 2 2 2
left_child=-1 -2 3 -3 8 6 7 -6 10 -10 -5 13 -13 17 15 25 -17 34 19 -19 32 24 -23 -24 43 26 28 -28 -15 31 -31 -30 33 -21 44 36 38 -38 41 -40 -41 42 -36 -22 46 -46 48 -48 50 53 51 -4 -52 -50 58 57 -57 -56 61 -60 -51 -47
right_child=1 2 11 4 5 -7 -8 -9 9 -11 -12 12 -14 14 -16 16 -18 18 -20 20 21 22 23 -25 -26 -27 27 -29 29 30 -32 -33 -34 -35 35 -37 37 -39 39 40 -42 -43 -44 -45 45 54 47 -49 49 60 52 -53 -54 -55 55 56 -58 -59 59 -61 -62 -63
leaf_value=-0.0021494783774236386 -0.0021079031384283651 0.0036424393323250116 -0.00010729658242931689 0.0044104774292348554 -0.02015796658445404 0.0017581641810332856 -0.0025118160037029733 -0.0068167001980802295 -0.01134591336240587 -0.00070962038090718654 -0.005331470204691869 0.005650274971509741 0.00081413816507660956 0.00015677041173142066 0.0044308230860306969 -0.014386819818845162 -0.00079700939357280726 0.0083859980292618277 0.0059466038275526704 -0.0029727924428880215 0.001566440493390873 0.00086124687420587086 -0.011818756920715365 -0.0014956162716976671 0.00077439540234727181 0.0044431432881133839 0.0012323408590395376 -0.0074550033061076774 0.0016167805934674106 -0.0024509952583414789 -0.009706575399212226 -0.0076957647455856209 -0.00095792682206427516 0.0091872222894043825 0.0013698604192224242 -0.0039881904153228403 -0.0050349105974997988 0.0012611491665644194 0.0038693543762350693 -0.0012250769609223066 -0.0059209038255229485 0.0033491534893291828 -0.0039866043001781275 0.0086761761899651901 0.0039024918417982371 -0.00068583157165752104 -0.00028057277972748845 0.0034736713278582508 0.002395854497273617 -0.0043308295612624883 0.0007464020630893873 0.0037303753506361705 -0.001691982866421882 -0.0013132029836635077 -0.0006204061976415997 -0.00023867285296537628 0.0032351525161866193 -0.0023262601058869382 0.00062267480871753688 -0.00063204167341461136 -0.012185729303232888 -0.0059252060657052109
leaf_weight=237 229 40 22169 71 22 41 38 23 23 42 20 60 156 139 44 26 20 20 56 20 41 843 26 505 1310 36 234 23 80 101 71 22 33 54 155 124 33 498 39 1206 68 100 81 40 172 138 479 490 187 145 8038 366 524 490 2350 8019 283 1105 4798 1518 34 85
leaf_count=237 229 40 22169 71 22 41 38 23 23 42 20 60 156 139 44 26 20 20 56 20 41 843 26 505 1310 36 234 23 80 101 71 22 33 54 155 124 33 498 39 1206 68 100 81 40 172 138 479 490 187 145 8038 366 524 490 2350 8019 283 1105 4798 1518 34 85
internal_value=1.66383e-12 8.75258e-06 1.71135e-05 -0.00175679 -0.0025281 -0.00502922 -0.00838203 -0.0133391 -0.000540036 -0.00447323 0.00226939 2.69592e-05 0.00215751 1.89471e-05 -0.00109683 -0.00142026 -0.00847821 3.46273e-05 0.000676716 0.000574671 0.000520275 0.000393919 -0.000244937 -0.00200108 0.00102497 -0.000960389 -0.00125073 0.000454874 -0.00231208 -0.00356453 -0.00544603 -0.000391808 0.00378544 0.00590073 -6.25706e-07 -0.000667303 -0.000478408 0.000869869 -0.000912572 -0.00131695 -0.00147572 0.000667645 -0.000468587 0.00507742 2.92639e-05 -0.000158422 0.000134549 0.00161786 8.95663e-05 -0.00144595 0.000131834 -4.49674e-05 0.000597171 -0.000288692 -0.000196599 -0.000427562 -0.000120256 -0.00116598 0.000218668 0.000321114 -0.00582282 -0.0026829
internal_weight=58440 58203 57974 320 280 124 83 45 156 65 91 57654 216 57438 796 752 46 56642 2948 2892 2872 2765 1374 531 1391 706 670 257 413 274 172 102 107 74 53694 2304 2180 531 1649 1313 1274 336 236 81 51390 18468 32922 969 31953 856 31097 22535 8562 677 18296 11757 8302 3455 6539 6316 179 223
internal_count=58440 58203 57974 320 280 124 83 45 156 65 91 57654 216 57438 796 752 46 56642 2948 2892 2872 2765 1374 531 1391 706 670 257 413 274 172 102 107 74 53694 2304 2180 531 1649 1313 1274 336 236 81 51390 18468 32922 969 31953 856 31097 22535 8562 677 18296 11757 8302 3455 6539 6316 179 223
is_linear=0
shrinkage=0.1


Tree=75
num_leaves=63
num_cat=0
split_feature=10 11 12 7 11 6 8 8 0 6 6 11 3 6 9 12 3 11 11 5 3 12 9 12 0 12 9 11 9 3 7 11 9 11 11 6 3 10 3 1 10 8 11 8 11 10 6 6 10 12 9 8 11 3 8 6 12 3 10 8 6 12
split_gain=0.098186 0.147726 0.174915 0.187986 0.178767 0.165999 0.163552 0.192893 0.191256 0.163871 0.153028 0.146617 0.131585 0.13151 0.130347 0.12517 0.156158 0.174651 0.121596 0.25831 0.207209 0.173354 0.204872 0.162178 0.138037 0.14985 0.118145 0.242022 0.11802 0.113866 0.109417 0.109284 0.135685 0.10464 0.103854 0.0965669 0.645101 0.405544 0.814926 0.429327 0.35313 0.240918 0.238042 0.237666 0.431256 0.222273 0.197574 0.325653 0.570338 0.530605 0.463509 0.573347 0.500786 0.695312 0.455055 0.385398 0.317726 0.295408 0.304978 0.29505 0.271469 0.611829
threshold=0.0050000000000000001 2.3430000000000004 5.8875500000000009 1.0000000180025095e-35 1.6631000000000002 -0.99630266176052629 27.901000000000007 26.421000000000003 -6.9999999999999991 -0.92923668111203805 -0.97509794945709805 2.2604500000000005 248.50000000000003 -0.88622299073327826 72.271000000000029 5.0816500000000007 236.50000000000003 2.1687500000000006 1.8675500000000003 -0.5 239.50000000000003 6.4791500000000015 72.627000000000024 6.5694000000000008 -7.9999999999999991 7.0436500000000004 59.374000000000002 2.4786000000000006 71.856000000000009 230.50000000000003 -0.97111920233974802 2.1642000000000006 76.78100000000002 1.9405000000000003 2.1095000000000002 -0.99866806308218525 273.50000000000006 0.77300000000000024 275.50000000000006 109.00000000000001 0.35100000000000009 28.357000000000006 2.3982000000000006 26.701000000000004 2.5261 7.0490000000000013 -0.99275805973510278 -0.97509794945709805 1.2110000000000003 1.5210000000000001 78.057000000000016 26.421000000000003 2.6058000000000008 263.50000000000006 27.92100000000001 -0.98523971305672675 4.9880500000000003 285.50000000000006 0.16300000000000006 27.961000000000009 -0.95244167294248061 4.6206000000000005
decision_type=2 2 2 2 2 2 2 2 2 2 2 2 2 2 2 2 2 2 2 2 2 2 2 2 2 2 2 2 2 2 2 2 2 2 2 2 2 2 2 2 2 2 2 2 2 2 2 2 2 2 2 2 2 2 2 2 2 2 2 2 2 2
left_child=1 2 3 4 -1 -3 7 9 -8 -7 -10 -5 29 -11 -12 16 17 -6 19 20 24 22 -21 28 -4 -26 27 -2 34 -9 -17 32 -32 -25 -20 36 41 38 40 -40 -38 -28 -39 -44 -45 -46 -37 48 57 -50 56 55 53 -53 -55 -52 59 -48 -59 -51 61 -49
right_child=26 5 18 11 15 6 8 12 10 13 14 -13 -14 -15 -16 30 -18 -19 23 21 -22 -23 -24 33 25 -27 35 -29 -30 -31 31 -33 -34 -35 -36 46 37 42 39 -41 -42 -43 43 44 45 -47 47 60 49 50 51 52 -54 54 -56 -57 -58 58 -60 -61 -62 -63
leaf_value=-0.0049458118209593912 -0.0090136111023769311 0.0081792649672215081 -0.0016728510495822241 -0.0096614491313886958 -0.001833218355277332 0.007173787113279104 0.0030545343094590038 0.0030859416723251344 0.0036865807731043206 -0.0085122645087540149 -0.011870537981546175 3.3145796400136676e-05 0.0014463494231383648 0.00069720921633036244 -0.0029050167286768557 0.0060221555107273159 -0.0046820380791818888 0.0029645914188143295 0.0046082909171417039 -0.01417943611256002 0.0073942094485749277 -0.00078908438903882233 -0.0017837232991587369 0.0023422837789569581 0.0015292566297558242 0.0099007210613268892 0.0004152133531438617 0.0025300420275016222 0.0022358978630313223 0.012154362609403002 -0.0017365403912339959 0.0032172596296732082 0.0016333553536057128 -0.0073235813179053366 0.012217499664984643 0.0013240590612056827 -0.00012316637451779874 0.0040230531104498372 -0.02780273054604945 -0.010214983477656332 -0.014438945835544951 0.0061168298617606835 0.0023803159815323511 -0.018085616877810521 -0.00084589821521730457 -0.012423952547833324 0.00066280133147822527 -0.0006341293018059949 0.0010044547606715545 0.0047616622775145208 0.0037534012415169462 -1.6074923469739801e-05 -0.0045458960523175598 -0.011330305402859665 -0.023551245486363771 -0.006675259573111202 0.0078562163117500711 0.00087179590590364699 -0.011986503365616769 -0.010186910653306593 -2.8990305171124748e-05 0.0033675502721369046
leaf_weight=76 42 43 136 39 223 30 77 20 22 20 24 26 31 69 50 40 101 115 71 24 57 170 30 21 304 23 325 32 196 45 242 128 236 24 24 1093 96 64 23 35 21 96 58 22 97 20 919 781 192 23 74 34 139 78 50 68 41 35 39 31 50427 748
leaf_count=76 42 43 136 39 223 30 77 20 22 20 24 26 31 69 50 40 101 115 71 24 57 170 30 21 304 23 325 32 196 45 242 128 236 24 24 1093 96 64 23 35 21 96 58 22 97 20 919 781 192 23 74 34 139 78 50 68 41 35 39 31 50427 748
internal_value=2.6676e-12 0.000584752 0.000267138 -0.000550292 -0.000257298 0.0022841 0.00163077 0.00347245 -0.000658034 0.000782149 -0.00363582 -0.00578361 0.00680731 -0.00137234 -0.00581275 7.11143e-05 -0.00123181 -0.000200827 0.00119507 0.000482003 0.00170495 -0.00235698 -0.00729293 0.00277401 0.00100454 0.00211808 -2.87321e-05 -0.00402176 0.00363795 0.00936408 0.00095654 0.000622175 -7.27425e-05 -0.00281284 0.00653062 -2.34204e-05 -0.00107672 -0.00377273 -0.00749731 -0.0171894 -0.00269267 0.00171534 -0.00127541 -0.00299673 -0.00524039 -0.00282505 -6.93977e-06 -3.40413e-05 -0.00138658 -0.00350854 -0.00511913 -0.00647837 -0.00894934 -0.0127276 -0.0161041 -0.00124061 0.00121925 0.000173367 -0.00590488 -0.00381993 1.08126e-05 0.00132353
internal_weight=58440 2737 2306 1226 1161 431 388 215 173 119 96 65 96 89 74 1085 439 338 1080 744 520 224 54 336 463 327 55703 74 291 65 646 606 478 45 95 55629 857 436 175 58 117 421 261 197 139 117 54772 53679 1723 730 538 443 301 162 128 142 95 993 74 54 51956 1529
internal_count=58440 2737 2306 1226 1161 431 388 215 173 119 96 65 96 89 74 1085 439 338 1080 744 520 224 54 336 463 327 55703 74 291 65 646 606 478 45 95 55629 857 436 175 58 117 421 261 197 139 117 54772 53679 1723 730 538 443 301 162 128 142 95 993 74 54 51956 1529
is_linear=0
shrinkage=0.1


Tree=76
num_leaves=63
num_cat=0
split_feature=12 11 11 9 8 7 0 8 9 6 12 7 0 11 3 0 8 12 7 9 12 7 7 3 9 12 1 8 3 10 8 3 1 11 3 1 1 7 0 0 12 9 3 1 1 11 0 8 7 3 9 11 3 1 12 10 12 1 6 12 8 11
split_gain=0.0941404 0.264899 0.353897 0.269962 0.240333 0.0960688 0.256612 0.285265 0.248361 0.221239 0.389775 0.217929 0.368338 0.479912 0.342791 0.385829 0.661089 0.3031 0.612694 0.343674 0.456319 0.59613 0.493371 0.432828 0.33559 0.333759 0.388793 0.479757 0.602672 0.31892 0.31109 0.298717 0.289944 0.369421 0.286586 0.294519 0.259712 0.364016 0.64534 0.32985 0.564615 0.366148 0.307609 0.305019 0.417747 0.278545 0.427691 0.333346 0.269576 0.25742 0.538204 0.347044 0.317496 0.387211 0.286741 0.495047 0.27786 0.250636 0.303899 0.283117 0.373353 0.249892
threshold=7.7621000000000011 1.5614500000000002 2.6118000000000001 75.823000000000008 28.201000000000004 0.88117331841669433 -6.9999999999999991 28.519000000000009 73.969000000000008 -0.43733984355855576 4.1835500000000012 0.80798785254895478 -7.9999999999999991 2.5076500000000004 323.50000000000006 -7.9999999999999991 29.507000000000005 2.9932500000000002 0.48877522411129348 82.001000000000019 5.4637000000000002 0.29958852271690523 0.26659387353423869 280.50000000000006 77.971000000000018 1.1449000000000003 110.00000000000001 27.311000000000007 310.50000000000006 1.6370000000000002 27.535000000000007 289.50000000000006 114.00000000000001 2.7659000000000007 248.50000000000003 108.00000000000001 110.00000000000001 0.3484035575467645 -5.9999999999999991 -5.9999999999999991 5.9367500000000009 77.087000000000032 42.500000000000007 114.00000000000001 111.00000000000001 2.8340500000000004 -6.9999999999999991 25.831000000000007 0.04621408538533487 271.50000000000006 80.411000000000016 2.0255000000000005 293.50000000000006 112.00000000000001 5.2610500000000009 2.3150000000000008 1.8707000000000003 106.00000000000001 -0.82415615971448097 1.5541000000000003 27.261000000000006 2.5261
decision_type=2 2 2 2 2 2 2 2 2 2 2 2 2 2 2 2 2 2 2 2 2 2 2 2 2 2 2 2 2 2 2 2 2 2 2 2 2 2 2 2 2 2 2 2 2 2 2 2 2 2 2 2 2 2 2 2 2 2 2 2 2 2
left_child=5 -2 3 -3 -5 11 9 8 -8 10 -7 14 13 -13 15 16 17 25 19 20 21 22 -19 32 -23 -1 -27 28 -28 30 -25 -31 33 -21 -22 -36 37 45 42 41 49 43 -39 44 -38 -17 47 -47 -48 51 56 54 53 -52 55 -41 -51 -40 -59 -60 -61 -46
right_child=1 2 -4 4 -6 6 7 -9 -10 -11 -12 12 -14 -15 -16 36 -18 18 -20 23 34 24 -24 29 -26 26 27 -29 -30 31 -32 -33 -34 -35 35 -37 39 38 57 40 -42 -43 -44 -45 61 46 48 -49 -50 50 52 -53 -54 -55 -56 -57 -58 58 59 60 -62 -63
leaf_value=-8.780627268512633e-05 0.0062814542149936554 0.0033145850995572042 0.0086318621772431565 -0.0019345830937193055 -0.013978918014715118 -0.0013519881306659528 -0.0094994647392822023 0.00073124640837009269 -0.0011520785274342859 0.00036063132913083406 -0.01517466277970622 -0.00071901877465508973 0.00025538021563448584 0.005043771670339545 -0.0020580113394442394 0.0003707325717112367 -0.015295092187200985 -0.0019205419564872813 0.0024673465968499484 0.00060659934423192648 -0.00070390677535364828 -0.015053082797478171 0.0089332032474949089 0.007335922164023222 -0.0051077546769386674 -0.0037335350523897744 -0.001474753888357708 0.0026605459327998533 -0.014041810305561961 0.0080736072091183268 -0.005785841271281243 -0.0055350371972761221 -0.0020337095802826898 -0.0052765504807351276 0.0062717224693014514 0.00062489371049995147 0.0025069607930229489 -0.0011389960396627431 0.0023133256807485606 -0.007198728945750613 0.0025517155293257703 -0.00078058726907311862 0.0026248040821437507 0.0022950057664599113 -0.0010124670097426478 -0.00068669877318908905 -0.0018716749031223786 -0.0079951902074828652 0.0016185499388169718 -0.00048932817713946979 0.0037063897480419297 0.00095082325992414455 0.0042274508639374084 -0.0049039626571076708 0.00067364776708293871 -0.0007138351590376367 -0.0062068775854360594 0.0020529048289235278 -0.00013833332716697646 -0.013672589537681133 -0.0030124463749358413 0.0015940891574886971
leaf_weight=1316 89 37 31 37 30 136 36 926 3601 4368 24 222 1919 414 797 12275 30 1609 825 2777 1453 47 43 187 122 845 551 283 41 23 20 54 601 111 126 346 543 240 252 172 1127 7672 2280 707 2076 109 469 146 419 128 86 2840 171 133 439 373 253 222 372 36 376 447
leaf_count=1316 89 37 31 37 30 136 36 926 3601 4368 24 222 1919 414 797 12275 30 1609 825 2777 1453 47 43 187 122 845 551 283 41 23 20 54 601 111 126 346 543 240 252 172 1127 7672 2280 707 2076 109 469 146 419 128 86 2840 171 133 439 373 253 222 372 36 376 447
internal_value=-2.23408e-12 0.00204611 -0.000746072 -0.00354142 -0.00732757 -7.87292e-06 -0.000306491 -0.00083574 -0.0012347 0.00022685 -0.00342539 4.73888e-05 0.000946604 0.00303223 -1.94541e-06 3.38548e-05 -0.000469989 -0.000430907 -0.000119602 -0.000403447 -0.00108195 -0.00221673 -0.00163803 0.000270202 -0.00787362 -0.00128648 -0.00220361 -0.000726136 -0.00234511 0.0040243 0.00606812 -0.00147012 -3.5377e-05 0.000380481 -8.48119e-06 0.00213231 0.000201153 0.000475837 0.00134292 -7.39959e-05 0.000545937 -0.000383935 0.00226635 0.000422615 -9.14675e-06 0.0002317 -0.00126141 -0.00487117 -0.000224823 5.3987e-05 -0.00161291 0.00039007 0.000998504 -0.00152273 -0.00122836 -0.00276044 -0.00428602 -0.000506876 -0.00121333 -0.00213821 -0.00394392 -0.000550663
internal_weight=58440 224 135 104 67 58216 9091 4563 3637 4528 160 49125 2555 636 46570 45773 11410 11380 8344 7519 3746 1821 1652 3773 169 3036 1720 875 592 284 207 77 3489 2888 1925 472 34363 17196 3778 17167 5722 11445 2520 3773 3066 13418 1143 255 888 4595 771 3824 390 219 984 545 381 1258 1006 784 412 2523
internal_count=58440 224 135 104 67 58216 9091 4563 3637 4528 160 49125 2555 636 46570 45773 11410 11380 8344 7519 3746 1821 1652 3773 169 3036 1720 875 592 284 207 77 3489 2888 1925 472 34363 17196 3778 17167 5722 11445 2520 3773 3066 13418 1143 255 888 4595 771 3824 390 219 984 545 381 1258 1006 784 412 2523
is_linear=0
shrinkage=0.1


Tree=77
num_leaves=63
num_cat=0
split_feature=12 11 8 12 12 3 0 12 0 3 10 8 9 9 7 2 3 11 11 10 8 8 8 6 3 1 11 10 7 5 3 9 8 11 1 11 8 9 12 12 11 11 1 0 6 6 6 10 6 10 8 2 12 6 12 11 11 8 1 1 12 3
split_gain=0.089935 0.0852054 0.142664 0.145039 0.12024 0.0979138 0.127043 0.258048 0.0958833 0.1426 0.105563 0.0899972 0.0846207 0.087049 0.0790833 0.107885 0.115704 0.366365 0.107428 0.185832 0.192141 0.295583 0.0753021 0.18772 0.0904209 0.126719 0.0950897 0.0867093 0.146142 0.191941 0.200973 0.160171 0.181283 0.174826 0.11894 0.206278 0.104814 0.124042 0.103219 0.136751 0.301645 0.123543 0.100788 0.100479 0.0782237 0.401705 0.249182 0.395727 0.636536 0.490704 0.28853 0.261426 0.414788 0.411069 0.258913 0.239941 0.38371 0.237796 0.328353 0.290593 0.261092 0.230441
threshold=0.09395000000000002 3.4679000000000006 27.161000000000005 1.7677000000000003 0.80390000000000017 364.50000000000006 -6.9999999999999991 1.0446000000000002 -7.9999999999999991 14.500000000000002 3.1090000000000004 27.497000000000007 78.565000000000012 84.681000000000026 -0.99983123799342477 6.5000000000000009 182.50000000000003 2.2604500000000005 2.2011500000000006 6.7810000000000015 27.331000000000007 28.141000000000005 30.313000000000002 -0.97509794945709805 315.50000000000006 112.00000000000001 2.4959000000000002 0.0050000000000000001 -0.091258822863740666 -0.5 241.50000000000003 59.374000000000002 28.879000000000005 2.0127500000000005 110.00000000000001 1.8675500000000003 24.449000000000005 85.461000000000027 3.9707000000000003 5.6015000000000006 2.2604500000000005 2.6627000000000005 106.00000000000001 -5.9999999999999991 0.52766072109828632 0.51297097409535064 0.85673801594079257 0.43100000000000011 0.878110924644389 0.21700000000000005 29.621000000000006 4.5000000000000009 2.5359500000000001 0.9053161325100999 4.2111500000000008 1.9470000000000003 1.8675500000000003 28.891000000000009 110.00000000000001 106.00000000000001 4.3609000000000009 136.50000000000003
decision_type=2 2 2 2 2 2 2 2 2 2 2 2 2 2 2 2 2 2 2 2 2 2 2 2 2 2 2 2 2 2 2 2 2 2 2 2 2 2 2 2 2 2 2 2 2 2 2 2 2 2 2 2 2 2 2 2 2 2 2 2 2 2
left_child=-1 5 3 4 -3 14 11 -8 10 -10 -4 -7 -11 -14 15 -2 17 -17 19 20 -18 -22 27 -24 25 -25 -27 28 29 30 36 33 34 -31 -33 -36 37 -16 -30 40 -40 -42 -38 -44 45 -29 54 48 49 -48 51 53 -53 -49 61 56 -47 -56 59 -59 -60 -46
right_child=1 2 8 -5 -6 6 7 -9 9 12 -12 -13 13 -15 22 16 18 -19 -20 -21 21 -23 23 24 -26 26 -28 44 38 31 -32 32 -34 -35 35 -37 42 -39 39 -41 41 -43 43 -45 46 55 47 50 -50 -51 -52 52 -54 -55 57 -57 -58 58 60 -61 -62 -63
leaf_value=-0.0011266750504260667 0.0032946934737265107 0.0058889913659474656 0.0062650900760975979 0.0062233197037130598 -0.00037059793623305524 -0.0031026069104988238 -0.00021775441065463903 -0.011118620235281878 -0.0044335736725479363 -0.0024088438072398604 0.00087277555708139025 0.0031367059443145988 0.0015340434447342615 -0.0017690409352388054 0.0041864458318841202 -0.001698597091463137 0.00065098677039392952 -0.015110705554252491 0.0028934493826670671 0.0050016087535768756 -0.017850470622735367 -0.0010722944406249249 -0.0079890590081581996 -0.0050062579239238403 -0.0056128903913001222 0.0010012490750879659 0.0090440654062799043 -6.4615152710162391e-05 0.0093872533459216367 -0.0023424556806937538 0.0045990821961197966 -0.003050067843188595 -0.011034395094029606 0.0096665838008953477 -0.003513636763652852 0.0017789805257612337 0.0039648510648286036 -0.0012144606955310641 -0.010324888679986963 0.0033286738136548521 0.0040762948002807343 -0.0047298910882091153 -0.00036364461692875227 0.0023139616967150323 0.00048741069738888337 -0.0045545867825676871 -0.025953250047750773 -0.001582022596976707 -0.0018085795248928564 -0.0038014107791241262 -0.0050662044606724528 -0.0020697613388377554 0.0065174452170419202 0.00025239851239994 0.0018679421167336889 -0.0017517969241790648 -0.019804221023583698 0.0054326580747240984 0.01236368671176024 -0.0050372517028301218 0.00069795420384449758 -0.0011239117465169956
leaf_weight=700 40 41 48 89 122 43 49 39 75 101 149 50 354 103 146 94 34 26 59 25 21 21 41 24 24 49 21 34822 20 22 131 236 20 27 114 208 67 60 26 246 66 21 1082 161 4413 77 20 1460 546 20 112 90 150 7480 2124 194 21 31 20 183 471 1111
leaf_count=700 40 41 48 89 122 43 49 39 75 101 149 50 354 103 146 94 34 26 59 25 21 21 41 24 24 49 21 34822 20 22 131 236 20 27 114 208 67 60 26 246 66 21 1082 161 4413 77 20 1460 546 20 112 90 150 7480 2124 194 21 31 20 183 471 1111
internal_value=2.22328e-12 1.3659e-05 0.000892706 0.00297663 0.0012039 -3.12816e-06 -0.00232526 -0.00504882 0.000259996 -0.000339607 0.00218664 0.000251862 0.000210658 0.000789585 4.31393e-06 -0.00156328 -0.00225728 -0.00460455 -0.000496817 -0.00247727 -0.00493743 -0.00946138 1.32466e-05 -0.0021599 -0.000134517 0.00126422 0.00341409 1.9417e-05 0.000577405 0.000274404 0.000841264 -0.00121462 -0.00167998 0.00427477 -0.0013447 -9.48032e-05 0.000516545 0.00261337 0.00239541 0.00200589 -0.0008738 0.00195066 0.000186816 -1.68267e-05 -8.33337e-06 -9.55878e-05 0.000159724 -0.000180246 -0.00270064 -0.0148773 -2.12967e-05 4.02534e-05 0.00329724 -4.71826e-05 0.000561761 -0.00378918 -0.00782237 0.00133974 -0.000251623 -0.00352058 0.00117314 0.000163338
internal_weight=58440 57740 1082 252 163 56658 181 88 830 633 197 93 558 457 56477 320 280 120 160 101 76 42 56157 159 118 94 70 55998 2653 2274 1647 627 578 49 558 322 1516 206 379 359 113 87 1310 1243 53345 35114 18231 9878 586 40 9292 9180 240 8940 8353 292 98 2829 705 214 491 5524
internal_count=58440 57740 1082 252 163 56658 181 88 830 633 197 93 558 457 56477 320 280 120 160 101 76 42 56157 159 118 94 70 55998 2653 2274 1647 627 578 49 558 322 1516 206 379 359 113 87 1310 1243 53345 35114 18231 9878 586 40 9292 9180 240 8940 8353 292 98 2829 705 214 491 5524
is_linear=0
shrinkage=0.1


Tree=78
num_leaves=63
num_cat=0
split_feature=12 11 11 7 9 11 12 11 8 12 8 9 6 6 6 0 6 3 9 12 12 9 10 8 6 1 9 12 10 6 6 3 1 12 1 12 10 9 8 3 8 6 8 3 10 11 10 11 12 1 11 9 3 9 8 12 11 10 6 11 1 12
split_gain=0.0789696 0.217444 0.301426 0.446072 0.0865172 0.0827582 0.100605 0.0739281 0.164345 0.135786 0.143671 0.130011 0.120844 0.244818 0.119069 0.114531 0.148674 0.140227 0.110011 0.105228 0.104787 0.159648 0.104515 0.122781 0.102508 0.121164 0.0943604 0.110474 0.0932215 0.0924565 0.652191 0.41114 0.321239 0.289431 0.334787 0.278325 0.297193 0.3123 0.326883 0.324946 0.19995 0.198751 0.444872 0.238561 0.244372 0.294889 0.19919 0.256687 0.466265 0.585286 0.253967 0.220534 0.213322 0.22834 0.190987 0.188111 0.381328 0.349858 0.184665 0.18839 0.177463 0.597102
threshold=7.7621000000000011 1.5614500000000002 2.2928500000000005 0.45847758937963173 76.561000000000021 0.93470000000000009 0.33590000000000003 3.3351500000000005 27.161000000000005 1.7300500000000001 24.971000000000004 86.351000000000013 0.81925054981890411 0.63920241694561786 -0.84315017450793706 -7.9999999999999991 -0.84315017450793706 14.500000000000002 81.041000000000011 3.8315000000000006 1.1790000000000003 80.619000000000014 1.9010000000000005 28.081000000000007 -0.90163369914317015 109.00000000000001 89.131000000000014 0.77435000000000009 13.561000000000002 0.98802474685579866 0.9916835347852474 88.500000000000014 108.00000000000001 3.9438000000000009 109.00000000000001 3.0579500000000004 1.3170000000000004 83.847000000000023 28.931000000000008 92.500000000000014 27.521000000000004 0.96465729447553372 28.631000000000007 104.50000000000001 13.811000000000003 2.5261 0.45100000000000012 2.5503500000000003 4.078450000000001 112.00000000000001 2.6751500000000004 77.971000000000018 76.500000000000014 81.52500000000002 28.031000000000006 4.1293000000000015 2.3257000000000008 1.2830000000000001 0.99552231814189451 2.5811000000000006 108.00000000000001 5.5578000000000012
decision_type=2 2 2 2 2 2 2 2 2 2 2 2 2 2 2 2 2 2 2 2 2 2 2 2 2 2 2 2 2 2 2 2 2 2 2 2 2 2 2 2 2 2 2 2 2 2 2 2 2 2 2 2 2 2 2 2 2 2 2 2 2 2
left_child=5 -2 3 -3 -5 6 -1 29 9 14 -11 12 13 15 -9 16 -10 -17 -19 -12 -15 -22 23 -18 -20 -26 28 -28 -16 41 32 33 -31 -32 54 -33 40 38 -38 -40 -37 -7 43 46 45 -45 51 55 52 50 -50 -43 -49 -54 -35 57 -57 -48 -36 -60 61 -44
right_child=1 2 -4 4 -6 7 -8 8 11 10 19 -13 -14 20 26 17 22 18 24 -21 21 -23 -24 -25 25 -27 27 -29 -30 30 31 35 -34 34 58 36 37 -39 39 -41 -42 42 60 44 -46 -47 47 48 49 -51 -52 -53 53 -55 -56 56 -58 -59 59 -61 -62 -63
leaf_value=-0.0017880491793705489 0.0057112734620276256 -0.01676040476357395 0.0048718214688593881 0.0035745927793604717 -0.0043320927396416666 -1.031069508592295e-05 0.0038700277930782999 0.0071232500519337397 -0.0056043538381345577 0.011548896139467378 0.0042503207443985126 -0.0038654943421306599 -0.0020991716597650555 0.0012552044659576104 0.00029528846972229366 -0.0033192685266949687 0.010072039732975621 -0.0010567984433085562 0.0062968539048892424 -0.0021460408224694191 0.014800996932370421 0.004096802165976873 0.001622214923941727 0.00025009856093674901 0.0031350255735426939 -0.00048894479090589671 0.0023431829723099674 -0.0058119287964908169 0.0051527036539259921 -7.8700712146336573e-05 -0.00061141025664647063 -0.00053541540250025168 0.005616007730320751 -0.0058884253766497271 -0.0040098409037454983 0.0038246619502185948 0.0055795107816422607 -0.0007384856290731409 -0.012172915365192154 0.0024495678903027015 -0.0040880176336081193 -0.01480647176947622 0.0030683915622325406 -0.004480540789548057 0.0049320783526839128 -0.016108115582494066 -0.011739046239639603 -0.0095724188401524364 -0.023599217858697688 0.0034686122592538595 -0.010075914496328773 -0.0030826575807569659 0.0032541229568111407 -0.002319627279829714 0.0034647448087630215 -0.00031401043843721881 0.0061555556669831285 -0.00066273174758116305 -0.013648976893164216 -0.0037151590181955341 0.0031903316989547307 -0.015756800195769124
leaf_weight=415 89 22 57 31 25 50766 34 28 24 23 151 80 189 37 204 133 35 384 37 31 22 38 218 20 143 260 26 46 49 141 502 792 333 34 88 45 389 158 21 55 110 21 63 171 23 25 31 29 21 25 41 68 105 245 61 336 125 356 60 28 298 23
leaf_count=415 89 22 57 31 25 50766 34 28 24 23 151 80 189 37 204 133 35 384 37 31 22 38 218 20 143 260 26 46 49 141 502 792 333 34 88 45 389 158 21 55 110 21 63 171 23 25 31 29 21 25 41 68 105 245 61 336 125 356 60 28 298 23
internal_value=9.86579e-13 0.00187401 -0.000655741 -0.00469511 4.48225e-05 -7.2107e-06 -0.0013596 3.30087e-06 0.00057482 0.00205491 0.00410193 6.50093e-05 0.000269191 0.000600517 0.000866137 0.00022612 0.00194162 -0.000306277 0.000180044 0.00316083 0.00544065 0.00802167 0.002605 0.00650042 0.00125947 0.00079698 0.000327063 -0.00286703 0.00123605 -1.90915e-05 0.000539099 -0.00014528 0.00392201 -0.00203314 -0.00466674 0.000784218 0.0021276 0.00310248 0.00440758 -0.00159086 -0.00179079 -4.8888e-05 -0.00102517 -0.00174976 -0.00481935 -0.00596365 -0.00127061 -0.000960512 -0.00284594 -0.00944805 -0.0146564 -0.00584895 -0.00133041 -0.000647502 0.000117294 7.55826e-05 0.00144021 -0.00154998 -0.00724903 -0.0104882 0.00203547 -0.00196625
internal_weight=58440 224 135 78 56 58216 449 57767 2178 558 205 1620 1540 1351 353 1254 297 957 824 182 97 60 273 55 440 403 325 72 253 55589 2817 2343 474 773 271 1570 778 623 465 76 155 52772 2006 1622 219 196 1403 1314 466 87 62 89 379 350 95 848 461 387 176 88 384 86
internal_count=58440 224 135 78 56 58216 449 57767 2178 558 205 1620 1540 1351 353 1254 297 957 824 182 97 60 273 55 440 403 325 72 253 55589 2817 2343 474 773 271 1570 778 623 465 76 155 52772 2006 1622 219 196 1403 1314 466 87 62 89 379 350 95 848 461 387 176 88 384 86
is_linear=0
shrinkage=0.1


Tree=79
num_leaves=63
num_cat=0
split_feature=12 7 2 8 9 10 10 8 1 12 11 10 10 9 12 9 12 7 6 9 8 11 1 0 8 9 12 11 3 3 1 12 10 3 10 8 1 10 9 11 8 11 12 12 3 8 12 10 3 10 12 12 3 11 10 10 3 11 12 12 11 0
split_gain=0.0779586 0.0720205 0.197911 0.20691 0.226174 0.182365 0.221249 0.243903 0.143431 0.122255 0.101757 0.182307 0.121404 0.11038 0.109339 0.0946858 0.0741123 0.0697674 0.246127 0.631197 0.249588 0.225067 0.161543 0.15502 0.162149 0.254761 0.195589 0.152002 0.133666 0.288774 0.36352 0.351623 0.549024 0.412115 0.304099 0.288628 0.235886 0.377012 0.253458 0.281356 0.251513 0.187863 0.194811 0.162017 0.16111 0.159653 0.154725 0.351415 0.155224 0.15195 0.203469 0.203562 0.149693 0.288797 0.415606 0.3319 0.270597 0.207858 0.181575 0.361665 0.31939 0.303192
threshold=0.051950000000000003 -0.99938741687870725 6.5000000000000009 28.011000000000006 82.521000000000029 6.1910000000000016 1.0490000000000002 28.377000000000006 109.00000000000001 0.92125000000000012 2.1536500000000003 6.511000000000001 6.4210000000000012 82.171000000000035 3.8041000000000005 85.051000000000016 5.8182000000000009 0.97832380634958016 -0.159513159777915 76.78100000000002 28.231000000000005 2.3538000000000001 110.00000000000001 -5.9999999999999991 28.879000000000005 75.241000000000014 2.8357000000000006 2.4843500000000005 346.50000000000006 336.50000000000006 111.00000000000001 3.4300500000000005 8.6710000000000012 340.50000000000006 0.33100000000000013 28.113000000000007 113.00000000000001 1.6370000000000002 80.101000000000013 3.0854500000000002 25.445000000000004 2.7207500000000002 5.7419000000000002 5.2610500000000009 343.50000000000006 28.347000000000005 2.3283500000000004 2.2310000000000003 340.50000000000006 3.3170000000000006 4.7607500000000007 4.2368500000000013 328.50000000000006 2.9473000000000007 0.61100000000000021 1.4590000000000003 321.50000000000006 3.3132000000000006 1.4507000000000001 4.4335500000000012 2.1253000000000006 -5.9999999999999991
decision_type=2 2 2 2 2 2 2 2 2 2 2 2 2 2 2 2 2 2 2 2 2 2 2 2 2 2 2 2 2 2 2 2 2 2 2 2 2 2 2 2 2 2 2 2 2 2 2 2 2 2 2 2 2 2 2 2 2 2 2 2 2 2
left_child=-1 2 16 9 5 6 8 -8 -5 -4 11 14 13 -12 15 -11 -2 28 19 21 27 22 -19 24 -20 -26 -27 -21 29 52 31 -31 33 -33 -35 44 38 -38 39 41 -40 42 -30 -37 -36 -39 -32 -48 -49 -42 51 -51 56 54 -54 -55 -3 58 -58 61 -61 -60
right_child=1 17 3 4 -6 -7 7 -9 -10 10 12 -13 -14 -15 -16 -17 -18 18 23 20 -22 -23 -24 -25 25 26 -28 -29 36 30 46 32 -34 34 35 43 37 45 40 -41 49 -43 -44 -45 -46 -47 47 48 -50 50 -52 -53 53 55 -56 -57 57 -59 59 60 -62 -63
leaf_value=-0.0018099868197492962 0.0023655171360930103 7.4905752060247359e-05 -0.005975268897600472 0.0046666230615228415 -0.014221884913580575 0.0038643533191471189 -0.015094669700107156 -0.0011774844379397109 -0.0051383436068529083 -0.011382093962112611 0.0010074191870024572 0.0073719121072263949 -0.0021069532617305716 0.009909497724535565 -0.00064499307513249903 -0.0019944692252292519 -0.0031039891780578889 0.0062589338188990956 3.8722315946775022e-05 -0.0005195344784304915 -0.01199135340936482 0.0099392161609079613 -0.0057988041250500826 -0.0013028497922193049 -0.0070670515438541782 0.00024717209521708464 0.0082112336788738426 -0.0063811956137545742 0.00037044741234980349 -0.0014791657423704804 -0.0010903421996496371 -0.014131635824656664 -0.019112608255818488 0.007888597217746653 -0.0023231434635818007 -0.0030738727189600469 -0.0090530762871451394 -0.0018358213687038405 0.0055172707322616501 -0.0029203992671049811 -0.0032027319767318355 0.0095832950703334061 0.0071829251760457888 0.0095022851720568732 -0.010706337526118241 0.0045318196474071889 -0.0033980260489360342 -0.00023341578538887779 0.0054595176299399402 0.00061490715662745345 0.0068900198113018025 -0.0089456916243458792 -0.013393634303726934 0.012922011899268804 0.00052010955941941492 0.0025468158468834809 -0.00016416265552518945 0.0021644012599341188 -0.0037019009379686656 -0.0087738913861480916 0.0012519075058193671 -0.011217806888027834
leaf_weight=237 170 48621 36 25 23 27 34 20 37 22 26 21 30 30 88 21 29 20 2499 74 50 39 25 879 20 51 78 110 86 732 303 34 28 26 41 21 54 105 91 46 126 80 82 20 52 63 88 65 182 309 48 24 22 34 888 331 346 136 308 37 225 65
leaf_count=237 170 48621 36 25 23 27 34 20 37 22 26 21 30 30 88 21 29 20 2499 74 50 39 25 879 20 51 78 110 86 732 303 34 28 26 41 21 54 105 91 46 126 80 82 20 52 63 88 65 182 309 48 24 22 34 888 331 346 136 308 37 225 65
internal_value=3.78423e-12 7.37019e-06 -0.00104843 -0.00223197 -0.005018 -0.00353765 -0.00526053 -0.00994016 -0.00118473 -0.000544086 0.000277437 -0.00127789 0.00302639 0.00577639 -0.0026645 -0.00679744 0.00156845 1.90903e-05 -0.000392407 -0.00305694 -0.00572626 0.00437902 -0.000439809 -0.000152168 0.000229799 0.0034345 0.00506265 -0.00402379 4.85436e-05 2.55888e-05 -0.00130069 -0.00253643 -0.00602256 -0.00413328 -0.00200863 -0.00392899 0.00113251 -0.00178434 0.00185845 0.00426253 0.000676519 0.00559485 0.00369559 0.00306084 -0.00701052 0.000552044 0.000547116 0.00202816 0.00396138 -0.000192334 0.00080323 -7.4145e-05 6.69789e-05 0.0011369 0.000183733 0.00351327 3.95523e-05 -0.00149932 -0.00200724 -0.00301149 -0.00016395 -0.00501164
internal_weight=58440 58203 639 440 166 143 116 54 62 274 238 152 86 56 131 43 199 57564 3845 318 234 84 45 3527 2648 149 129 184 53719 52605 1592 954 222 194 160 134 1114 222 892 294 598 248 168 41 93 168 638 335 247 507 381 333 51013 1275 910 365 49738 1117 981 635 262 373
internal_count=58440 58203 639 440 166 143 116 54 62 274 238 152 86 56 131 43 199 57564 3845 318 234 84 45 3527 2648 149 129 184 53719 52605 1592 954 222 194 160 134 1114 222 892 294 598 248 168 41 93 168 638 335 247 507 381 333 51013 1275 910 365 49738 1117 981 635 262 373
is_linear=0
shrinkage=0.1


Tree=80
num_leaves=63
num_cat=0
split_feature=3 9 9 9 1 0 0 6 3 1 6 12 6 3 12 11 12 11 11 6 3 11 12 7 12 11 1 12 10 12 9 8 1 6 6 8 11 1 12 1 12 9 3 6 6 3 11 0 12 12 6 0 8 12 5 6 6 8 1 9 6 9
split_gain=0.067549 0.141011 0.214701 0.0653498 0.167076 0.199676 0.198139 0.269912 0.250338 0.213132 0.262311 0.193871 0.23497 0.351587 0.192595 0.256157 0.225687 0.220202 0.180058 0.171787 0.166484 0.153088 0.152713 0.158989 0.156143 0.160734 0.260658 0.177422 0.149255 0.14562 0.144005 0.141716 0.157124 0.133287 0.204593 0.130557 0.637411 0.507911 0.475241 0.31871 0.263558 0.331498 0.389743 0.247544 0.266745 0.240582 0.237722 0.235747 0.415266 0.275472 0.414226 0.215329 0.256898 0.197432 0.196181 0.179137 0.300092 0.460556 0.270858 0.169607 0.415003 0.182548
threshold=364.50000000000006 81.14100000000002 81.861000000000018 87.631000000000014 110.00000000000001 -7.9999999999999991 -6.9999999999999991 0.66527693225344786 60.500000000000007 107.00000000000001 -0.99467753128998015 2.6027 -0.61237985104942771 291.50000000000006 1.5210000000000001 2.2988500000000003 0.4118500000000001 1.7535500000000004 1.4613500000000001 0.67802080537253961 344.50000000000006 1.7000500000000003 3.1838500000000005 -0.50557503990954278 2.2934500000000004 2.9120500000000002 111.00000000000001 1.4145500000000002 11.461000000000002 0.83400000000000019 89.379000000000019 24.971000000000004 109.00000000000001 0.89787622492179153 0.93845596220871974 26.487000000000005 2.8105000000000007 108.00000000000001 1.4874000000000003 114.00000000000001 5.7169000000000008 79.171000000000021 286.50000000000006 -0.91597725483594616 -0.86976336936302323 230.50000000000003 1.7631500000000002 -6.9999999999999991 4.1835500000000012 4.3609000000000009 -0.29343379936893921 -7.9999999999999991 25.445000000000004 4.2631500000000004 1.0000000180025095e-35 -0.56368474752277564 -0.90163369914317015 24.507000000000005 110.00000000000001 83.117000000000019 -0.67803021058859214 86.02300000000001
decision_type=2 2 2 2 2 2 2 2 2 2 2 2 2 2 2 2 2 2 2 2 2 2 2 2 2 2 2 2 2 2 2 2 2 2 2 2 2 2 2 2 2 2 2 2 2 2 2 2 2 2 2 2 2 2 2 2 2 2 2 2 2 2
left_child=3 -2 -3 35 6 18 8 -8 19 10 -10 -12 13 -13 15 16 -11 -16 -6 -5 -20 -18 24 -24 25 -7 29 -28 -9 -27 -19 32 -21 -30 -35 36 37 47 -38 40 41 42 51 -42 -45 -41 -43 49 -49 53 -51 52 -39 59 -50 56 57 -48 -58 60 -1 -61
right_child=1 2 -4 4 5 22 7 28 9 14 11 12 -14 -15 17 -17 21 30 20 31 -22 -23 23 -25 -26 26 27 -29 33 -31 -32 -33 -34 34 -36 -37 38 39 -40 45 43 46 -44 44 -46 -47 55 48 54 50 -52 -53 -54 -55 -56 -57 58 -59 -60 61 -62 -63
leaf_value=-0.010903133222689996 0.0039306386046311153 -0.012503552769443819 -0.0016800349348462381 0.00165701103559293 -0.0058494853735845988 -0.00084059003480142747 -0.0022431441061844522 -0.00070344967636429669 -0.006992390148341656 0.00011151782721343825 3.7819762041585316e-05 0.0044000845644072261 -0.002137942916403214 0.015925204976638026 -0.0078738431240496943 -0.00031064057699040862 0.014353217417374255 0.00026095420532249293 0.0012653649512635624 -0.0026650557871907951 -0.0062445193979768984 0.0049553575675683817 -0.0010811085193251659 -0.0056757070600612957 0.0010607783166818659 -0.0023465320956893264 -0.002984465535773354 0.0036375701427459719 0.00086354534917821495 -0.0097840423514316613 -0.0017717852511635952 0.011306676037005477 0.0074409151822328575 0.014027833038320146 0.0027954937000758948 -2.8665225292338846e-05 0.00023395968194829883 -0.014254799350726835 0.0043276218957105884 -0.0012745710249685437 0.0038523339275477104 -0.0029671704041284897 -0.013714110501709263 -0.0054483589568020165 0.00079341630088638625 -0.0058576535722650175 -0.0050102734187818018 0.0012715687867117019 -0.0018283164609606021 0.0023703544742081062 0.0089862252866664723 -0.00062426572973835193 -0.0031073350695401641 -0.0069758012679151512 -0.009476956606817407 0.00065639583395103967 -0.00028684861314250159 0.0018803548562751821 -0.0047538504850351401 0.003635213438662634 0.0021080226905531053 -4.4288109136938026e-05
leaf_weight=39 35 21 144 322 42 838 685 219 25 102 90 93 30 37 43 410 20 813 618 25 31 130 140 163 275 40 171 53 102 77 610 37 40 24 50 43014 495 29 664 309 245 321 35 75 786 182 121 1025 358 642 111 196 72 33 37 1452 250 489 297 252 66 290
leaf_count=39 35 21 144 322 42 838 685 219 25 102 90 93 30 37 43 410 20 813 618 25 31 130 140 163 275 40 171 53 102 77 610 37 40 24 50 43014 495 29 664 309 245 321 35 75 786 182 121 1025 358 642 111 196 72 33 37 1452 250 489 297 252 66 290
internal_value=-4.34448e-12 -0.00183464 -0.00305757 6.30026e-06 -0.000296373 -0.000944136 0.000109493 -0.00104267 0.000549655 0.000154374 0.00277417 0.00375082 0.00583939 0.00768031 -0.00018418 0.00123153 0.00374062 -0.000823471 0.000496002 0.00278989 0.000906649 0.00620841 -0.00151052 -0.00355279 -0.00108493 -0.00158541 -0.00341579 -0.00141764 0.00103916 -0.0072413 -0.000610424 0.00636625 0.003554 0.00320752 0.00643841 4.33725e-05 0.000392671 6.40606e-05 0.00257925 -0.000557792 -0.000286259 -0.000738565 -0.00373334 0.00104776 0.000249708 -0.00297339 -0.000399225 0.00112315 0.000209981 0.00202804 0.0033456 -0.00255715 -0.00630809 0.000569024 -0.00254477 -8.32766e-05 -0.00101154 0.000513525 -0.00271226 0.000953845 -0.00272469 0.00166648
internal_weight=58440 200 165 58240 6355 2448 3907 1080 2827 2403 275 250 160 130 2128 662 252 1466 691 424 649 150 1757 303 1454 1179 341 224 395 117 1423 102 65 176 74 51885 8871 7712 1159 4859 4368 3262 332 1106 861 491 2930 2853 1420 1433 753 297 101 680 395 2609 1157 610 547 647 105 542
internal_count=58440 200 165 58240 6355 2448 3907 1080 2827 2403 275 250 160 130 2128 662 252 1466 691 424 649 150 1757 303 1454 1179 341 224 395 117 1423 102 65 176 74 51885 8871 7712 1159 4859 4368 3262 332 1106 861 491 2930 2853 1420 1433 753 297 101 680 395 2609 1157 610 547 647 105 542
is_linear=0
shrinkage=0.1


Tree=81
num_leaves=63
num_cat=0
split_feature=11 10 12 11 12 5 12 9 11 6 11 12 8 11 9 12 6 7 1 9 7 11 9 12 3 10 8 6 3 3 3 12 8 8 1 8 10 3 3 10 10 3 10 11 1 3 10 8 0 12 1 8 12 3 9 11 12 12 11 12 3 8
split_gain=0.0660481 0.0676431 0.110215 0.180111 0.157431 0.152519 0.161981 0.141341 0.137059 0.126731 0.146847 0.144262 0.18533 0.193589 0.170621 0.11529 0.128309 0.108536 0.107927 0.1067 0.100582 0.0970525 0.093691 0.16049 0.191495 0.200905 0.0864734 0.0862517 0.431504 0.272574 0.36644 0.57008 0.438801 0.809978 0.614235 0.38022 0.385623 0.300169 0.506936 0.355061 0.34287 0.671475 0.340886 0.333863 0.314733 0.423818 0.246642 0.241809 0.320897 0.539669 0.595309 0.22232 0.206642 0.200828 0.296499 0.198819 0.266678 0.193557 0.191674 0.189836 0.389726 0.379394
threshold=3.6831500000000004 0.0050000000000000001 7.0436500000000004 1.8030000000000002 5.6015000000000006 -0.5 6.3236500000000015 66.812000000000012 1.4613500000000001 -0.8041866928211282 2.1642000000000006 3.3997000000000006 28.951000000000004 2.3202000000000003 66.812000000000012 5.1908500000000002 -0.92923668111203805 -0.97111920233974802 110.00000000000001 75.402000000000015 -0.90161545992537195 1.4855000000000003 64.427000000000007 3.2718000000000003 301.50000000000006 0.86100000000000021 28.367000000000008 -0.97509794945709805 285.50000000000006 267.50000000000006 264.50000000000006 2.2535000000000003 26.421000000000003 27.121000000000006 110.00000000000001 28.323000000000004 1.8650000000000004 273.50000000000006 276.50000000000006 0.83100000000000029 0.77300000000000024 275.50000000000006 0.35100000000000009 2.6883500000000002 112.00000000000001 269.50000000000006 0.23100000000000007 26.029000000000007 -5.9999999999999991 5.9099000000000013 109.00000000000001 28.505000000000006 3.8041000000000005 271.50000000000006 80.669000000000025 2.5376500000000006 3.1201000000000003 3.6015500000000005 2.5076500000000004 5.7927500000000007 282.50000000000006 28.175000000000008
decision_type=2 2 2 2 2 2 2 2 2 2 2 2 2 2 2 2 2 2 2 2 2 2 2 2 2 2 2 2 2 2 2 2 2 2 2 2 2 2 2 2 2 2 2 2 2 2 2 2 2 2 2 2 2 2 2 2 2 2 2 2 2 2
left_child=1 2 3 5 9 6 21 -7 -8 11 17 -5 13 -13 -15 16 -16 -11 19 -6 -4 -1 23 -3 25 -25 -19 28 29 30 52 -32 -33 34 -34 -35 -37 39 40 44 41 42 -39 -43 -31 -46 58 -30 49 50 -49 53 -24 55 -55 56 -41 -57 -40 -48 -61 -62
right_child=-2 22 20 4 18 7 8 -9 -10 10 -12 12 -14 14 15 -17 -18 26 -20 -21 -22 -23 27 24 -26 -27 -28 -29 47 37 31 32 33 35 -36 36 -38 38 46 51 -42 43 -44 -45 45 -47 59 48 -50 -51 -52 -53 -54 54 -56 57 -58 -59 -60 60 61 -63
leaf_value=-0.0063676165312062955 0.0017454174600802449 0.005740083800628782 0.0088936504647135744 -0.008019363673936044 -0.0030863001985265547 -0.011488495639565846 -0.0017292629529644427 -0.0025935527731780895 0.0033299432164117038 0.0044509958752233713 0.0028262136945559177 -0.0019184904680415048 -0.0049041978990620322 0.0094361825939267875 0.0030700691077072406 0.0062574382412195623 -0.0031908378892911795 -0.0011434505516385188 0.0027810683013580161 0.002015485220346312 0.0019544495955314926 -0.0011593506624784794 -0.002896296745806467 -0.0035084826964885 -0.010576033489002537 0.0067683914149908918 0.0056254467961844058 1.0295163898600352e-05 0.0036414210482136064 0.0015723901381729127 0.0047435709319653963 0.00012015181249201609 -0.025648940306794096 -0.0015386029665023671 -0.0049438880513543674 -0.0018359257199335845 -0.018604442683863454 9.5035779706545586e-06 0.0011682698522737173 0.010705568959383528 -0.0011323069565861051 -0.022526913936599158 -0.014354547942057254 -0.0071036345027387154 -0.015100715362156431 -0.0011147108538306126 -0.00074594686297689626 -0.015551100749607114 -0.00012962147244252264 -0.024475162036039614 0.003912538009074827 0.0093100689719581315 0.0012463523441798375 -0.010927041259634755 0.0019560894975438714 0.0034668460650288547 0.00068944099597976951 0.012640469765250127 0.0064306537226869551 0.007698322856158484 0.0069559595647401039 -0.010452334838168275
leaf_weight=40 216 22 25 28 71 23 81 80 158 45 275 201 84 30 64 36 67 335 511 97 127 339 175 110 30 23 20 51653 23 224 63 96 38 128 23 24 32 95 196 32 260 32 20 25 30 78 891 33 40 22 30 62 386 23 80 46 157 46 107 80 21 31
leaf_count=40 216 22 25 28 71 23 81 80 158 45 275 201 84 30 64 36 67 335 511 97 127 339 175 110 30 23 20 51653 23 224 63 96 38 128 23 24 32 95 196 32 260 32 20 25 30 78 891 33 40 22 30 62 386 23 80 46 157 46 107 80 21 31
internal_value=-7.06166e-14 -6.47517e-06 0.000478835 0.000324957 0.000844097 -0.00101718 -0.000423404 -0.0045798 0.00161532 0.000148436 0.00104734 -0.00104129 -0.000635929 0.000264912 0.00249265 0.00124531 -0.000132074 -0.00017563 0.00205817 -0.000140626 0.00309577 -0.00170904 -3.0414e-05 -0.00227708 -0.00335915 -0.00173128 -0.000762104 -2.28983e-05 -0.000492764 -0.000269181 -0.00169958 -0.00399588 -0.0056105 -0.00785598 -0.0178421 -0.00454536 -0.0114179 0.000275116 -0.000448634 0.00191053 -0.0034237 -0.00688744 -0.00248859 -0.0157623 -0.000565523 -0.00499971 0.000520619 -0.00578173 -0.00751559 -0.0109913 -0.0062827 0.00375369 -4.59179e-05 0.00285657 -0.000920726 0.00424113 0.00238529 0.00805366 0.0030266 -0.000221623 0.00331757 -0.00342206
internal_weight=58440 58224 2737 2585 1864 721 618 103 239 1185 675 510 482 398 197 167 131 400 679 168 152 379 55487 185 163 133 355 55302 3649 3501 965 404 341 245 61 184 56 2536 1758 778 432 172 115 57 332 108 1326 148 125 85 63 446 561 384 103 281 189 92 303 1023 132 52
internal_count=58440 58224 2737 2585 1864 721 618 103 239 1185 675 510 482 398 197 167 131 400 679 168 152 379 55487 185 163 133 355 55302 3649 3501 965 404 341 245 61 184 56 2536 1758 778 432 172 115 57 332 108 1326 148 125 85 63 446 561 384 103 281 189 92 303 1023 132 52
is_linear=0
shrinkage=0.1


Tree=82
num_leaves=63
num_cat=0
split_feature=11 3 9 12 1 12 10 3 12 12 6 9 7 7 10 12 11 1 11 10 1 0 1 11 11 10 1 12 9 7 7 0 9 1 0 11 8 3 11 12 10 6 11 0 6 3 1 6 6 6 10 12 11 11 12 3 8 11 6 11 2 7
split_gain=0.0633056 0.0884209 0.093973 0.104952 0.203145 0.0651651 0.0686509 0.131478 0.142103 0.127214 0.267864 0.0835861 0.0835821 0.0750046 0.173893 0.166985 0.625461 0.120276 0.318651 0.193371 0.112591 0.0912623 0.101086 0.089899 0.185173 0.0946602 0.0750793 0.0947582 0.0694193 0.078985 0.0681643 0.0652955 0.0647269 0.15367 0.161631 0.237601 0.200232 0.212758 0.194027 0.405043 0.15108 0.133556 0.129332 0.124294 0.190462 0.174978 0.174251 0.231775 0.238491 0.146365 0.144386 0.143205 0.192069 0.16327 0.139829 0.319058 0.166817 0.122199 0.121528 0.114727 0.112864 0.194065
threshold=0.7552000000000002 50.500000000000007 81.477000000000018 0.21730000000000002 110.00000000000001 0.051950000000000003 46.20000000000001 54.500000000000007 1.5541000000000003 3.6015500000000005 -0.55657520495441892 85.577000000000012 -0.99465740988130902 -0.99938741687870725 0.86100000000000021 4.8123500000000012 1.8030000000000002 108.00000000000001 2.1308500000000001 9.4210000000000012 112.00000000000001 -7.9999999999999991 109.00000000000001 2.2988500000000003 2.5871000000000008 6.511000000000001 110.00000000000001 3.1838500000000005 80.101000000000013 -0.99983123799342477 -0.99983123799342477 -5.9999999999999991 87.631000000000014 110.00000000000001 -7.9999999999999991 1.4613500000000001 26.761000000000006 118.50000000000001 2.0811500000000005 1.5541000000000003 25.537000000000003 -0.70291267844185523 2.7008500000000004 -6.9999999999999991 0.78325454425165997 62.500000000000007 107.00000000000001 -0.99467753128998015 -0.61237985104942771 0.67802080537253961 11.461000000000002 1.4145500000000002 1.6887500000000004 2.7207500000000002 1.3415000000000001 42.500000000000007 25.445000000000004 3.0071000000000008 0.77244481603295057 3.0071000000000008 4.5000000000000009 -0.39827153806311183
decision_type=2 2 2 2 2 2 2 2 2 2 2 2 2 2 2 2 2 2 2 2 2 2 2 2 2 2 2 2 2 2 2 2 2 2 2 2 2 2 2 2 2 2 2 2 2 2 2 2 2 2 2 2 2 2 2 2 2 2 2 2 2 2
left_child=1 -1 -3 -4 -5 -2 13 8 -8 12 -11 -10 -9 14 21 17 20 18 -16 -20 -17 -7 30 25 31 26 -19 -28 29 -24 -23 -25 -15 40 35 -35 42 -38 -39 -40 43 -36 -37 45 54 49 47 -47 -49 -34 -46 53 -53 -48 -45 56 -56 -44 -51 -57 61 -43
right_child=5 2 3 4 -6 6 7 9 11 10 -12 -13 -14 32 15 16 -18 23 19 -21 -22 22 28 24 -26 -27 27 -29 -30 -31 -32 -33 33 34 41 36 37 38 39 -41 -42 60 57 44 50 46 51 48 -50 58 -52 52 -54 -55 55 59 -58 -59 -60 -61 -62 -63
leaf_value=0.0024981125900965361 -0.00165530569581414 0.0013013830735407611 -0.0012877447704474133 -0.001623981473191331 -0.01266752219488544 -0.0026151505660543099 0.0010869097910802918 0.0065267583791865039 0.010891239179181868 0.0040699147246778013 -0.011199033098226344 0.00347885648190076 0.00042699332482560757 5.1366789733178791e-05 0.0024968196940608322 0.005178691169915154 -0.019419473102316259 0.00077607504507476422 -0.013595015236124811 -0.0015204381862921376 -0.0047160177997758856 0.0022807381038243576 -0.0054601933116671343 0.0080704226158559329 -0.0057229072088375689 0.0023109017455197399 -0.009136517763448258 -0.0021269620616092451 0.0042970223545000475 0.0015969568630680442 0.0085728243910566434 0.0012493557200524148 0.0010788374730936168 -0.0080012441001599665 -0.0058847978675308143 0.00095629461089681306 0.0019441403164010909 0.00089729034525314055 0.0018527032483531083 -0.014960859752701304 0.0021362491865316432 -0.0089779948085747865 0.0076692568480323719 -0.0008838802076621315 -0.00059848024772458474 -0.0066560363397002225 0.0024854473085820488 0.0058020358079949753 -0.0023372193376417273 0.0098159415758345865 0.0041799202139081899 -0.0099626756407340741 -0.00074755208227859861 -0.0014940981040126645 -0.016647692999014488 -0.002935019359409291 -0.0046644813647227631 0.00097600814212668455 0.0026999846910863807 0.0050575922289863226 -0.00011114822840681884 -0.0016081708859042863
leaf_weight=42 235 47 75 36 31 47 88 24 32 20 27 29 351 50708 40 23 25 37 36 21 23 36 29 36 20 47 30 54 29 35 33 23 275 32 65 350 72 33 23 38 334 37 65 423 172 24 304 144 48 40 100 23 1362 156 26 176 21 47 60 20 560 1041
leaf_count=42 235 47 75 36 31 47 88 24 32 20 27 29 351 50708 40 23 25 37 36 21 23 36 29 36 20 47 30 54 29 35 33 23 275 32 65 350 72 33 23 38 334 37 65 423 172 24 304 144 48 40 100 23 1362 156 26 176 21 47 60 20 560 1041
internal_value=-9.72151e-14 -0.00165217 -0.00257446 -0.00385731 -0.00673368 6.55657e-06 1.3293e-05 0.00110437 0.00365808 0.000202704 -0.00470161 0.00736732 0.000817378 2.43981e-06 -0.00108794 -0.00227261 -0.00668796 -0.00136131 -0.00434512 -0.00914649 0.000231337 0.0012644 0.00238995 -0.000189523 0.00259256 -0.00149776 -0.00297716 -0.00463037 0.000238296 -0.00160081 0.00529 0.00541136 1.44231e-05 -0.000294149 -0.000924385 0.00040413 0.000832429 -0.00214646 -0.00527968 -0.00862132 0.000107482 -0.00143925 0.00190276 -9.33508e-05 -0.00107146 0.000283279 -7.82383e-05 0.00260908 0.00376722 0.00227018 0.00115828 -0.000392851 -0.000900583 0.00113586 -0.00198211 -0.00389385 -0.0112935 0.00486048 0.00554637 -0.00211945 -0.00126284 -0.00186112
internal_weight=58440 231 189 142 67 58209 57974 571 149 422 47 61 375 57403 624 415 71 344 97 57 46 209 162 247 79 168 121 84 93 64 69 59 56779 6071 2363 660 628 166 94 61 3708 1703 462 3374 938 2436 2061 216 192 375 272 1845 1385 460 666 243 47 112 100 196 1638 1078
internal_count=58440 231 189 142 67 58209 57974 571 149 422 47 61 375 57403 624 415 71 344 97 57 46 209 162 247 79 168 121 84 93 64 69 59 56779 6071 2363 660 628 166 94 61 3708 1703 462 3374 938 2436 2061 216 192 375 272 1845 1385 460 666 243 47 112 100 196 1638 1078
is_linear=0
shrinkage=0.1


Tree=83
num_leaves=63
num_cat=0
split_feature=12 8 7 11 11 11 7 7 0 9 12 11 10 6 6 12 11 1 10 1 9 12 12 11 9 9 9 12 12 9 10 6 8 6 3 6 10 12 12 7 7 7 3 1 11 9 1 0 7 8 11 10 1 8 11 1 7 10 8 1 2 3
split_gain=0.0567622 0.174054 0.156047 0.140114 0.0669766 0.0946794 0.129147 0.0651633 0.248083 0.233886 0.230314 0.253403 0.346691 0.593582 0.387563 0.361591 0.302189 0.244519 0.236741 0.234988 0.273295 0.228318 0.200001 0.295354 0.296886 0.232664 0.275491 0.199354 0.26928 0.260289 0.201729 0.18512 0.161219 0.175556 0.427019 0.187405 0.363379 0.15123 0.201709 0.200093 0.196414 0.301739 0.222943 0.17501 0.164819 0.162782 0.14963 0.14562 0.584437 0.487723 0.473108 0.460761 0.306163 0.690647 0.469965 0.41841 0.386302 0.451497 0.335693 0.256361 0.270445 0.396242
threshold=7.7621000000000011 28.193000000000008 0.77652048701313048 2.3876500000000003 1.5614500000000002 2.2878000000000003 0.95936279103287792 0.90438663683299525 -5.9999999999999991 80.619000000000014 1.6242000000000003 2.9569000000000005 2.5790000000000006 0.21022171450811275 -0.34235669412071207 4.2368500000000013 2.6185000000000005 107.00000000000001 0.35100000000000009 113.00000000000001 78.28900000000003 5.625700000000001 5.5088500000000016 2.3202000000000003 76.78100000000002 79.545000000000016 83.161000000000016 6.796450000000001 6.0721000000000007 80.76100000000001 5.6030000000000015 -0.14250824554987665 28.335000000000004 0.39036257410962044 24.500000000000004 -0.26037633224328088 1.9810000000000005 5.625700000000001 5.5088500000000016 0.93469109537144635 0.94636490295939868 0.95436825032516992 344.50000000000006 111.00000000000001 2.6058000000000008 82.567000000000021 110.00000000000001 -7.9999999999999991 0.78724360164103002 29.507000000000005 2.7143000000000002 0.7210000000000002 111.00000000000001 28.041000000000007 2.7354000000000007 113.00000000000001 0.5475998096715059 1.6730000000000003 27.041000000000007 110.00000000000001 10.500000000000002 305.50000000000006
decision_type=2 2 2 2 2 2 2 2 2 2 2 2 2 2 2 2 2 2 2 2 2 2 2 2 2 2 2 2 2 2 2 2 2 2 2 2 2 2 2 2 2 2 2 2 2 2 2 2 2 2 2 2 2 2 2 2 2 2 2 2 2 2
left_child=7 4 3 -3 -2 6 -6 47 9 10 -9 12 13 14 -12 16 -14 -15 -13 20 -16 46 32 31 -25 -26 -27 28 29 30 -11 -24 33 35 -35 36 -10 38 40 -39 42 -42 43 -31 -44 -41 -20 48 49 52 51 -50 54 55 -1 58 -56 -58 -54 -49 -61 -62
right_child=1 2 -4 -5 5 -7 -8 8 22 27 11 18 15 17 19 -17 -18 -19 21 -21 -22 -23 23 24 25 26 -28 -29 -30 37 -32 -33 -34 34 -36 -37 -38 39 -40 45 41 -43 44 -45 -46 -47 -48 59 50 -51 -52 -53 53 -55 56 -57 57 -59 -60 60 61 -63
leaf_value=-0.00047630418953621082 0.0060116262055731461 -0.0087414854775286384 0.0043040239286643491 0.0013881249353289605 -0.0066806926180354572 0.006145771187064903 0.0042829671264847831 -0.001140510901513373 -0.015149072263962948 -0.0010535251917176401 -0.0094769505983484659 0.012494210115255555 -0.010436146813802996 -0.018388739352424941 0.0046466609891540108 0.0057908973539015285 0.0015512757875363935 -0.0054093996062874799 0.0020038475526962429 -0.0023601507255399043 -0.0026677847176677354 -0.0066192454968889555 -0.015211700738379449 0.0051852323630425549 -0.013948701137930834 0.0034594911981273343 -0.010297147983995577 -0.0077153806467928623 0.0054341894472245038 -0.0019406377742418766 -0.012110647384366586 -0.003669152686294789 0.00047565272568231851 -0.016991564802204571 0.0013409193372353912 -0.000764572039825103 -0.0024501338242566952 0.0037356950511986558 0.0084427333018673514 -0.0022409791367188577 0.0032627837539152393 -0.00013607514988884582 -0.010517832417972387 0.00081403657764291698 -0.0029439668474415337 -0.012488949731472999 0.0070928066386841239 0.00039572089963007341 -0.011782392641180195 -0.012991301623743871 0.0041071626347831203 0.0006146993038710207 -5.2142906480011132e-07 0.0046974977178926699 -0.0039122479701774113 -0.001128714583151116 0.0088172605014406151 -0.0013839396690078813 0.0026924460762683903 7.0668259543445084e-06 -0.010485389656904672 -0.00099809831234562549
leaf_weight=5663 68 36 27 22 22 28 21 343 26 33 35 32 26 21 226 225 110 47 130 114 66 21 33 42 22 37 24 36 82 573 33 24 577 24 27 1038 169 22 27 31 287 2905 40 386 102 31 104 18812 32 31 529 475 1459 318 802 2121 50 328 678 16715 45 2027
leaf_count=5663 68 36 27 22 22 28 21 343 26 33 35 32 26 21 226 225 110 47 130 114 66 21 33 42 22 37 24 36 82 573 33 24 577 24 27 1038 169 22 27 31 287 2905 40 386 102 31 104 18812 32 31 529 475 1459 318 802 2121 50 328 678 16715 45 2027
internal_value=1.58118e-12 0.00158881 -0.00197584 -0.00489922 0.00376863 0.0016204 -0.00132635 -6.11332e-06 -0.000268694 5.12869e-05 0.00113529 0.00180997 0.000959964 -0.000721187 0.000619776 0.00333034 -0.000740437 -0.00941773 0.00438663 0.00149018 0.0029934 0.00336921 -0.00122221 -0.00438609 -0.00166578 -0.00513255 -0.00195296 -0.000303117 -0.000244496 -0.000348669 -0.00658209 -0.0103517 -0.000912797 -0.00153673 -0.00728613 -0.00129892 -0.00414333 -0.000255253 -0.00017354 -0.00445765 -0.00022773 0.000169524 -0.00137944 -0.000831874 -0.00507745 -0.00736496 0.00426561 3.6515e-05 -0.000259377 -0.000465172 0.00201509 -0.00016776 -0.000431166 0.000202036 -0.000854596 -0.000133698 -0.00267008 -3.45746e-05 0.000853869 0.000134776 -0.000126517 -0.00120414
internal_weight=58440 224 85 58 139 71 43 58216 8131 6088 1500 1157 870 509 441 361 136 68 287 406 292 255 2043 182 125 83 61 4588 4552 4470 66 57 1861 1284 51 1233 195 4404 4320 84 4293 3192 1101 959 142 62 234 50085 12486 11450 1036 507 11419 4576 6843 4258 1180 378 2137 37599 18787 2072
internal_count=58440 224 85 58 139 71 43 58216 8131 6088 1500 1157 870 509 441 361 136 68 287 406 292 255 2043 182 125 83 61 4588 4552 4470 66 57 1861 1284 51 1233 195 4404 4320 84 4293 3192 1101 959 142 62 234 50085 12486 11450 1036 507 11419 4576 6843 4258 1180 378 2137 37599 18787 2072
is_linear=0
shrinkage=0.1


Tree=84
num_leaves=63
num_cat=0
split_feature=12 7 11 11 6 8 11 10 9 12 8 10 11 11 6 9 12 10 11 12 6 6 9 1 8 10 1 11 0 6 8 7 11 11 1 11 11 12 11 0 12 9 3 10 9 1 11 12 0 10 6 11 12 1 1 0 9 8 11 8 8 11
split_gain=0.0555219 0.0832338 0.0563116 0.0647289 0.0548067 0.203319 0.306386 0.212904 0.269067 0.40874 0.188391 0.177879 0.155015 0.137067 0.123674 0.244388 0.192988 0.188079 0.187902 0.231731 0.182368 0.426207 0.336495 0.248293 0.24525 0.277692 0.177673 0.213473 0.36008 0.1715 0.309472 0.220863 0.24045 0.308361 0.27052 0.257921 0.233072 0.344997 0.519417 0.232838 0.21901 0.279319 0.193893 0.172348 0.207785 0.247141 0.4253 0.239013 0.170636 0.167592 0.159489 0.147258 0.145579 0.149084 0.230493 0.144694 0.17613 0.14272 0.167202 0.151934 0.141752 0.140554
threshold=0.10810000000000002 -0.61236746317008228 1.2195500000000001 2.2333000000000003 0.99865421017599998 29.071000000000005 2.3319500000000004 1.4590000000000003 82.819000000000031 2.8043 27.549000000000007 3.6210000000000009 2.2167500000000007 2.9199500000000005 0.99552231814189451 76.887000000000015 3.9707000000000003 3.4210000000000003 2.1308500000000001 5.3499500000000006 0.98802474685579866 0.9916835347852474 89.51700000000001 108.00000000000001 27.221000000000007 1.0190000000000003 110.00000000000001 2.5811000000000006 -7.9999999999999991 0.96465729447553372 28.631000000000007 -0.20180761162458913 2.6058000000000008 2.5139 113.00000000000001 1.9194000000000002 2.5503500000000003 4.383700000000001 2.6751500000000004 -5.9999999999999991 4.1031500000000003 82.385000000000034 76.500000000000014 3.4210000000000003 76.209000000000017 108.00000000000001 2.4663500000000007 4.2853000000000003 -5.9999999999999991 2.7670000000000008 0.98372640911059162 2.3929000000000005 4.6933500000000006 109.00000000000001 111.00000000000001 -5.9999999999999991 81.28900000000003 28.519000000000009 2.6252500000000007 27.871000000000006 28.251000000000008 3.1645000000000008
decision_type=2 2 2 2 2 2 2 2 2 2 2 2 2 2 2 2 2 2 2 2 2 2 2 2 2 2 2 2 2 2 2 2 2 2 2 2 2 2 2 2 2 2 2 2 2 2 2 2 2 2 2 2 2 2 2 2 2 2 2 2 2 2
left_child=1 -1 -3 -4 14 7 -7 10 9 11 -6 -9 -12 -11 20 17 26 -16 -18 52 29 23 24 55 -23 -26 27 -17 -29 -2 31 32 33 34 40 -36 49 42 -39 -40 41 -31 -38 44 -32 46 -46 -47 -27 50 -33 -42 53 -20 -55 56 -22 59 -59 -50 -21 -28
right_child=4 2 3 -5 5 6 -8 8 -10 13 12 -13 -14 -15 15 16 18 -19 19 60 21 22 -24 -25 25 48 61 28 -30 30 43 36 -34 -35 35 -37 37 38 39 -41 51 -43 -44 -45 45 47 -48 -49 57 -51 -52 -53 -54 54 -56 -57 -58 58 -60 -61 -62 -63
leaf_value=-0.0037293962844604151 2.6819872240907677e-05 -0.0024909288535620703 0.00042124039945419002 -0.0017289898601548792 0.0035546204208263331 0.00092154995804386497 -0.013936110634518706 -0.0049504996438582355 -0.00028182732703815899 0.0071116039778680003 -0.001473898716914632 0.0018729964030272741 -0.011095080863698528 -0.0011963554869659923 0.00059233553532976656 0.0010121501204509711 0.001317462129701002 0.011941033067262692 -0.00062373361132782084 -0.017883643647655847 -0.0070341060211649171 0.0036864455160189498 -0.012290341423257538 0.0050437634451464784 -0.0077465466327372601 -0.0016768121576522677 0.0019170176060950232 -0.016241864722299701 -0.0027754298085852971 -0.015114348863484339 -0.0012743299965419482 -0.0029192110878291863 0.0049410949685964097 -0.016590745304711163 -0.0045838013625082875 -0.019244445385411382 -0.0087515799857261732 -0.020998462072263163 -0.0096522293088060832 0.0037407401781529188 -0.0012271957259144984 -0.0028884277038741858 -0.00087602008164130616 -0.0012104888932747376 -0.0094145013985258569 0.00094610316786778782 0.0095602762818868675 0.010157665253823831 -0.0017769431983849602 0.0011913977464306676 0.0025547336321324111 0.0076726288661699412 0.00018527397675619973 -0.017928698100149632 -0.00397423426941808 0.0055458578426623717 0.0013516332413141144 -0.0057504295789198405 0.0051511655328795314 0.007719111582911057 -0.007015037991416952 -0.0068185067968443043
leaf_weight=86 52591 118 540 189 28 35 23 52 373 204 34 144 33 22 40 97 51 23 29 20 40 141 23 333 55 267 233 24 115 25 74 245 29 20 30 20 34 24 27 25 120 74 388 138 27 41 21 90 23 527 68 22 62 20 29 36 67 34 24 63 30 20
leaf_count=86 52591 118 540 189 28 35 23 52 373 204 34 144 33 22 40 97 51 23 29 20 40 141 23 333 55 267 233 24 115 25 74 245 29 20 30 20 34 24 27 25 120 74 388 138 27 41 21 90 23 527 68 22 62 20 29 36 67 34 24 63 30 20
internal_value=7.11237e-13 -0.000765238 -0.000464273 -0.000136227 1.24153e-05 0.000766471 -0.00497028 0.00114033 0.00167498 0.00340458 -0.0033339 6.26811e-05 -0.00621269 0.00630286 -2.2361e-07 -0.00124026 -0.00175598 0.00473551 -0.00407204 -0.0055187 1.74099e-05 0.00128871 -0.000417635 0.0035471 3.22366e-05 -0.00107344 -0.000614531 -0.00258814 -0.00510057 -8.31369e-06 -0.000901358 -0.00149173 -0.00376763 -0.0045797 -0.0037542 -0.0104481 -0.000913395 -0.00262752 -0.00882967 -0.0032133 -0.00236543 -0.00597578 -0.00151054 0.00163224 0.00318282 0.00502544 -0.00111304 0.00727466 -0.000180441 0.000102835 -0.00172998 0.00015165 -0.00343163 -0.0063066 -0.00966993 6.18606e-05 -0.00178322 0.00259408 -0.00123942 0.00517947 -0.0113625 0.00122646
internal_weight=58440 933 847 729 57507 948 58 890 795 422 95 196 67 226 56559 793 730 63 241 190 55766 1106 630 476 607 466 489 236 139 54660 2069 1678 340 311 291 50 1338 498 76 52 241 99 422 391 253 179 48 131 411 840 313 142 140 78 49 143 107 144 58 86 50 253
internal_count=58440 933 847 729 57507 948 58 890 795 422 95 196 67 226 56559 793 730 63 241 190 55766 1106 630 476 607 466 489 236 139 54660 2069 1678 340 311 291 50 1338 498 76 52 241 99 422 391 253 179 48 131 411 840 313 142 140 78 49 143 107 144 58 86 50 253
is_linear=0
shrinkage=0.1


Tree=85
num_leaves=63
num_cat=0
split_feature=11 8 9 12 2 11 8 3 6 6 10 0 1 3 9 6 10 12 11 6 6 8 6 3 1 10 8 12 6 12 3 12 0 11 7 6 8 9 12 8 8 12 10 6 2 3 1 7 12 8 6 6 12 11 11 12 9 9 6 8 1 11
split_gain=0.0554994 0.132521 0.102498 0.100125 0.103084 0.0982022 0.200994 0.0958949 0.113581 0.173109 0.0979474 0.11778 0.116971 0.106973 0.110417 0.101023 0.112109 0.148234 0.0942797 0.093633 0.0947304 0.0936097 0.0923814 0.088617 0.0835829 0.0750464 0.159153 0.11821 0.0754843 0.108278 0.0743246 0.126447 0.180411 0.0738524 0.0846694 0.0722672 0.068031 0.0651132 0.065073 0.0648414 0.069372 0.0622568 0.0598562 0.0596497 0.402406 1.63631 1.02773 0.298472 0.355535 0.245368 0.329696 0.241975 0.289075 0.247092 0.197717 0.302416 0.166498 0.163833 0.154259 0.212424 0.16648 0.184389
threshold=3.3351500000000005 27.161000000000005 86.351000000000013 1.7677000000000003 2.5000000000000004 3.4679000000000006 26.611000000000004 8.5000000000000018 0.81925054981890411 0.63920241694561786 0.69100000000000017 -7.9999999999999991 111.00000000000001 327.50000000000006 83.661000000000016 -0.8781231054254196 1.6370000000000002 5.1908500000000002 3.3815000000000004 -0.86976336936302323 -0.95754239937548935 27.851000000000006 -0.84315017450793706 46.500000000000007 109.00000000000001 4.7990000000000013 27.509000000000004 2.7704500000000007 0.87397152483179585 2.0495000000000005 364.50000000000006 1.7677000000000003 -6.9999999999999991 3.3815000000000004 0.90803977035715633 -0.77245553105869302 28.131000000000004 88.325000000000003 0.77435000000000009 26.931000000000008 27.101000000000006 1.4145500000000002 1.9010000000000005 0.71503381463111937 4.5000000000000009 120.50000000000001 110.00000000000001 -0.42958798411962301 6.2575500000000011 29.621000000000006 0.94138322595482449 0.8697513045430848 5.1908500000000002 2.5503500000000003 2.8587500000000006 1.5868500000000003 78.841000000000022 82.777000000000029 0.72695311118111527 27.161000000000005 110.00000000000001 2.5319000000000007
decision_type=2 2 2 2 2 2 2 2 2 2 2 2 2 2 2 2 2 2 2 2 2 2 2 2 2 2 2 2 2 2 2 2 2 2 2 2 2 2 2 2 2 2 2 2 2 2 2 2 2 2 2 2 2 2 2 2 2 2 2 2 2 2
left_child=30 3 7 22 -5 6 -6 36 9 10 19 12 13 33 -15 21 24 -18 -11 20 -9 -13 -2 -20 -17 27 -27 -10 -28 -30 43 -32 -33 -12 -35 -21 -3 39 -39 42 -41 -14 -24 -1 45 47 -47 48 56 58 -51 54 53 57 -46 -56 -45 -53 59 -49 -61 -62
right_child=1 2 -4 4 5 -7 -8 8 25 18 11 15 41 14 -16 16 17 -19 23 35 -22 -23 37 -25 -26 26 28 -29 29 -31 31 32 -34 34 -36 -37 -38 38 -40 40 -42 -43 -44 44 51 46 -48 49 -50 50 -52 52 -54 -55 55 -57 -58 -59 -60 60 61 -63
leaf_value=-7.246757997381528e-05 0.006342511547596328 -0.0010101878964393349 -0.003452411375474185 0.0067825717931983111 0.0052206055660332954 0.0052022509655745876 -0.0050968426200220501 -0.0016375765035098249 -0.0086528234250555901 0.010451133791154818 -0.0057500432555874191 -0.0019668000580912288 0.0022258569442090534 0.008043936631069162 -0.00036917442742448589 -0.00086798463733150401 -0.00017330007894369152 0.0078292634648581341 0.0067738710184182442 0.0046686919605625531 -0.011146757062524557 0.0057316347856872854 -0.0027538890208234079 -0.00015732156387410868 -0.0090517167331806078 -0.0083200589853471944 -0.0041175740105765203 -0.00011466352208968133 -0.0011217320372816175 0.006148068903989736 -0.00013521484324566859 -0.0014748961991957717 -0.012753164349123837 -0.0012822729735993423 0.0050014576067042077 -0.0035326290325346319 -0.0062528071349815424 0.0018460102951420206 -0.0034225267035112731 -0.0039100629530730664 0.0030810544595376334 0.0090429154809916739 0.0030868181142259155 0.002141502021876132 0.0013108040838840807 -0.036303883973741902 -0.0042456392152234916 -0.0020044162284018688 -0.013602911539513757 -0.013729351647198202 0.0004650419541980632 -0.0044936189039920769 0.016668013203889134 0.012857919783246789 -0.011895249993540347 -0.0001869632790868099 -0.0027254158440440427 0.0047828962556862586 8.3339423532736995e-05 0.0018358063269055117 0.0039737960584547921 0.015772582026189554
leaf_weight=42004 28 91 80 68 35 55 41 22 34 23 21 22 21 39 26 26 651 24 35 21 20 56 20 39 24 21 21 31 40 42 115 37 23 65 32 22 34 35 71 40 22 37 143 87 2266 20 20 52 27 30 36 33 20 22 28 104 366 45 10821 53 27 26
leaf_count=42004 28 91 80 68 35 55 41 22 34 23 21 22 21 39 26 26 651 24 35 21 20 56 20 39 24 21 21 31 40 42 115 37 23 65 32 22 34 35 71 40 22 37 143 87 2266 20 20 52 27 30 36 33 20 22 28 104 366 45 10821 53 27 26
internal_value=1.0252e-12 0.000495299 3.7502e-05 0.00182439 0.00362356 0.00198377 -0.000345386 0.000218796 0.000453335 0.000805106 0.000456806 0.000722578 0.00266139 0.00142111 0.00467869 0.000140694 -0.000227207 0.000111236 0.00485903 -0.0028075 -0.00616576 0.00356028 0.000827073 0.00312095 -0.00479618 -0.00182853 -0.000385812 -0.00458078 0.00123185 0.00260182 -1.91739e-05 -0.00207682 -0.00579823 -0.000373322 0.00079071 0.000472667 -0.00243618 0.00036051 -0.00168292 0.00132319 -0.00142934 0.00657467 0.00237017 -1.27537e-05 0.000165349 -8.40757e-05 -0.0202748 -1.39996e-05 -0.00245515 9.20891e-05 -0.00598696 0.00131094 0.00569313 0.00349815 0.00109165 -0.00267054 -0.00179071 0.000858217 0.000128633 0.00323068 0.00579884 0.00976188
internal_weight=58440 2178 1620 558 199 131 76 1540 1415 1226 1129 1044 241 183 65 803 725 675 97 85 42 78 359 74 50 189 124 65 103 82 56262 175 60 118 97 43 125 331 106 225 62 58 163 56087 14083 11565 40 11525 480 11045 66 2518 120 100 2398 132 453 78 10979 158 106 53
internal_count=58440 2178 1620 558 199 131 76 1540 1415 1226 1129 1044 241 183 65 803 725 675 97 85 42 78 359 74 50 189 124 65 103 82 56262 175 60 118 97 43 125 331 106 225 62 58 163 56087 14083 11565 40 11525 480 11045 66 2518 120 100 2398 132 453 78 10979 158 106 53
is_linear=0
shrinkage=0.1


Tree=86
num_leaves=63
num_cat=0
split_feature=10 11 6 9 9 6 12 5 12 6 3 8 3 10 0 11 11 7 11 3 8 0 8 6 1 4 6 4 6 12 9 8 8 11 11 12 7 6 1 6 7 11 12 12 0 0 9 11 9 8 8 1 3 12 3 8 8 8 9 3 11 12
split_gain=0.056825 0.215886 0.389055 0.354465 0.280128 0.282163 0.264526 0.263208 0.516533 0.344574 0.30297 0.29613 0.300279 0.338434 0.284591 0.397444 0.348069 0.287151 0.360917 0.309068 0.276194 0.275942 0.259543 0.204482 0.200428 0.195808 0.344688 0.371875 0.774854 0.351381 0.342239 0.258515 0.339815 0.337366 0.250391 0.251908 0.249661 0.35193 1.00957 0.353921 0.338334 0.259741 0.6426 0.391367 0.396499 0.297833 0.289862 0.276694 0.250793 0.241361 0.315042 0.235902 0.245128 0.319657 0.299776 0.316586 0.259344 0.231829 0.365795 0.440436 0.377185 0.217987
threshold=2.9010000000000007 2.5568500000000003 0.98667101781630195 81.435000000000016 80.049000000000021 0.99761913169647187 4.8793000000000015 -0.68301270189221952 4.9452000000000007 -0.47558551945199218 136.50000000000003 28.993000000000006 146.50000000000003 0.74900000000000022 -7.9999999999999991 2.4039500000000005 2.3876500000000003 -0.99052477729077237 1.8894000000000002 184.50000000000003 27.121000000000006 -6.9999999999999991 27.101000000000006 -0.99985146406598202 111.00000000000001 -0.93301270189221908 -0.94705910369513524 -0.6830127018922193 -0.85227431625818906 1.8707000000000003 75.823000000000008 26.671000000000006 26.177000000000007 2.2271000000000005 2.4323000000000001 5.6492500000000012 -0.20180761162458913 -0.44504625642270151 108.00000000000001 -0.048361574224334618 -0.082691941062253513 2.1855500000000005 3.9438000000000009 5.9099000000000013 -7.9999999999999991 -6.9999999999999991 78.841000000000022 2.5631000000000008 81.041000000000011 28.861000000000008 27.941000000000006 112.00000000000001 266.50000000000006 5.5578000000000012 260.50000000000006 27.001000000000005 28.175000000000008 27.161000000000005 79.709000000000017 288.50000000000006 2.8859000000000008 3.8041000000000005
decision_type=2 2 2 2 2 2 2 2 2 2 2 2 2 2 2 2 2 2 2 2 2 2 2 2 2 2 2 2 2 2 2 2 2 2 2 2 2 2 2 2 2 2 2 2 2 2 2 2 2 2 2 2 2 2 2 2 2 2 2 2 2 2
left_child=1 7 23 4 6 -6 -4 9 -9 24 22 14 13 -13 15 17 -16 18 -12 20 -20 -14 -11 -3 -1 51 29 -28 -29 -27 -31 32 -32 -33 -35 57 37 38 -30 -39 -38 43 45 48 -45 47 -46 -43 -41 50 -44 52 54 -54 55 -2 -56 -36 59 -59 -60 -50
right_child=25 2 3 -5 5 -7 -8 8 -10 10 11 12 21 -15 16 -17 -18 -19 19 -21 -22 -23 -24 -25 -26 26 27 28 36 30 31 33 -34 34 35 -37 40 39 -40 41 -42 42 49 44 46 -47 -48 -49 61 -51 -52 -53 53 -55 56 -57 -58 58 60 -61 -62 -63
leaf_value=0.0077658773220514845 0.00016498444787568496 -0.0059171889533495741 -0.0011377622805695956 0.0011967741045073661 -0.014841905565311512 -0.0023216314415913076 -0.013088218694818871 -0.0012473903714138829 0.00010887235215802256 -0.00068353718178477312 -0.001063720401344459 -0.0028412581656742444 -0.011754219711292535 -0.013161654097105688 0.00035841485745649973 -0.010570358663723555 0.0037633353655473914 -8.9205554951241072e-05 -0.0034121269515405097 -0.00074738754310355699 -0.016695838524028658 0.00052125114014893686 0.0025031631078801654 0.00084825595683230698 0.0007302991095997826 5.9058549307993361e-05 0.0015102902980810452 -0.010991133346441062 -0.022569706458253444 0.0045906290316700257 -0.0045667591284048589 0.0031618814175838937 0.0057382051585742984 -0.016019142727988461 -0.0011560094319878424 0.0031723257806152111 0.0021304842798033742 0.0014563636018109444 0.0038799615479224638 -0.0017626521279252587 -4.722711720493723e-05 -0.0012488950007285443 -0.0012224985650391318 0.0030520164689637331 -0.0010211365406091015 7.0207043715103546e-05 -0.012994968945971661 -0.004930031761681138 -0.00028405778680712335 -0.00095180995749020265 -0.0082688532942243494 -0.0020142193630655839 0.0059344198654578996 -0.0052757903227004521 -0.0012252107041426715 0.0047123194871936001 -0.012564164130827008 0.0018052841473147462 -0.017707475872769479 -0.015226546920497309 -0.0057204168734865061 0.001782039710709001
leaf_weight=98 395 45 157 170 45 30 21 4233 8342 346 229 94 20 48 4859 41 320 1672 24 37 45 217 978 6183 69 430 1387 66 27 44 96 34 48 30 47 25 741 736 31 580 19167 868 86 38 30 1385 62 267 1211 107 242 202 207 29 164 250 23 49 63 22 45 883
leaf_count=98 395 45 157 170 45 30 21 4233 8342 346 229 94 20 48 4859 41 320 1672 24 37 45 217 978 6183 69 430 1387 66 27 44 96 34 48 30 47 25 741 736 31 580 19167 868 86 38 30 1385 62 267 1211 107 242 202 207 29 164 250 23 49 63 22 45 883
internal_value=-3.88022e-12 0.000101684 0.000600049 -0.00233467 -0.00470757 -0.0098338 -0.00254765 -5.12618e-05 -0.000347673 0.000358475 0.000274311 3.12923e-05 -0.00269343 -0.00632984 0.000174183 -0.000823723 0.000568798 -0.000624614 -0.00329686 -0.00812129 -0.0120754 -0.000514654 0.00167038 0.000799373 0.00485896 -9.56265e-05 -0.000149127 -8.59309e-05 -0.000169391 -0.00203987 -0.00383419 -0.0046418 -0.00113177 -0.00624638 -0.00738475 -0.00635275 -0.0001424 -0.000677784 -0.00843281 -0.000608532 3.383e-05 -0.000872426 -0.00152662 -0.000183002 -0.00554112 -0.000913938 -0.00909046 -0.00211485 7.74902e-05 -0.00507596 -0.00642133 0.0011196 0.00171233 0.00455689 0.000905455 0.00192752 -0.00261984 -0.0074064 -0.00904757 -0.00347218 -0.0127129 0.000587176
internal_weight=58440 28323 6651 423 253 75 178 21672 12575 9097 8930 7606 379 142 7227 2048 5179 2007 335 106 69 237 1324 6228 167 30117 28847 27914 26527 933 503 459 144 315 281 251 26461 6553 58 6495 19908 5759 2955 2804 130 2520 92 1135 2674 435 328 1270 1068 236 832 645 187 226 179 71 108 2094
internal_count=58440 28323 6651 423 253 75 178 21672 12575 9097 8930 7606 379 142 7227 2048 5179 2007 335 106 69 237 1324 6228 167 30117 28847 27914 26527 933 503 459 144 315 281 251 26461 6553 58 6495 19908 5759 2955 2804 130 2520 92 1135 2674 435 328 1270 1068 236 832 645 187 226 179 71 108 2094
is_linear=0
shrinkage=0.1


Tree=87
num_leaves=63
num_cat=0
split_feature=10 11 6 12 8 2 0 11 11 12 0 2 12 11 8 11 8 8 1 9 9 3 1 6 0 12 11 9 12 3 8 6 3 3 3 12 8 8 12 8 10 6 12 9 6 9 12 2 10 3 3 10 9 10 1 3 9 8 12 9 8 10
split_gain=0.0521252 0.122081 0.147207 0.124765 0.128598 0.141088 0.139009 0.130312 0.121887 0.185421 0.152798 0.12088 0.118305 0.0999723 0.0990014 0.0975955 0.0945636 0.160337 0.144383 0.102532 0.0898731 0.0880012 0.0844598 0.0840438 0.0793216 0.0878199 0.0777124 0.0847044 0.0773149 0.0765701 0.076563 0.0764025 0.347578 0.223284 0.284581 0.446426 0.385283 0.652019 0.495775 0.34939 0.309051 0.2152 0.428375 0.299389 0.221851 0.55103 0.423223 0.493443 0.201219 0.197615 0.419929 0.290613 0.364712 0.275696 0.275856 0.389888 0.222709 0.214968 0.266443 0.211525 0.255624 0.195441
threshold=1.0000000180025095e-35 2.3430000000000004 -0.99630266176052629 6.1290000000000004 25.481000000000005 8.5000000000000018 -6.9999999999999991 1.6220500000000002 1.8675500000000003 6.5694000000000008 -5.9999999999999991 8.5000000000000018 5.0367500000000005 1.9611500000000002 27.667000000000005 1.9470000000000003 27.901000000000007 26.421000000000003 112.00000000000001 73.217000000000027 71.856000000000009 248.50000000000003 114.00000000000001 -0.92274349529687905 -7.9999999999999991 6.6183500000000004 2.1642000000000006 73.747000000000014 5.5088500000000016 204.50000000000003 28.261000000000006 -0.97509794945709805 285.50000000000006 267.50000000000006 264.50000000000006 2.4337000000000004 26.421000000000003 27.121000000000006 4.8793000000000015 28.323000000000004 1.4590000000000003 -0.95244167294248061 4.6206000000000005 71.384 -0.94139628442229062 80.51700000000001 5.1481000000000003 9.5000000000000018 5.1910000000000016 273.50000000000006 276.50000000000006 1.1430000000000005 82.991000000000028 0.83100000000000029 112.00000000000001 269.50000000000006 71.384 26.861000000000008 5.1027500000000012 77.64100000000002 28.293000000000006 0.23100000000000007
decision_type=2 2 2 2 2 2 2 2 2 2 2 2 2 2 2 2 2 2 2 2 2 2 2 2 2 2 2 2 2 2 2 2 2 2 2 2 2 2 2 2 2 2 2 2 2 2 2 2 2 2 2 2 2 2 2 2 2 2 2 2 2 2
left_child=1 3 -3 4 5 7 22 -1 10 20 11 24 -9 -11 -12 -7 17 23 -18 -20 -10 -19 -6 -4 -5 -26 27 -8 -17 -27 -13 32 33 34 -2 -36 -37 38 -38 -39 -41 42 -33 -44 45 -43 48 -48 -47 53 51 52 56 54 -35 -56 -51 -58 -59 -53 -61 -52
right_child=31 2 16 8 6 15 26 12 9 13 14 30 -14 -15 -16 28 18 21 19 -21 -22 -23 -24 -25 25 29 -28 -29 -30 -31 -32 41 -34 49 35 36 37 39 -40 40 -42 44 43 -45 -46 46 47 -49 -50 50 61 59 -54 -55 55 -57 57 58 -60 60 -62 -63
leaf_value=-0.0056555292569100864 -0.0001098643657884628 0.0078255722680478351 0.0055178432938798021 -0.001371404146070395 -0.0029459737224223929 -0.0085815965663641695 0.0013247953489377736 0.00034112601830381373 0.0083492624124994995 0.0023223742598756439 0.0098932425419871635 -0.00087771067591255886 0.0042359693681099852 -0.0075564943929202853 0.0016423116646668253 -0.0033424448477529477 -0.0042632536103095241 0.0083275845306443764 0.0047886499263007538 -0.0019659167510996524 0.0031669830456270247 0.0015010455698107503 0.0024137694548699074 -0.0012010844110185842 0.00048764451906045463 -0.00042668348954369624 0.0018173770608567873 -0.0018635929636285993 0.0031188137468791781 0.0061692058419187869 -0.0055720149941158063 -0.00046583653749466734 -0.0051402684195062127 0.0013911488139754201 0.0034275683766075721 0.00028814849244937301 -0.0090985909356056036 -0.0012578143880443437 -0.02779477737520052 -0.0014293116940693423 -0.016554717608794036 -0.0061009542930788021 -0.0023326332676080392 0.0036132456248607263 -2.024423423813731e-06 0.0049929059905655408 -0.00084827317009595303 -0.018033089488744738 -0.00039925954567389827 -0.012698126371161869 0.0026438474862959817 0.0078874234410110291 -0.016601047645047034 0.0031817958448820197 -0.013965137887862512 -0.00095025761558378992 0.0019842428617994302 -0.00012155184108350013 -0.010779217355979646 -0.00029217809135960573 -0.010567144846676715 -0.00015803518997756509
leaf_weight=21 581 40 24 104 362 20 124 142 54 21 26 109 173 20 33 46 60 58 55 38 88 28 32 83 156 24 159 254 31 66 51 787 152 235 75 95 37 124 23 22 35 207 97 667 50082 135 55 24 142 26 328 26 27 448 32 82 60 45 49 179 28 1033
leaf_count=21 581 40 24 104 362 20 124 142 54 21 26 109 173 20 33 46 60 58 55 38 88 28 32 83 156 24 159 254 31 66 51 787 152 235 75 95 37 124 23 22 35 207 97 667 50082 135 55 24 142 26 328 26 27 448 32 82 60 45 49 179 28 1033
internal_value=-7.1246e-13 0.000446559 0.00208204 0.000148216 -0.000421937 0.00100184 -0.00108412 0.00197172 0.00118237 0.00342729 0.000460371 -9.69991e-05 0.0024802 -0.00249659 0.00527832 -0.00235774 0.00141804 0.00288999 -0.000438721 0.00202872 0.00513771 0.00610499 -0.00251066 0.000305965 0.000943925 0.00192276 -3.74582e-05 -0.000817667 -0.000741159 0.0044103 -0.00237402 -1.99737e-05 -0.000456456 -0.000258145 -0.00153442 -0.00354821 -0.00510531 -0.00723136 -0.0162655 -0.00423662 -0.0107168 1.13183e-05 0.0011716 0.00285834 -2.42154e-05 -0.00199822 0.000387355 -0.00606898 0.00222869 0.000229179 -0.000351 -0.00303655 -0.00576317 0.00154022 -0.000567007 -0.00460356 -0.00413749 -0.00269219 -0.00567714 -0.000614193 -0.00168203 0.000517216
internal_weight=58440 2502 386 2116 1364 433 931 336 752 183 569 510 315 41 59 97 346 193 153 93 142 86 394 107 350 246 537 378 77 90 160 55938 3742 3590 992 411 336 241 60 181 57 52196 1551 764 50645 563 356 79 277 2598 1801 440 207 797 349 114 180 154 94 233 207 1361
internal_count=58440 2502 386 2116 1364 433 931 336 752 183 569 510 315 41 59 97 346 193 153 93 142 86 394 107 350 246 537 378 77 90 160 55938 3742 3590 992 411 336 241 60 181 57 52196 1551 764 50645 563 356 79 277 2598 1801 440 207 797 349 114 180 154 94 233 207 1361
is_linear=0
shrinkage=0.1


Tree=88
num_leaves=63
num_cat=0
split_feature=7 7 10 12 9 11 1 8 11 1 8 10 8 6 1 6 10 3 12 11 10 12 9 0 1 6 9 3 3 1 10 12 1 0 12 10 3 1 10 12 3 12 12 12 8 1 11 12 10 12 8 8 7 8 3 12 8 8 9 9 0 9
split_gain=0.0518055 0.224896 0.524622 0.261397 0.518621 0.211263 0.234027 0.210819 0.194996 0.253379 0.192265 0.11795 0.191678 0.173731 0.340679 0.170852 0.142219 0.151141 0.187333 0.14012 0.166059 0.317944 0.11792 0.190572 0.116266 0.111509 0.1095 0.0992192 0.1869 0.2935 0.265314 0.248549 0.19053 0.286469 0.247171 0.348674 0.241281 0.174853 0.292554 0.18418 0.166968 0.156087 0.175318 0.16743 0.180607 0.151204 0.182461 0.204251 0.14599 0.1428 0.16708 0.132724 0.124634 0.364812 0.303311 0.472536 0.418333 0.265774 0.387468 0.312625 0.233734 0.417325
threshold=0.97832380634958016 0.98486764554468398 1.9810000000000005 1.7677000000000003 82.081000000000031 2.3708500000000003 109.00000000000001 28.163000000000007 3.3351500000000005 107.00000000000001 27.535000000000007 1.1430000000000005 27.667000000000005 -0.12546116083924153 110.00000000000001 -0.108376950152639 3.3690000000000011 361.50000000000006 2.6346000000000003 2.6751500000000004 2.7130000000000005 3.0900000000000003 79.041000000000011 -6.9999999999999991 112.00000000000001 0.19337368024598436 87.361000000000018 346.50000000000006 336.50000000000006 113.00000000000001 0.20100000000000007 0.98445000000000016 110.00000000000001 -5.9999999999999991 3.4300500000000005 8.6710000000000012 340.50000000000006 113.00000000000001 1.6370000000000002 5.7169000000000008 342.50000000000006 1.3415000000000001 1.8707000000000003 2.6027 26.061000000000007 106.00000000000001 3.0399500000000006 1.2404500000000003 2.2310000000000003 2.3283500000000004 27.755000000000006 27.697000000000006 0.3484035575467645 23.435000000000006 291.50000000000006 3.4300500000000005 26.585000000000004 27.631000000000007 78.901000000000025 83.891000000000005 -5.9999999999999991 80.563000000000031
decision_type=2 2 2 2 2 2 2 2 2 2 2 2 2 2 2 2 2 2 2 2 2 2 2 2 2 2 2 2 2 2 2 2 2 2 2 2 2 2 2 2 2 2 2 2 2 2 2 2 2 2 2 2 2 2 2 2 2 2 2 2 2 2
left_child=27 2 5 -4 7 6 -2 25 9 -6 -11 12 -3 14 -14 19 17 -17 -19 -13 -21 24 23 -15 26 -5 -22 28 52 30 -30 -32 34 49 41 36 -36 39 -39 45 -35 -33 -43 44 -44 46 47 -29 -38 50 -34 -45 54 -54 -1 -56 -57 58 -58 -60 -55 -62
right_child=1 11 3 4 8 -7 -8 -9 -10 10 -12 15 13 22 -16 16 -18 18 -20 20 21 -23 -24 -25 -26 -27 -28 37 29 -31 31 32 33 40 35 -37 48 38 -40 -41 -42 42 43 51 -46 -47 -48 -49 -50 -51 -52 -53 53 60 55 56 57 -59 59 -61 61 -63
leaf_value=-3.1265921031000422e-05 0.0064267073849054142 0.0018126673423509159 -0.001350053209258827 0.0064214272238314156 -0.021366422781720757 0.0062812670993563115 -0.0064867821108135909 -0.0071973892893376096 -0.0010236970634888048 -0.0055858453415567055 -0.014061577767690481 0.00014449052509199215 -0.018633530260108055 0.0038660824406428688 -0.0017842236939551578 0.00055584712167715299 -0.00046181258636466779 0.00076156758128645581 0.0098408838776363576 -0.0024687286089722289 0.0061420218517360767 0.01353330849411173 -0.0078459301407241989 -0.0049128547795893006 -0.0024187154391960754 -0.0023169771363229855 -0.0020911818114109338 2.8490448104483742e-05 0.0086790098265434306 0.0016498729158774949 -0.00024772591488797545 -0.006601383986318825 -0.00056919647102946771 -0.012036765474648051 -0.01408370497436928 -0.019571669261148644 -0.000446060688925847 -0.0079545303929114235 0.00049447287637603417 0.0050153800433403572 -0.0016089234168508223 0.0035378540970238022 0.001959697169894796 -0.0035725931701218261 -0.0088391375096546401 0.0014679011339819314 0.002339087578667594 -0.013349206562153996 -0.0076308857042861819 0.0018392720764802237 -0.011192380930297077 0.0061702807261436073 -0.013226826381869615 0.00050838837913917462 0.0010259491050769261 0.0040029576397500937 -0.001512124642197575 -0.0049034898723172545 -0.027163563682697713 -0.0096941103238523726 -0.0018473409355879052 0.00033388273020339739
leaf_weight=35360 23 86 249 40 20 88 36 28 23 64 46 190 21 51 28 335 2158 47 44 34 84 36 27 48 31 23 20 21 24 320 515 71 57 34 28 21 62 54 170 133 28 57 21 29 59 682 35 25 52 175 20 27 20 11980 208 41 21 169 20 21 1299 2701
leaf_count=35360 23 86 249 40 20 88 36 28 23 64 46 190 21 51 28 335 2158 47 44 34 84 36 27 48 31 23 20 21 24 320 515 71 57 34 28 21 62 54 170 133 28 57 21 29 59 682 35 25 52 175 20 27 20 11980 208 41 21 169 20 21 1299 2701
internal_value=1.3527e-12 -0.000353065 -0.00206607 -0.00362946 -0.00595558 0.00317715 -0.00145271 2.24144e-05 -0.00951111 -0.0110127 -0.00913024 -1.4694e-05 -0.0020531 -0.00395285 -0.00900536 0.000163898 -0.000132194 0.00153756 0.00515157 0.00210086 0.00391409 0.00518319 -0.00198799 -0.000390372 0.00295649 0.00323122 0.00455871 2.5108e-05 5.58542e-06 -0.00105891 -0.00173611 -0.00193512 -0.00310787 -0.00123796 -0.00448294 -0.00754485 -0.00576624 0.000956613 -0.00154234 0.00158135 -0.00732742 -0.00259244 -0.00111764 -0.00306885 -0.00600444 0.000982759 -0.00310202 -0.007242 -0.00372335 0.000260241 -0.00332847 0.00112486 3.84402e-05 0.000270505 -6.51601e-05 -0.00256203 -0.00530577 -0.00695797 -0.0125581 -0.0182158 0.000287398 -0.00037447
internal_weight=58440 3880 640 493 244 147 59 91 153 130 110 3240 261 175 49 2979 2584 426 91 395 205 171 126 99 135 63 104 54560 53440 1600 1280 1256 741 314 427 163 142 1120 224 896 62 264 193 136 80 763 81 46 114 252 77 56 51840 16000 35840 480 272 231 62 41 15980 4000
internal_count=58440 3880 640 493 244 147 59 91 153 130 110 3240 261 175 49 2979 2584 426 91 395 205 171 126 99 135 63 104 54560 53440 1600 1280 1256 741 314 427 163 142 1120 224 896 62 264 193 136 80 763 81 46 114 252 77 56 51840 16000 35840 480 272 231 62 41 15980 4000
is_linear=0
shrinkage=0.1


Tree=89
num_leaves=63
num_cat=0
split_feature=12 11 7 0 12 11 6 7 11 8 11 12 11 12 11 11 12 12 12 3 11 5 12 12 12 10 11 11 11 12 6 10 9 1 10 8 11 9 9 8 7 11 12 7 12 8 9 10 7 3 3 12 8 6 6 10 11 10 0 12 10 2
split_gain=0.0508771 0.461953 1.06803 0.663871 0.466085 0.445147 0.39088 0.280917 0.387386 0.665283 0.392307 0.292458 0.270379 0.247332 0.228193 0.195643 0.449117 0.687578 0.67195 0.477596 0.425199 0.210676 0.203228 0.18974 0.167307 0.186822 0.28599 0.169895 0.236213 0.757396 0.567037 0.500615 0.445385 0.343565 0.401742 0.300882 0.289692 0.280285 0.226921 0.197036 0.192013 0.193964 0.183519 0.18286 0.167251 0.177641 0.162457 0.159697 0.152721 0.179554 0.150253 0.167784 0.149456 0.146429 0.651619 0.360692 0.281145 0.24249 0.184491 0.148811 0.145292 0.142926
threshold=6.2252500000000008 1.7735000000000003 -0.62587551141915865 -5.9999999999999991 6.4791500000000015 2.1359000000000008 0.878110924644389 -0.33426211444629356 2.0862000000000003 28.72900000000001 2.4726000000000004 6.401650000000001 1.9124500000000004 6.9422500000000005 1.8975500000000001 1.5444000000000002 1.5541000000000003 0.71365000000000012 4.7138500000000008 202.50000000000003 1.4039000000000001 -0.9330127018922193 5.8182000000000009 6.6183500000000004 6.2917000000000014 9.6910000000000007 2.5376500000000006 2.0000500000000003 2.4097000000000004 6.729000000000001 -0.39036798905311365 0.39100000000000013 82.041000000000011 113.00000000000001 0.039000000000000014 29.031000000000006 2.1037000000000003 81.817000000000021 83.071000000000026 27.767000000000007 -0.10837475778693638 2.3538000000000001 6.3620500000000009 0.6174544326165855 6.4422000000000006 29.097000000000005 78.501000000000019 0.98100000000000021 -0.31800055644052067 182.50000000000003 337.50000000000006 6.9422500000000005 28.021000000000004 0.81428061195174062 0.93237596376505805 0.89300000000000024 1.6887500000000004 0.10100000000000003 -6.9999999999999991 6.729000000000001 1.9410000000000005 8.5000000000000018
decision_type=2 2 2 2 2 2 2 2 2 2 2 2 2 2 2 2 2 2 2 2 2 2 2 2 2 2 2 2 2 2 2 2 2 2 2 2 2 2 2 2 2 2 2 2 2 2 2 2 2 2 2 2 2 2 2 2 2 2 2 2 2 2
left_child=15 44 3 4 12 -6 24 11 13 10 23 -8 -3 14 60 16 17 -1 -18 20 -20 22 -22 -10 -4 27 -27 50 29 32 31 -31 40 34 -30 43 -33 -32 42 -40 52 -42 -36 -35 45 48 -5 -16 49 -2 -26 -52 -29 57 56 -56 -55 58 -46 -57 -9 -60
right_child=1 2 6 46 5 -7 7 8 9 -11 -12 -13 -14 -15 47 -17 18 -19 19 -21 21 -23 -24 -25 25 26 -28 28 33 30 37 36 -34 35 38 -37 -38 -39 39 -41 41 -43 -44 -45 53 -47 -48 -49 -50 -51 51 -53 -54 54 55 59 -58 -59 61 -61 -62 -63
leaf_value=-0.00044413787237278522 0.0037402161539606483 0.00127567539177835 0.0031536970856101362 0.0067404786188324742 -0.026844811927752968 -0.0091543618449941282 -0.0024317981675267223 0.0014014491342359049 -0.012134934685632794 -0.020406295724499687 0.0054910102524818524 -0.01855912730521099 -0.014323730203323067 -0.0064855569552701832 0.00094574199723345895 1.367316354998895e-05 -0.018826953149228186 0.013510527976258244 -0.008876722894766478 -0.011444555729288947 -0.00096750727986959239 -0.0027245845722238767 0.0054015851282241314 -0.0025731358357897619 0.0022624437122863747 -0.012529061648196407 0.0027069013195366344 -0.0018265585520214614 -0.01366987534387417 -0.0020760530844899433 0.00093813744691088885 -0.026016409269401006 0.0082394972688052803 0.013812303565856483 -0.0068509989855969752 -0.00066333085891198034 -0.012138102757129468 -0.011328218978546236 -0.010115565099950994 0.0015244879446422253 0.0011929636469327355 -0.0087830731157390856 0.0026968350340730125 0.0039239641497260894 0.00048134501913151988 -0.008770284720737001 -0.0040066056637069547 0.0097898937519449673 -0.0058686485651905018 -0.00058335017022762242 -0.010305327991954983 0.00027088516852624407 -0.012914355997927488 -0.0037084717683610506 0.00015907050785360897 0.0018474859312515369 -0.016436125169552507 0.0042977421271112445 0.0060255996168611251 0.0099223736204785886 -0.0072512081548295644 0.00047286124102618185
leaf_weight=1839 138 25 215 22 33 25 23 69 36 26 39 22 20 39 35 51279 27 36 68 55 110 187 92 49 555 28 22 31 21 39 98 21 70 45 22 44 53 23 33 26 271 21 237 32 586 23 39 49 38 316 20 60 20 100 188 33 21 445 127 74 27 73
leaf_count=1839 138 25 215 22 33 25 23 69 36 26 39 22 20 39 35 51279 27 36 68 55 110 187 92 49 555 28 22 31 21 39 98 21 70 45 22 44 53 23 33 26 271 21 237 32 586 23 39 49 38 316 20 60 20 100 188 33 21 445 127 74 27 73
internal_value=1.37074e-12 0.000313802 -0.000588365 -0.0083981 -0.0132944 -0.0192196 -5.93295e-05 -0.00285701 -0.00194734 -0.00586237 -0.00281284 -0.0103163 -0.00565739 0.000734185 0.00229846 -2.77432e-05 -0.000907524 -0.000176208 -0.00345153 -0.00264071 -0.00158117 -0.000305854 0.00193327 -0.00662284 0.00051777 0.000201518 -0.00582524 0.000374502 -0.000373461 -0.00160516 -0.00615061 -0.0112445 0.000970225 0.00135895 -0.000273795 0.00593334 -0.0160765 -0.00139348 0.000610852 -0.00498605 -0.0005133 0.000475509 0.00188582 0.00970286 0.00139248 -0.000180416 -0.000130608 0.00610483 0.000221143 0.000730862 0.00167843 -0.00237317 -0.00617471 0.00188431 0.000262313 0.00279704 -0.0059174 0.00243244 0.00137638 0.00743199 -0.00103211 0.00399885
internal_weight=58440 4747 2585 164 103 58 2421 414 369 150 124 45 45 219 180 53693 2414 1875 539 512 457 389 202 85 2007 1792 50 1742 1107 647 234 113 413 460 339 121 74 121 318 59 343 292 259 77 2162 515 61 84 492 454 635 80 51 1647 416 295 121 1231 786 107 96 200
internal_count=58440 4747 2585 164 103 58 2421 414 369 150 124 45 45 219 180 53693 2414 1875 539 512 457 389 202 85 2007 1792 50 1742 1107 647 234 113 413 460 339 121 74 121 318 59 343 292 259 77 2162 515 61 84 492 454 635 80 51 1647 416 295 121 1231 786 107 96 200
is_linear=0
shrinkage=0.1


Tree=90
num_leaves=63
num_cat=0
split_feature=6 2 8 9 6 8 9 10 12 10 1 0 12 8 11 0 10 10 1 4 6 6 9 12 12 9 3 12 3 11 9 8 9 11 9 3 1 12 12 12 12 1 9 12 3 3 12 12 12 12 8 9 10 11 11 1 8 9 0 0 7 3
split_gain=0.0465577 0.218504 0.126532 0.134362 0.116155 0.175083 0.158173 0.384623 0.208875 0.136495 0.128292 0.117942 0.0993384 0.085694 0.0722223 0.0845233 0.0565167 0.187858 0.180366 0.159351 0.254358 0.332173 0.363499 0.291793 0.280645 0.267981 0.223766 0.304369 0.297844 0.252859 0.466992 0.402935 0.312231 0.215979 0.299168 0.203437 0.221061 0.192974 0.184844 0.176334 0.175182 0.571416 0.159759 0.148048 0.143485 0.265125 0.360132 0.24104 0.196572 0.189893 0.175843 0.389016 0.159147 0.213939 0.157273 0.148803 0.145689 0.149433 0.143189 0.133037 0.392613 0.469509
threshold=0.99995780822346225 3.5000000000000004 27.755000000000006 86.081000000000017 0.99939377080793557 29.071000000000005 81.771000000000029 5.4730000000000016 5.3300500000000008 2.8570000000000007 112.00000000000001 -6.9999999999999991 1.2102000000000002 27.981000000000005 1.9470000000000003 -5.9999999999999991 2.9010000000000007 2.6710000000000007 106.00000000000001 -0.93301270189221908 -0.94705910369513524 -0.90893996196865023 84.631000000000014 3.9176500000000005 1.8707000000000003 75.823000000000008 277.50000000000006 5.625700000000001 276.50000000000006 2.4157000000000006 81.571000000000012 27.161000000000005 79.763000000000019 2.4267500000000006 82.131000000000014 246.50000000000003 112.00000000000001 2.2535000000000003 1.6962000000000002 4.6422000000000008 4.5051500000000013 110.00000000000001 77.801000000000016 1.3062000000000002 266.50000000000006 260.50000000000006 2.4683000000000006 5.5578000000000012 4.4793500000000011 4.9452000000000007 26.861000000000008 82.431000000000026 5.3430000000000009 2.5439000000000003 2.3708500000000003 107.00000000000001 27.001000000000005 82.431000000000026 -6.9999999999999991 -7.9999999999999991 0.080547328232315238 275.50000000000006
decision_type=2 2 2 2 2 2 2 2 2 2 2 2 2 2 2 2 2 2 2 2 2 2 2 2 2 2 2 2 2 2 2 2 2 2 2 2 2 2 2 2 2 2 2 2 2 2 2 2 2 2 2 2 2 2 2 2 2 2 2 2 2 2
left_child=4 -2 3 -3 16 6 7 8 9 11 13 -6 -4 -9 -8 -16 17 18 -1 35 24 22 40 -24 38 -26 28 29 33 30 -28 37 -33 -27 -35 -18 44 -31 43 -38 -22 -42 -43 -21 45 46 52 48 50 54 -46 -52 -37 -54 -47 -56 57 -48 -58 60 61 -20
right_child=1 2 12 -5 5 -7 14 10 -10 -11 -12 -13 -14 -15 15 -17 19 -19 59 20 21 -23 23 -25 25 26 27 -29 -30 31 -32 32 -34 34 -36 36 39 -39 -40 -41 41 42 -44 -45 47 49 56 -49 -50 -51 51 -53 53 -55 55 -57 58 -59 -60 -61 -62 -63
leaf_value=0.00083496420711880008 -0.0081042316494131222 -0.0063893094041927003 -0.00069534443318843844 0.0028368445111145442 0.0013494808182475113 -0.0062690622776884726 -0.0042998282399413917 0.0094211049936711797 0.0095660451489190269 0.0026781248063863523 0.0045424081188354072 -0.0083566392298727744 0.0078397670807316897 0.01867820890620351 0.0018080205099884037 -0.0035290245126400675 -0.007145671646576375 0.0014076095913561754 -0.00078963177654842783 0.00050270082367687261 0.0068872803105498974 -0.00014107499288464786 0.00078025632417874657 -0.011392055123882451 0.0040740386551161387 0.0048035383953348451 -0.0022028995910659435 0.0028010632941732182 0.0077209830234730341 -0.0070308255936418268 -0.022892904766680055 -0.0029954699886729943 -0.012568566428454615 -0.016609114576131106 -0.0017492930953656987 0.0039846669049150062 3.6575237269668534e-05 0.0018889644859606234 0.0094858004327397806 -0.006493960879937543 -0.013356761881150307 -0.00057176424190402036 0.010754806449580373 -0.0045474557506635649 0.0072977092977408774 0.005301672414867481 -0.0042882267053105999 -0.0045938168427553669 0.012775367922310172 -0.0099151987375484581 0.0077689029620442961 -0.0049875001712957872 0.00045349938384606502 -0.0061472003549107746 -0.0066948032788932332 0.00031130451810328509 0.014295774862347616 0.0036914125653304932 0.005419300445786643 0.00010023397888001555 0.00077217776124673511 -0.0086135249832668941
leaf_weight=2597 40 38 25 27 21 27 29 20 24 56 22 31 30 20 195 35 30 1047 4604 340 173 27027 137 23 44 23 20 40 33 35 24 56 87 20 42 63 144 79 20 58 20 20 33 70 82 33 28 29 29 27 45 51 150 73 50 77 21 145 135 17899 1939 78
leaf_count=2597 40 38 25 27 21 27 29 20 24 56 22 31 30 20 195 35 30 1047 4604 340 173 27027 137 23 44 23 20 40 33 35 24 56 87 20 42 63 144 79 20 58 20 20 33 70 82 33 28 29 29 27 45 51 150 73 50 77 21 145 135 17899 1939 78
internal_value=-1.6189e-12 -0.00170349 0.000430087 -0.00255691 4.67671e-06 0.00155386 0.00202012 0.00417919 0.0011276 -0.000747609 0.0106761 -0.00443686 0.00396017 0.0140497 0.000402908 0.000995861 -8.18845e-06 9.32464e-05 4.24982e-05 -0.000104585 -0.00015365 -9.84259e-05 0.00274068 -0.000969513 -0.0017774 -0.00338097 -0.00409561 -0.00539445 -0.000342193 -0.00648355 -0.0134884 -0.00528429 -0.00881966 -0.0034726 -0.00654278 0.000991301 0.00118816 -0.000849568 9.84009e-05 -0.00183853 0.00515381 0.00104573 0.00648063 -0.000359521 0.00177717 0.00113939 0.00214197 0.00394456 0.00514075 -0.00215789 0.00389691 0.000992064 -0.00045345 -0.00170727 -0.000848841 -0.00244701 0.00439818 0.00239991 0.00661421 -4.14347e-05 -0.000424417 -0.000919974
internal_weight=58440 160 120 65 58280 480 453 194 132 108 62 52 55 40 259 230 57800 28164 27117 29636 28366 27433 406 160 933 503 459 341 118 301 44 257 143 85 62 1270 1240 114 430 202 246 73 53 410 1038 802 615 236 207 187 178 96 286 223 160 127 329 173 156 24520 6621 4682
internal_count=58440 160 120 65 58280 480 453 194 132 108 62 52 55 40 259 230 57800 28164 27117 29636 28366 27433 406 160 933 503 459 341 118 301 44 257 143 85 62 1270 1240 114 430 202 246 73 53 410 1038 802 615 236 207 187 178 96 286 223 160 127 329 173 156 24520 6621 4682
is_linear=0
shrinkage=0.1


Tree=91
num_leaves=63
num_cat=0
split_feature=6 6 9 10 12 1 8 3 12 11 3 3 3 8 10 8 8 3 11 12 10 10 0 11 12 3 12 9 8 1 0 8 8 12 8 11 7 9 3 3 10 9 9 0 8 11 8 12 12 9 0 7 9 10 11 6 1 8 1 12 3 6
split_gain=0.0463339 0.355765 0.235013 0.486794 0.288033 0.209256 0.236064 0.228983 0.217561 0.390395 0.33776 0.478705 0.40259 0.325903 0.259365 0.280663 0.559418 0.314082 0.303995 0.280892 0.23802 0.221709 0.220303 0.521004 0.270057 0.217977 0.209346 0.204542 0.182749 0.178255 0.293414 0.33296 0.320946 0.390801 0.296678 0.283608 0.282632 0.275156 0.262075 0.385141 0.260366 0.258972 0.232681 0.22537 0.234445 0.210328 0.267422 0.207233 0.197579 0.483913 0.235326 0.196981 0.196155 0.253501 0.223769 0.262326 0.237759 0.197608 0.194491 0.33825 0.214607 0.187293
threshold=0.52766072109828632 0.51297097409535064 83.429000000000016 1.2110000000000003 4.5282000000000009 112.00000000000001 29.269000000000009 349.50000000000006 6.0721000000000007 2.6058000000000008 319.50000000000006 341.50000000000006 349.50000000000006 29.453000000000007 1.9410000000000005 28.829000000000004 28.031000000000006 271.50000000000006 2.1536500000000003 6.4422000000000006 1.5610000000000002 2.5790000000000006 -7.9999999999999991 2.7143000000000002 4.2853000000000003 299.50000000000006 3.9176500000000005 78.131000000000014 27.161000000000005 111.00000000000001 -7.9999999999999991 29.507000000000005 29.011000000000006 6.1897000000000011 29.121000000000006 2.2117000000000004 0.75438814418115718 78.565000000000012 136.50000000000003 144.50000000000003 0.77300000000000024 77.64100000000002 83.429000000000016 -7.9999999999999991 28.051000000000005 1.7000500000000003 28.415000000000006 5.1027500000000012 6.0443000000000007 82.343000000000032 -6.9999999999999991 -0.36648370705903521 78.64100000000002 0.37100000000000011 2.5811000000000006 0.71503381463111937 108.00000000000001 28.271000000000008 106.00000000000001 3.4300500000000005 144.50000000000003 0.94138322595482449
decision_type=2 2 2 2 2 2 2 2 2 2 2 2 2 2 2 2 2 2 2 2 2 2 2 2 2 2 2 2 2 2 2 2 2 2 2 2 2 2 2 2 2 2 2 2 2 2 2 2 2 2 2 2 2 2 2 2 2 2 2 2 2 2
left_child=1 5 3 -3 -5 6 -1 -8 22 10 14 13 -13 20 25 16 19 -18 -19 -16 -12 -11 23 -7 -25 -10 -9 -14 -4 30 31 34 58 38 35 41 52 -31 40 -40 -34 45 -38 44 61 -2 51 -41 -45 50 -50 -47 -37 -54 55 57 -57 -55 59 60 -32 -39
right_child=29 2 28 4 -6 8 7 26 9 21 11 12 27 -15 15 -17 17 18 -20 -21 -22 -23 -24 24 -26 -27 -28 -29 -30 37 32 -33 33 -35 -36 36 42 43 39 47 -42 -43 -44 48 -46 46 -48 -49 49 -51 -52 -53 53 54 -56 56 -58 -59 -60 -61 -62 -63
leaf_value=7.6463286402578821e-05 0.00078185290989020602 0.00019379099625546267 -0.0033756510565509227 -0.0067466740792692034 -0.018639720011560713 -0.00064660475476183989 0.0029346590348036557 0.0031654307352645059 0.00057242027587840175 0.0029045559265250633 -0.024066979698836807 0.0084044074992070325 -0.00075904027993989288 -0.00068902754224836832 -0.0053512136793384957 0.0056386735356811976 -0.020993391083417617 0.0021945843007415535 -0.015240860935300589 0.0083331222382063679 -0.0088238455222121297 0.011876822710924205 -0.00088195813009745252 0.0020259066560259368 0.0091825607361207748 0.0046014166474565611 -0.010147125717183507 -0.011082894807415349 0.0034874157529206033 0.001866416912605629 0.00049396881599680724 -0.011310332847736596 0.0052676110230903657 -0.012866916077872437 0.0039964415174087182 0.00059033408613093407 0.0049704271848598613 0.0015956170310984915 -0.010325807603334802 0.0031071175016801466 -0.0012192545512913389 0.00067152172167278252 -0.0033053943710491204 4.5987955504665148e-05 0.0047111245890169642 -0.0054069348142291307 0.00051615465734456041 -0.0085702555874983474 -0.0063161338967106795 -0.0095017943659944371 0.0013697249446112847 -0.016289609583929696 -0.010980916307007168 -0.011316164856820944 -0.0040674736060620246 -0.0028986092115152497 0.0015080863341365878 5.8634959471722452e-05 0.00012510289068856938 0.0033552499274638568 -0.0074038215224087869 -0.00072281124718806902
leaf_weight=26959 69 68 101 56 32 1811 461 21 1673 80 20 37 61 20 30 28 24 20 20 30 21 42 7043 580 58 146 27 28 63 1241 777 31 72 31 119 181 98 1044 72 55 440 1005 52 4263 172 39 37 21 51 76 182 29 38 42 573 222 273 24 6442 550 36 523
leaf_count=26959 69 68 101 56 32 1811 461 21 1673 80 20 37 61 20 30 28 24 20 20 30 21 42 7043 580 58 146 27 28 63 1241 777 31 72 31 119 181 98 1044 72 55 440 1005 52 4263 172 39 37 21 51 76 182 29 38 42 573 222 273 24 6442 550 36 523
internal_value=-1.19433e-12 -6.1513e-05 -0.00338231 -0.00616094 -0.0110714 -3.44321e-05 0.000116745 0.00225025 -0.000387179 0.000489978 0.00017885 -0.00388278 -0.000362376 -0.0111544 0.0005642 -0.00340412 -0.00544605 -0.0119495 -0.00652314 0.00149095 -0.0162595 0.00599337 -0.000597874 0.000219115 0.00267651 0.000895803 -0.00432288 -0.00400699 -0.000739229 0.000128891 -0.000121994 -0.0010035 0.00017184 -0.00189381 -0.000889428 -0.00110621 -0.00201698 0.000505218 -0.0013784 -0.00508474 -0.000307039 5.48395e-05 0.00210148 0.000237551 0.0012065 -0.00350703 -0.00632544 -0.000119525 -0.000130998 -0.00257272 -0.000312588 -0.0100481 -0.00247357 -0.00294675 -0.00267753 -0.00125785 -0.00046825 -0.00717987 0.000354718 0.00143996 0.000144251 0.000821821
internal_weight=58440 39560 320 156 88 39240 27468 509 11772 2280 2158 187 126 61 1971 152 124 64 40 60 41 122 9492 2449 638 1819 48 89 164 18880 11328 2832 8496 691 2801 2682 1503 7552 660 148 512 1179 150 6311 1739 174 105 76 4572 309 233 68 1353 1172 1134 561 495 66 7805 1363 813 1567
internal_count=58440 39560 320 156 88 39240 27468 509 11772 2280 2158 187 126 61 1971 152 124 64 40 60 41 122 9492 2449 638 1819 48 89 164 18880 11328 2832 8496 691 2801 2682 1503 7552 660 148 512 1179 150 6311 1739 174 105 76 4572 309 233 68 1353 1172 1134 561 495 66 7805 1363 813 1567
is_linear=0
shrinkage=0.1


Tree=92
num_leaves=63
num_cat=0
split_feature=9 8 11 7 10 12 6 8 9 8 2 12 12 11 6 8 3 1 7 10 12 10 11 7 12 11 6 10 6 8 1 6 10 8 3 10 12 6 10 9 10 11 8 8 12 12 7 12 11 8 10 1 6 12 10 1 12 9 6 9 6 8
split_gain=0.0469518 0.128576 0.109019 0.177264 0.211766 0.260418 0.245964 0.172358 0.155584 0.149066 0.271457 0.144623 0.134912 0.251897 0.175951 0.198738 0.182662 0.16855 0.156824 0.146775 0.146364 0.147056 0.141995 0.230157 0.199605 0.167236 0.132756 0.190565 0.134764 0.131994 0.206812 0.210051 0.203622 0.128709 0.123966 0.123034 0.122076 0.117338 0.116307 0.116276 0.146563 0.115023 0.113368 0.113081 0.282965 0.252082 0.113351 0.191686 0.284415 0.181169 0.112332 0.109269 0.105018 0.172062 0.104005 0.100761 0.134022 0.0953595 0.149817 0.113123 0.146699 0.0940434
threshold=87.631000000000014 28.021000000000004 2.9120500000000002 0.33222858587828868 3.741000000000001 1.5541000000000003 0.66527693225344786 24.631000000000004 89.679000000000016 25.405000000000005 3.5000000000000004 1.8035000000000003 1.3748500000000001 1.4613500000000001 -0.66528616069191593 26.487000000000005 317.50000000000006 108.00000000000001 -0.013976481981245173 7.1470000000000011 0.68485000000000007 41.369000000000007 1.9539500000000001 -0.28519997588938989 0.71365000000000012 1.7000500000000003 0.59868201182722736 24.451000000000004 0.43733377705052551 24.571000000000005 108.00000000000001 -0.85227431625818906 6.6090000000000009 25.951000000000008 36.500000000000007 4.3710000000000013 1.2404500000000003 0.29342972903661901 2.9010000000000007 89.679000000000016 11.461000000000002 2.7659000000000007 25.251000000000005 27.141000000000009 2.5359500000000001 2.4337000000000004 0.86439018870140905 1.0753500000000003 3.0283500000000001 26.35100000000001 2.7670000000000008 110.00000000000001 0.35846314187849709 0.35650000000000004 2.1570000000000005 110.00000000000001 1.0446000000000002 88.759000000000029 -0.99467753128998015 89.837000000000018 -0.96235977360714686 26.487000000000005
decision_type=2 2 2 2 2 2 2 2 2 2 2 2 2 2 2 2 2 2 2 2 2 2 2 2 2 2 2 2 2 2 2 2 2 2 2 2 2 2 2 2 2 2 2 2 2 2 2 2 2 2 2 2 2 2 2 2 2 2 2 2 2 2
left_child=61 2 12 7 5 8 35 -4 38 -9 -11 39 18 -14 15 16 29 -17 22 34 -21 26 24 33 -2 -26 28 36 55 30 -15 32 -32 -24 50 -6 -28 -7 -5 40 -8 -16 -25 44 46 -45 47 -37 -49 -48 -20 -41 -52 -54 -36 -22 -57 58 -31 -59 -61 -1
right_child=1 -3 3 4 6 37 11 9 -10 10 -12 -13 13 14 41 17 -18 -19 19 20 21 -23 23 42 25 -27 27 -29 -30 57 31 -33 -34 -35 54 43 -38 -39 -40 51 -42 -43 -44 45 -46 -47 49 48 -50 -51 52 -53 53 -55 -56 56 -58 59 -60 60 -62 -63
leaf_value=0.00032781456677944939 0.002243534996619469 0.0041017972196777238 -0.013169176087138199 -7.852837963063005e-05 -0.0084534987865481533 0.011319262507105514 -0.0095827766522415918 0.0015549223417810237 -0.0052127317848234354 -0.015402108045028791 -0.00067689484396044378 0.0090429777091440688 -0.0097785478891355207 0.0021760485291694447 -0.00094032650584025153 0.014270595586858691 -0.0088148782530333841 0.0023376348332084461 -0.0096635302669407508 -0.0001049896347503458 0.0054913576175892433 -0.0056780888676820768 -0.0018620747123158686 0.0025767243011588499 0.017200649697333575 0.0048192253821374232 0.00015874059872526299 -0.0083412933695529191 0.011427895411849022 -0.0072919605088166209 -0.013643023089295435 -0.00019711055478546769 -0.0010636879385194995 0.0034253559814440824 0.0049008397496891126 -0.0013604248141567423 0.0087133580585941669 0.0026341263928251076 0.0088052948750555523 0.0088634875076620476 0.0025235421070829035 0.0016227358530623533 0.011113670336947379 -0.0010152752220164984 0.0062379522493020414 -0.015326697719283404 -0.0018329349637497218 -0.016819547211343887 -0.0041812740215338663 0.0068279436882154113 0.0011987473904810032 0.00028883844691639146 0.0001506008467307159 -0.011953193005984245 -0.0012436162474161871 0.00427123428498571 -0.0050972899422049526 0.0062327322302102722 0.001761796832498577 0.0058658890720260778 -0.0024132035767697561 -2.9552177159887743e-05
leaf_weight=8878 91 67 21 56 32 35 20 39 44 21 31 26 29 120 2550 20 20 29 30 808 102 21 171 35 20 24 69 21 25 22 31 75 22 63 32 117 22 28 20 23 20 188 28 32 42 20 229 24 69 27 40 42 24 23 198 37 26 92 108 38 49 43174
leaf_count=8878 91 67 21 56 32 35 20 39 44 21 31 26 29 120 2550 20 20 29 30 808 102 21 171 35 20 24 69 21 25 22 31 75 22 63 32 117 22 28 20 23 20 188 28 32 42 20 229 24 69 27 40 42 24 23 198 37 26 92 108 38 49 43174
internal_value=4.55887e-14 -0.000255863 -0.000302052 -0.00124991 -0.000785953 0.00225288 -0.00155512 -0.00500302 -0.000480432 -0.00311853 -0.00662362 0.00236583 -0.000120094 -0.000498527 -0.000418527 0.00109398 0.000574747 0.00720823 0.000552169 6.22843e-05 0.000614262 0.0024135 0.00222821 0.00100589 0.0049173 0.0104471 0.00297616 0.000245356 0.00458591 0.000911897 -0.000806421 -0.00360249 -0.00842141 -0.000438536 -0.00173681 -0.00242276 0.00222689 0.0074592 0.00225932 0.000712445 -0.00352962 -0.000764338 0.00637092 -0.00207815 -0.0016235 -0.00651967 -0.00233205 -0.00405403 -0.00744276 -0.000919483 -0.00438688 0.00332295 -0.00256735 -0.00577253 -0.000388735 0.00354924 0.000404859 0.002291 0.000229623 0.00378809 0.00120295 3.14004e-05
internal_weight=58440 6388 6321 1018 906 183 723 112 120 91 52 131 5303 3393 3364 626 577 49 1910 1478 1131 323 432 297 135 44 302 112 190 557 248 128 53 234 347 592 91 63 76 105 40 2738 63 560 508 52 466 210 93 256 117 65 87 47 230 165 63 309 130 179 87 52052
internal_count=58440 6388 6321 1018 906 183 723 112 120 91 52 131 5303 3393 3364 626 577 49 1910 1478 1131 323 432 297 135 44 302 112 190 557 248 128 53 234 347 592 91 63 76 105 40 2738 63 560 508 52 466 210 93 256 117 65 87 47 230 165 63 309 130 179 87 52052
is_linear=0
shrinkage=0.1


Tree=93
num_leaves=63
num_cat=0
split_feature=11 12 12 12 6 3 12 6 8 12 7 1 8 6 8 3 12 0 8 1 8 8 8 9 10 11 9 8 6 3 1 11 9 7 6 12 6 11 8 8 3 3 0 8 11 3 0 8 8 10 8 3 6 3 1 11 9 11 6 1 12 12
split_gain=0.0461027 0.106947 0.132564 0.126164 0.156907 0.104839 0.136843 0.106131 0.0642997 0.0763304 0.0789651 0.074285 0.0716106 0.0967054 0.0544179 0.0533358 0.104433 0.153813 0.065059 0.0511467 0.0509175 0.0697308 0.1258 0.0612865 0.0499888 0.0490331 0.0484853 0.0484725 0.154881 0.0620113 0.0946716 0.0817765 0.0593078 0.146198 0.138456 0.13103 0.12782 0.118886 0.118293 0.114656 0.167574 0.192954 0.158534 0.141429 0.216666 0.175671 0.251474 0.158355 0.131015 0.106461 0.138582 0.185308 0.137065 0.411581 0.128997 0.0922238 0.0911014 0.0909354 0.0942328 0.0851875 0.0792343 0.0769179
threshold=3.4679000000000006 0.68485000000000007 2.0802 3.6303500000000004 0.46800856592688472 36.500000000000007 4.5709000000000009 0.35846314187849709 27.451000000000004 1.7677000000000003 0.99024581825578073 114.00000000000001 28.829000000000004 -0.65234524191686594 27.631000000000007 364.50000000000006 1.7677000000000003 -6.9999999999999991 27.707000000000004 109.00000000000001 28.811000000000003 27.631000000000007 27.161000000000005 83.301000000000016 3.5710000000000011 3.5425000000000009 78.433000000000007 30.313000000000002 -0.97509794945709805 315.50000000000006 112.00000000000001 2.4959000000000002 74.603000000000023 -0.97111920233974802 -0.97876850416056738 3.0900000000000003 0.99761913169647187 2.1421000000000006 25.369000000000003 28.891000000000009 355.50000000000006 297.50000000000006 -5.9999999999999991 27.911000000000008 2.4387500000000002 212.50000000000003 -7.9999999999999991 28.555000000000007 28.993000000000006 0.33100000000000013 28.571000000000009 266.50000000000006 -0.99866806308218525 274.50000000000006 108.00000000000001 2.2928500000000005 73.473000000000013 1.8675500000000003 -0.98214942551678475 109.00000000000001 4.383700000000001 5.1699500000000009
decision_type=2 2 2 2 2 2 2 2 2 2 2 2 2 2 2 2 2 2 2 2 2 2 2 2 2 2 2 2 2 2 2 2 2 2 2 2 2 2 2 2 2 2 2 2 2 2 2 2 2 2 2 2 2 2 2 2 2 2 2 2 2 2
left_child=15 -2 8 4 20 7 19 -5 9 10 -3 12 13 -10 -6 27 -17 18 -18 -7 21 22 23 -4 -8 -16 -15 32 -29 30 -30 -32 33 35 49 -1 38 -37 -36 43 41 48 -43 44 61 47 -47 -45 -41 52 51 -51 53 55 -54 -35 -46 -56 -59 -39 -53 -40
right_child=1 2 3 5 14 6 24 -9 11 -11 -12 -13 -14 26 25 16 17 -19 -20 -21 -22 -23 -24 -25 -26 -27 -28 28 29 -31 31 -33 -34 34 36 37 -38 59 39 40 -42 42 -44 45 56 46 -48 -49 -50 50 -52 60 54 -55 57 -57 -58 58 -60 -61 -62 -63
leaf_value=-0.0034888892434537413 0.0047865203392328855 0.00087229224675125288 0.002133579704571854 -0.00084396215275891378 -0.0039006947027519349 0.00087046949691804406 0.0020278834179043768 -0.010187500372994693 -0.0077659046581095978 0.0050722508271450577 -0.0042824541213072687 -0.0060765033277372519 0.0038351842098765902 -0.0052283813992592826 0.0046901617381397802 3.9755026848040157e-05 -0.0050390713172964756 -0.010886008596907443 0.0030268450919538736 -0.0052295213823931085 -0.00057036013088443058 0.0059328309617492116 -0.0015775511160406265 0.0094406703487038626 0.0090981621155515318 -0.001159812876415488 -0.00048380085591426389 -0.0070450572319692237 -0.0041720772618039827 -0.0044473757113640509 0.00086847012292365637 0.0083270388433621043 -3.0643661751524418e-05 -0.00047855691518634559 0.0037411826295091922 0.0020485196197650543 0.0051520882174372678 0.012356116119772196 -0.0020239519367079468 0.0029725083417293653 -0.0057382829753853584 0.0037065300041229116 -0.0006446496899361197 -0.0010280634020455183 0.0015725610056466868 0.006228425022324219 -0.0025555591443291743 0.0029285735870639624 -0.0015679555494876943 -0.0015474996691488701 0.00037637471786833234 0.0062412814508813128 -0.0023399860196326289 -0.010881047697133713 -0.0018714891494931404 0.0071974306522558139 0.0063793710692772176 0.0024372218833407853 0.0074627339800304561 0.0040851928392481628 0.013175425750131793 0.00018070951134003597
leaf_weight=36 59 151 22 31 35 28 20 20 23 33 37 33 27 24 23 122 20 26 20 27 22 132 43 24 20 38 210 41 24 24 49 21 52791 45 76 285 46 20 211 81 38 308 115 315 92 34 787 149 295 23 70 45 62 37 37 24 69 181 47 33 26 633
leaf_count=36 59 151 22 31 35 28 20 20 23 33 37 33 27 24 23 122 20 26 20 27 22 132 43 24 20 38 210 41 24 24 49 21 52791 45 76 285 46 20 211 81 38 308 115 315 92 34 787 149 295 23 70 45 62 37 37 24 69 181 47 33 26 633
internal_value=1.66432e-12 0.000646683 0.000407924 0.00160686 0.00266532 -0.000850794 0.0011126 -0.00450809 -0.0006729 0.000636424 -0.000142206 -0.00158571 -0.00106389 -0.00157858 -0.000757536 -1.2199e-05 -0.00169378 -0.00489819 -0.00100611 -0.00212407 0.00401756 0.00447427 0.00231101 0.00594597 0.00556302 0.00104592 -0.000970425 -6.66924e-06 -0.00175026 8.94575e-05 0.0012478 0.00310604 -1.80648e-06 0.000358939 0.000175392 0.00224642 -8.18035e-05 0.00285728 -0.00015697 -0.000251713 0.000749878 0.00105845 0.00252359 -0.000617796 0.000270833 -0.00131279 -0.00219179 0.000242495 -0.000589824 0.00157511 0.00374495 0.00625347 0.00075327 -0.00237166 0.00176624 0.00219135 0.00363262 0.00272695 0.00347318 0.0072063 0.00878055 -0.000370456
internal_weight=58440 1082 1023 485 339 146 95 51 538 221 188 317 284 257 96 57358 188 66 40 55 243 221 89 46 40 61 234 57170 159 118 94 70 57011 4220 3846 374 3249 338 3203 3127 837 799 423 2290 1005 1285 821 464 376 597 164 94 433 106 327 69 161 265 228 53 71 844
internal_count=58440 1082 1023 485 339 146 95 51 538 221 188 317 284 257 96 57358 188 66 40 55 243 221 89 46 40 61 234 57170 159 118 94 70 57011 4220 3846 374 3249 338 3203 3127 837 799 423 2290 1005 1285 821 464 376 597 164 94 433 106 327 69 161 265 228 53 71 844
is_linear=0
shrinkage=0.1


Tree=94
num_leaves=63
num_cat=0
split_feature=11 3 9 12 1 8 10 3 12 12 6 9 7 7 3 12 1 9 10 0 8 8 8 12 8 10 8 8 11 7 6 11 12 12 12 10 0 11 10 8 9 12 11 12 11 9 1 12 1 10 10 1 12 0 9 9 9 8 7 1 9 8
split_gain=0.0438315 0.071032 0.075032 0.0866589 0.162156 0.0640162 0.0481448 0.108177 0.11517 0.101535 0.197541 0.0679139 0.0619843 0.0511283 0.260041 0.219134 0.217795 0.304789 0.272054 0.209659 0.2767 0.243403 0.182294 0.159172 0.161888 0.154825 0.188636 0.134212 0.131224 0.128561 0.23288 0.136923 0.256543 0.131991 0.12383 0.148079 0.107303 0.105071 0.266972 0.103241 0.0953929 0.149482 0.638759 0.0922255 0.100219 0.124582 0.144584 0.208773 0.0936793 0.22049 0.223448 0.0887438 0.0876759 0.0853132 0.158815 0.108731 0.0864027 0.0776859 0.076934 0.230851 0.226672 0.272157
threshold=0.7552000000000002 50.500000000000007 81.477000000000018 0.21730000000000002 110.00000000000001 28.201000000000004 46.20000000000001 54.500000000000007 1.5541000000000003 3.6015500000000005 -0.55657520495441892 85.399000000000015 -0.99465740988130902 -0.98521978256641018 176.50000000000003 5.6963000000000008 110.00000000000001 82.901000000000025 0.17300000000000004 -7.9999999999999991 28.42700000000001 28.543000000000006 27.331000000000007 2.1452500000000003 28.131000000000004 2.7670000000000008 26.839000000000006 27.001000000000005 2.2604500000000005 -0.97874870457683594 -0.18492532721306487 2.1589000000000005 2.3283500000000004 5.4407000000000005 3.7501000000000002 0.27700000000000008 -5.9999999999999991 2.5691000000000002 1.2470000000000001 26.671000000000006 74.603000000000023 5.6963000000000008 1.8447500000000001 5.625700000000001 1.6887500000000004 84.167000000000016 112.00000000000001 2.4683000000000006 108.00000000000001 1.0190000000000003 10.782000000000002 111.00000000000001 5.1908500000000002 -5.9999999999999991 81.571000000000012 77.187000000000026 88.995000000000019 27.497000000000007 -0.97507822412530132 107.00000000000001 79.941000000000017 28.439000000000007
decision_type=2 2 2 2 2 2 2 2 2 2 2 2 2 2 2 2 2 2 2 2 2 2 2 2 2 2 2 2 2 2 2 2 2 2 2 2 2 2 2 2 2 2 2 2 2 2 2 2 2 2 2 2 2 2 2 2 2 2 2 2 2 2
left_child=1 -1 -3 5 -5 -4 13 8 -8 12 -11 -10 -9 14 15 16 19 18 -18 20 -2 25 -20 -24 -25 26 -21 -27 -19 30 33 53 -33 34 39 -36 -29 40 -39 -15 51 43 -43 44 45 46 47 -42 49 -46 -51 -16 -48 56 55 -55 -32 -53 59 -31 61 -61
right_child=6 2 3 4 -6 -7 7 9 11 10 -12 -13 -14 29 37 -17 17 28 22 21 -22 -23 23 24 -26 27 -28 36 -30 58 31 32 -34 -35 35 -37 -38 38 -40 -41 41 42 -44 -45 48 -47 52 -49 -50 50 -52 57 -54 54 -56 -57 -58 -59 -60 60 -62 -63
leaf_value=0.0023451035753602073 -0.011159181870838128 0.0012618809514877169 0.00099138078900674973 -0.0013962019933387638 -0.011262906366778959 -0.005271653893093268 0.00093037208223066634 0.005563937072535434 0.0099632024120849885 0.0032512358482927085 -0.0098611157456481909 0.0032889455748391487 0.00031434777670789654 -0.0061421764446422458 0.0048109268542401587 0.0022998789894146561 0.0021924909796904434 0.0010933196944135585 -0.0027588988819063943 -0.00049097422355165086 0.0023604215860056382 -0.0072870923080093535 -0.0062771711345042357 -0.0099526666895006638 -0.020016416667720246 0.0028588363989478071 0.0081700289556593236 -0.0090847919039704194 -0.0078371806219885397 -0.006917089530907106 0.0027893373311081537 -0.00043025991046586291 0.0084105717685345679 0.004104898763665309 -0.0025267196980762654 -0.013552857678206194 0.00021011490860710976 0.0029768213546142366 -0.0079682663723360751 0.0016081504506820982 -0.0018602361622750046 -0.00049548608708931379 -0.016222149699701576 0.0053987486243048423 0.0030651196990275887 0.0004716189371214973 -0.0048622446928427302 -0.014794136017250518 0.0010223897960673696 -0.002812333350567328 0.0025355914833558963 0.0052032341863113372 0.0021412850199386668 0.00022199921836347686 0.0056076708560188621 -0.0092169587930234585 -0.0037517850435423578 -0.0017757266481880675 1.1449200018890473e-05 -0.0063710603911741022 0.0023804362872334455 0.0059219921169721568
leaf_weight=42 41 47 51 36 31 24 89 24 30 20 27 31 358 25 83 92 22 76 28 45 24 36 33 33 31 42 57 27 21 64 246 52 89 30 29 21 23 39 52 55 26 236 29 35 131 135 33 24 1138 345 101 22 39 23 21 26 22 58 53519 83 145 23
leaf_count=42 41 47 51 36 31 24 89 24 30 20 27 31 358 25 83 92 22 76 28 45 24 36 33 33 31 42 57 27 21 64 246 52 89 30 29 21 23 39 52 55 26 236 29 35 131 135 33 24 1138 345 101 22 39 23 21 26 22 58 53519 83 145 23
internal_value=-2.11998e-12 -0.00137476 -0.0022014 -0.00334769 -0.00596139 -0.00101279 5.45568e-06 0.000912784 0.00322438 0.000104535 -0.00428139 0.00657137 0.000644165 -3.66011e-06 -0.000394915 -0.00221079 -0.0029807 -0.00519097 -0.00806196 -0.00115254 -0.00616733 0.000264682 -0.00986674 -0.0119185 -0.0148273 0.00166604 0.004349 -0.00130854 -0.000840088 1.90152e-05 0.00142909 0.00253242 0.00515012 -0.00187403 -0.00325378 -0.0071577 -0.00480913 5.86938e-05 -0.00327751 -0.000813827 0.000183373 1.57255e-05 -0.00221652 0.000310466 0.000220157 -0.0016214 -0.00393745 -0.00806851 0.000496122 -0.000541819 -0.00160126 0.00252016 -0.00106867 0.00144043 -0.0016682 -0.00478643 0.00225238 0.000143488 2.27787e-06 -0.00155594 -0.00018896 -0.0037037
internal_weight=58440 231 189 142 67 75 58209 579 150 429 47 61 382 57630 3157 631 539 244 147 295 65 230 125 97 64 194 102 92 97 54473 639 479 141 160 130 50 50 2526 91 80 2435 2272 265 2007 1972 257 122 50 1715 577 446 163 72 338 70 49 268 80 53834 315 251 106
internal_count=58440 231 189 142 67 75 58209 579 150 429 47 61 382 57630 3157 631 539 244 147 295 65 230 125 97 64 194 102 92 97 54473 639 479 141 160 130 50 50 2526 91 80 2435 2272 265 2007 1972 257 122 50 1715 577 446 163 72 338 70 49 268 80 53834 315 251 106
is_linear=0
shrinkage=0.1


Tree=95
num_leaves=63
num_cat=0
split_feature=12 11 11 10 9 2 7 0 9 12 11 12 1 3 9 1 9 12 11 9 3 10 0 1 10 11 8 6 3 9 10 6 10 10 8 11 11 6 9 9 8 1 10 12 12 9 8 12 6 11 7 10 10 9 3 6 12 11 6 12 7 10
split_gain=0.0427914 0.151388 0.195775 0.209542 0.195586 0.0584839 0.0450509 0.162391 0.173779 0.284108 0.327947 0.400922 0.312923 0.279031 0.240501 0.178152 0.189999 0.144269 0.214826 0.219445 0.138539 0.135257 0.135068 0.160364 0.189407 0.157263 0.134094 0.147909 0.345726 0.15837 0.240337 0.130157 0.140983 0.130889 0.127918 0.125179 0.230866 0.122886 0.121113 0.200032 0.129548 0.238008 0.198051 0.211266 0.196729 0.127809 0.144319 0.255672 0.191613 0.177155 0.149103 0.170256 0.153033 0.117216 0.115443 0.113841 0.17876 0.113458 0.107846 0.159586 0.10745 0.291507
threshold=7.7621000000000011 1.4855000000000003 2.6946000000000008 2.4010000000000007 76.887000000000015 11.500000000000002 0.90438663683299525 -5.9999999999999991 83.891000000000005 3.5183000000000004 2.1913000000000005 4.8793000000000015 107.00000000000001 356.50000000000006 85.399000000000015 110.00000000000001 85.521000000000029 5.5088500000000016 2.2655000000000007 83.161000000000016 20.500000000000004 3.4210000000000003 -6.9999999999999991 108.00000000000001 32.656000000000006 2.9293 28.335000000000004 0.39036257410962044 24.500000000000004 79.241 2.6710000000000007 0.34235194516023087 3.9720000000000009 8.9310000000000027 25.215000000000007 2.7875000000000001 2.4843500000000005 0.35846314187849709 72.627000000000024 73.217000000000027 28.879000000000005 113.00000000000001 1.0190000000000003 2.6346000000000003 1.3062000000000002 83.385000000000019 27.727000000000007 3.7501000000000002 0.24372619187392155 2.9120500000000002 0.91511078773075516 9.5520000000000014 5.1910000000000016 77.373000000000033 353.50000000000006 0.26037272046371446 1.6242000000000003 2.9569000000000005 0.21022171450811275 3.9176500000000005 0.80798785254895478 0.58500000000000019
decision_type=2 2 2 2 2 2 2 2 2 2 2 2 2 2 2 2 2 2 2 2 2 2 2 2 2 2 2 2 2 2 2 2 2 2 2 2 2 2 2 2 2 2 2 2 2 2 2 2 2 2 2 2 2 2 2 2 2 2 2 2 2 2
left_child=6 -2 3 4 5 -3 60 8 34 22 -11 12 -12 14 -14 20 -17 26 -19 21 -13 53 23 24 -10 -24 27 29 -29 30 -9 54 -33 -34 -8 36 -16 -28 -36 -40 45 44 -43 -44 -42 46 47 49 -49 -41 51 -48 -52 -20 -25 -47 -57 -27 -31 -60 -1 -62
right_child=1 2 -4 -5 -6 -7 7 17 9 10 11 15 13 -15 35 16 -18 18 19 -21 -22 -23 25 31 -26 57 37 28 -30 58 -32 32 33 -35 38 -37 -38 -39 39 40 41 42 43 -45 -46 55 50 48 -50 -51 52 -53 -54 -55 -56 56 -58 -59 59 -61 61 -63
leaf_value=-1.0103497474489394e-05 0.0050807759376569981 -0.0038001251254172531 0.0070946128531691761 0.0054162618747795937 -0.0098560402074303402 0.0027227436563138059 0.0076578721570549528 -0.011027272597241861 0.0015168058439360063 -0.013739297149219998 -0.01295116045512259 -0.00034650438930839301 -0.0094155286284736718 0.0055054140109859874 0.002605136896794041 -0.006552511880234365 0.0059490735549479722 -0.01005349821501934 0.00092144078379006772 -0.009754867280051779 0.0098903089713973883 0.0043096006888410322 -0.00020828151528241975 0.0007616824060797246 0.0095704037346877168 -0.010192285808512853 0.00013034943299384966 -0.01531150371398932 0.0011839217937516947 -0.0013916364808587347 -0.00045867993224722644 0.0024871186232836599 -0.0097875010652037769 -0.0016460167919285598 0.0039949864252029283 0.0039504811231946121 -0.0091995981414928225 0.0058105731303462896 -0.0078959172912712768 -0.0020527656793416136 -0.00078822613595548325 -0.0093867043731734167 -0.0034404747523059894 0.004903225446592125 0.008396180215031775 0.0012111802829197394 -0.0078177229634061318 0.0034435158343985675 -0.003122519035357982 0.0012060119648821706 0.00056599235820491026 0.0019471381289454606 -0.0015788713804553278 -0.0075204675800391828 -0.0014925178223630842 0.00081076579954242334 0.011555483999351662 -0.0025486354640316825 -5.259998955282589e-06 0.007132743610335248 -0.0062893702625678701 0.0006842966988630354
leaf_weight=46570 74 28 28 28 39 27 25 39 334 27 38 20 65 32 30 31 20 41 38 28 39 46 549 843 32 21 536 24 27 813 48 29 39 40 95 29 37 41 29 323 32 20 53 71 86 244 57 400 50 345 745 26 601 29 311 32 30 258 298 35 61 3454
leaf_count=46570 74 28 28 28 39 27 25 39 334 27 38 20 65 32 30 31 20 41 38 28 39 46 549 843 32 21 536 24 27 813 48 29 39 40 95 29 37 41 29 323 32 20 53 71 86 244 57 400 50 345 745 26 601 29 311 32 30 258 298 35 61 3454
internal_value=3.25806e-12 0.0013795 -0.00044647 -0.00217721 -0.0044391 -0.00059799 -5.30793e-06 -0.000223637 3.52468e-05 -0.00053914 -0.00313033 -0.00229033 -0.00465648 -0.00302333 -0.00471849 0.0026786 -0.00164993 -0.000995095 -0.00368224 -0.0018296 0.0064202 0.000134184 -0.000150883 0.000377988 0.00222095 -0.00119074 -0.000732301 -0.00130133 -0.00657863 -0.00108305 -0.00519632 -0.000156499 -0.00347617 -0.00566523 0.000532204 -0.0015382 -0.0039139 0.00053397 0.000477205 0.000370911 0.000447873 0.00257595 -0.000152432 0.00133697 0.00590549 0.000252445 2.04512e-05 0.000871477 0.00271396 -0.000369714 -0.000645362 -0.00475885 -0.000391707 -0.00273252 0.000154181 0.00218345 0.00600982 -0.00312396 -0.000770787 0.000744981 3.01366e-05 0.000563274
internal_weight=58440 224 150 122 94 55 58216 8131 6088 2824 368 341 231 193 161 110 51 2043 182 141 59 113 2456 1628 366 828 1861 1284 51 1233 87 1262 108 79 3264 96 67 577 3239 3144 3115 262 144 124 118 2853 2547 1118 450 668 1429 83 1346 67 1154 306 62 279 1146 333 50085 3515
internal_count=58440 224 150 122 94 55 58216 8131 6088 2824 368 341 231 193 161 110 51 2043 182 141 59 113 2456 1628 366 828 1861 1284 51 1233 87 1262 108 79 3264 96 67 577 3239 3144 3115 262 144 124 118 2853 2547 1118 450 668 1429 83 1346 67 1154 306 62 279 1146 333 50085 3515
is_linear=0
shrinkage=0.1


Tree=96
num_leaves=63
num_cat=0
split_feature=9 3 8 9 3 9 12 10 9 8 6 11 6 6 3 8 5 12 12 10 7 11 11 11 12 12 0 3 3 10 1 11 6 2 8 1 6 8 9 10 12 10 11 9 9 6 0 3 11 8 7 10 11 11 9 8 7 12 7 7 6 10
split_gain=0.0412371 0.120016 0.154667 0.129235 0.116627 0.17559 0.194844 0.144377 0.0739128 0.0735865 0.0965251 0.0824347 0.084859 0.0847953 0.0967575 0.0727362 0.0827201 0.0731165 0.070112 0.11441 0.108621 0.0740697 0.0683719 0.131505 0.182233 0.165008 0.111821 0.101005 0.0871394 0.0962862 0.068715 0.065081 0.0580991 0.176216 0.137038 0.0834859 0.0729821 0.131647 0.152867 0.193305 0.120458 0.0945378 0.0915795 0.123815 0.0783016 0.0619457 0.108375 0.0577648 0.110819 0.0571457 0.0542652 0.0645438 0.0788123 0.177668 0.118384 0.137901 0.0895263 0.123197 0.109178 0.0865684 0.0851227 0.0539314
threshold=89.379000000000019 10.500000000000002 25.369000000000003 91.521000000000015 24.500000000000004 90.39800000000001 0.95315000000000005 10.297000000000002 90.021000000000015 24.449000000000005 -0.72696319516528884 2.2547000000000001 -0.85227431625818906 -0.97509794945709805 291.50000000000006 24.631000000000004 -0.9330127018922193 2.6027 2.7704500000000007 15.939000000000002 0.063390085881955341 3.1235000000000004 2.5568500000000003 2.7659000000000007 1.7677000000000003 2.6723000000000003 -6.9999999999999991 54.500000000000007 62.500000000000007 15.282000000000002 111.00000000000001 2.7951500000000005 0.99995780822346225 3.5000000000000004 27.361000000000008 108.00000000000001 0.99939377080793557 29.071000000000005 82.819000000000031 2.4010000000000007 2.1133000000000002 6.8690000000000015 2.1745000000000005 78.901000000000025 81.391000000000034 0.99983759474438971 -7.9999999999999991 92.500000000000014 2.4323000000000001 24.735000000000007 -0.99465740988130902 30.806000000000004 2.4493000000000005 2.3982000000000006 93.122000000000014 24.631000000000004 -0.38243420677835349 0.63350000000000006 0.86439018870140905 0.71952396275653763 0.43733377705052551 7.9810000000000008
decision_type=2 2 2 2 2 2 2 2 2 2 2 2 2 2 2 2 2 2 2 2 2 2 2 2 2 2 2 2 2 2 2 2 2 2 2 2 2 2 2 2 2 2 2 2 2 2 2 2 2 2 2 2 2 2 2 2 2 2 2 2 2 2
left_child=32 2 8 4 5 6 -3 -8 -2 -6 11 -11 13 -13 -15 17 -17 31 21 20 -20 50 28 25 26 27 -25 -24 29 -18 -26 -12 36 -34 -35 -36 -1 38 39 42 44 47 -38 -44 -41 46 -40 48 -42 -7 -5 52 53 59 56 -56 -54 -58 -59 -52 -61 -48
right_child=1 3 -4 18 9 49 7 -9 -10 10 15 12 -14 14 -16 16 22 -19 19 -21 -22 -23 23 24 30 -27 -28 -29 -30 -31 -32 -33 33 34 35 -37 37 -39 45 40 41 -43 43 -45 -46 -47 61 -49 -50 -51 51 -53 54 -55 55 -57 57 58 -60 60 -62 -63
leaf_value=1.4105653444882605e-05 0.0061191765502804805 -0.0011409143558038133 0.010929946508258582 0.0059741665842011574 -0.0019584859486325937 -0.0025622056847039078 -0.016387617132568266 -0.0050338405406191236 -0.00083749674418608522 0.005342368617099017 0.0041099263858632188 0.0024453767741631186 0.0043667399477804215 -0.0086960233747959137 -0.00040203164068934247 -0.0033626862918488712 -0.00023163673415018077 -0.0030669191076109809 -0.0027414510142989459 -0.0087335342809092258 0.0060574879869818689 -0.0025850332856082658 -0.0084106791425835013 -0.00075086862353045602 0.0017608420922253986 -0.010070557443781153 -0.0068731998722698241 -0.00097083421728669489 -0.00045393378594939346 0.0065473578410455953 0.0081209596528206019 -0.0020315214052309539 -0.0077276384350485538 -0.004623527307875264 -0.0024663023462164263 0.0050933312542232071 0.0041651658187417881 -0.0054993428997005579 -0.0046042825530974137 0.0044840337645665222 0.0031646814155993201 0.011366061318133558 -0.0095368422567844394 0.00069069428578147612 -0.002760496640345082 -0.0035592416417784991 -0.00013115133301147983 0.0012621245373828482 0.01244477959222753 0.0038856050674372388 0.0024341816557270864 -0.00099923230711052415 -0.0012370959226973355 -0.0075916638203824939 -0.0060187455134776734 0.0034184693113274989 0.00081307918298989534 0.0046430236711115626 0.011357336141394848 0.00076436049504471687 -0.0068038100032540771 0.0043381427354351795
leaf_weight=54881 21 35 20 23 376 28 24 21 56 47 80 42 41 22 39 126 44 27 47 20 20 56 22 154 53 34 37 107 569 40 25 22 39 39 21 48 23 27 31 37 31 35 20 29 25 48 54 26 22 27 155 126 30 26 30 32 57 91 33 42 23 54
leaf_count=54881 21 35 20 23 376 28 24 21 56 47 80 42 41 22 39 126 44 27 47 20 20 56 22 154 53 34 37 107 569 40 25 22 39 39 21 48 23 27 31 37 31 35 20 29 25 48 54 26 22 27 155 126 30 26 30 32 57 91 33 42 23 54
internal_value=1.15871e-12 -0.000364322 0.00309486 -0.000481932 -0.000906083 -0.00374649 -0.00673682 -0.0110892 0.00105978 -0.000705006 -0.000397162 0.00170598 0.0005191 -0.00101248 -0.00339331 -0.000696938 -0.0009374 0.00156042 0.00058603 -0.0020962 -0.000114902 0.000908342 -0.000655754 -0.00163173 -0.000273582 -0.00387309 -0.00193687 -0.00223964 -1.00858e-05 0.00299646 0.00379934 0.0027853 1.93684e-05 -0.00196604 0.000114537 0.00279257 2.46419e-05 0.00127625 0.0016968 0.00332462 0.00511031 0.00703963 -0.00104039 -0.00348381 0.00156285 -0.000462026 0.000607516 0.00512285 0.0070168 0.000603083 0.0012012 0.001031 0.00152389 0.000225733 0.00269366 -0.00114792 0.00382246 0.00466106 0.0064299 0.00114961 -0.00191361 0.0021035
internal_weight=58440 2950 97 2853 2042 135 80 45 77 1907 1531 191 144 103 61 1340 1211 129 811 87 67 724 1085 432 269 163 191 129 653 84 78 102 55490 147 108 69 55343 462 435 248 176 114 72 49 62 187 139 79 53 55 668 645 519 246 273 62 211 181 124 220 65 108
internal_count=58440 2950 97 2853 2042 135 80 45 77 1907 1531 191 144 103 61 1340 1211 129 811 87 67 724 1085 432 269 163 191 129 653 84 78 102 55490 147 108 69 55343 462 435 248 176 114 72 49 62 187 139 79 53 55 668 645 519 246 273 62 211 181 124 220 65 108
is_linear=0
shrinkage=0.1


Tree=97
num_leaves=63
num_cat=0
split_feature=8 6 11 3 9 10 6 12 7 8 0 6 7 12 9 6 3 9 1 8 11 6 6 6 10 7 9 10 12 9 8 8 9 10 8 10 6 7 5 3 6 11 3 9 8 12 11 8 10 8 9 6 3 12 6 6 1 8 11 3 11 1
split_gain=0.0413731 0.198039 0.371927 0.14968 0.177087 0.150917 0.253011 0.331171 0.302648 0.410676 0.244543 0.329451 0.273843 0.243395 0.218666 0.335104 0.254061 0.235795 0.242427 0.255548 0.227889 0.211852 0.264656 0.435209 0.350424 0.251099 0.31827 0.242676 0.227198 0.367333 0.215987 0.421339 0.210896 0.207675 0.365094 0.199208 0.189631 0.186884 0.46883 0.336005 0.36221 0.460474 0.293347 0.285962 0.578174 0.423356 0.243725 0.202156 0.185398 0.185045 0.184873 0.184299 0.180754 0.213795 0.178884 0.529484 0.236181 0.251956 0.175834 0.168432 0.167673 0.189336
threshold=28.389000000000006 0.99983759474438971 2.3876500000000003 358.50000000000006 81.911000000000016 2.1110000000000002 -0.73866753694953124 6.2252500000000008 0.73136292505298039 29.121000000000006 -6.9999999999999991 0.71503381463111937 0.99138911339924218 3.3997000000000006 80.805000000000021 -0.78326540922535159 310.50000000000006 79.545000000000016 112.00000000000001 28.617000000000008 2.4843500000000005 0.92602006027323147 0.86113431103781346 0.82414472752956958 2.4450000000000007 0.81800285027139286 85.577000000000012 19.705000000000002 3.5183000000000004 81.571000000000012 28.617000000000008 28.761000000000006 80.619000000000014 4.4910000000000014 28.911000000000005 1.0490000000000002 0.88621069759564464 0.42763731121559989 0.6830127018922193 272.50000000000006 0.65233619298682533 2.1421000000000006 138.50000000000003 77.719000000000008 28.951000000000004 5.8645000000000005 3.0283500000000001 29.621000000000006 5.3430000000000009 29.453000000000007 78.77500000000002 -0.97509794945709805 277.50000000000006 5.4637000000000002 0.84313847884979054 0.87397152483179585 110.00000000000001 28.993000000000006 2.0190000000000006 269.50000000000006 2.7075500000000003 114.00000000000001
decision_type=2 2 2 2 2 2 2 2 2 2 2 2 2 2 2 2 2 2 2 2 2 2 2 2 2 2 2 2 2 2 2 2 2 2 2 2 2 2 2 2 2 2 2 2 2 2 2 2 2 2 2 2 2 2 2 2 2 2 2 2 2 2
left_child=-1 3 -3 5 -5 10 14 21 9 48 32 12 37 36 15 16 17 18 20 -20 -7 22 23 25 -25 26 58 -23 -24 -30 -31 -32 54 -17 -35 -15 -13 39 47 40 59 -42 -43 44 45 -40 -46 50 -9 -22 -39 -19 53 -41 60 -56 -57 -58 -8 -12 61 -2
right_child=1 2 -4 4 -6 6 7 8 -10 -11 11 13 -14 35 -16 33 -18 51 19 -21 49 27 28 24 -26 -27 -28 -29 29 30 31 -33 -34 34 -36 -37 -38 38 43 52 41 42 -44 -45 46 -47 -48 -49 -50 -51 -52 -53 -54 -55 55 56 57 -59 -60 -61 -62 -63
leaf_value=4.4084008876539206e-05 -0.0019173597814140847 0.0019457719275070466 -0.012739437485912018 0.0033843257714788752 -0.0042909750282498346 0.0057351389182273491 -8.8457397595491439e-05 -0.0017257983063913504 0.00038711404913668466 -0.017048480278445462 0.00077459053029420462 0.0014542850274463289 -0.009976979790048468 0.0039139489190210706 0.0049306789896945702 0.00056950153613632374 -0.010175638627977325 -0.013763949908316137 -0.00792891239239411 0.00030267223018502895 0.0012987753195391801 0.00017001717262876505 -0.0014173274980200355 -0.0080688881890281384 0.0049517121227622479 0.00017304281765791806 0.005274934120332966 0.0055478371344449169 -0.0007139239831768135 -0.015653965219057032 0.003785449765356524 -0.010994127451539821 0.0016941655106972508 0.0026406969263916835 0.018769229497760536 0.0009866813336377356 -0.0047951090777943652 0.0018865864685492465 -0.0035499597738962623 -0.001424551453139331 0.0020219048766347654 -0.017336576175073098 -0.0047839958910257203 0.0029935508719192146 0.0024974889902083519 -0.016467084836981751 -0.0054733661489318255 0.012698213487331356 -0.010650449608113956 -0.0086677340125398978 0.0094551752182714492 -0.0021007361661066256 -0.0016258641792473015 -0.01210369127557466 -0.015332365492084886 0.0010048982757167729 -0.0023207715479657055 -0.013839666862730627 -0.002364432451409328 0.006632873245432754 0.0022698770171234338 0.0013556567081271134
leaf_weight=45853 852 34 35 213 35 122 441 79 81 33 1302 117 27 559 128 44 26 20 55 120 165 1077 393 23 204 1322 65 91 94 35 28 62 283 32 25 398 83 103 100 37 65 29 52 226 231 34 46 35 33 21 47 42 595 38 34 121 64 27 1474 51 156 223
leaf_count=45853 852 34 35 213 35 122 441 79 81 33 1302 117 27 559 128 44 26 20 55 120 165 1077 393 23 204 1322 65 91 94 35 28 62 283 32 25 398 83 103 100 37 65 29 52 226 231 34 46 35 33 21 47 42 595 38 34 121 64 27 1474 51 156 223
internal_value=-2.34072e-12 -0.000160593 -0.00550325 -0.000131144 0.00230112 -0.000180305 -0.000519761 -0.000760022 -0.00450906 -0.00724416 0.00018203 0.000598799 4.87847e-05 0.0020335 0.00114254 0.000420993 -0.000518185 -5.74623e-05 0.00068777 -0.0022844 0.0023765 -0.000600428 -0.000935918 -0.000602999 0.00363244 -0.00089417 -0.00160672 0.000589008 -0.00285564 -0.00543672 -0.00898826 -0.00639604 -0.000806612 0.00573061 0.00971461 0.00269655 -0.00113921 0.000139288 0.00142331 -0.000347326 0.000484782 -0.00424729 -0.00927813 0.000136281 -0.00143487 -0.00682744 0.00117381 0.00585486 -0.00435538 0.000173524 0.00425808 -0.00586306 -0.00220901 -0.00683532 -0.00128577 -0.00374759 -0.00188966 -0.00573847 -0.0018403 0.000995413 -0.000793809 -0.0012384
internal_weight=58440 12587 69 12518 248 12270 6335 5535 226 145 5935 4175 3018 1157 800 672 571 545 483 175 308 5309 4141 3529 227 3302 1980 1168 612 219 125 90 1760 101 57 957 200 2991 822 2169 1499 146 81 637 411 134 277 185 112 186 150 62 670 75 1477 246 212 91 1915 1353 1231 1075
internal_count=58440 12587 69 12518 248 12270 6335 5535 226 145 5935 4175 3018 1157 800 672 571 545 483 175 308 5309 4141 3529 227 3302 1980 1168 612 219 125 90 1760 101 57 957 200 2991 822 2169 1499 146 81 637 411 134 277 185 112 186 150 62 670 75 1477 246 212 91 1915 1353 1231 1075
is_linear=0
shrinkage=0.1


Tree=98
num_leaves=63
num_cat=0
split_feature=6 6 9 10 12 12 9 8 11 11 7 0 11 8 12 9 11 3 0 0 10 1 10 7 8 9 3 8 1 12 11 6 11 6 12 10 3 11 7 3 11 1 3 9 9 0 1 12 11 3 3 3 9 8 0 8 10 7 11 11 8 3
split_gain=0.0433191 0.283973 0.194296 0.389533 0.229297 0.160419 0.204403 0.194163 0.436021 0.287621 0.348114 0.435651 0.360676 0.283075 0.276386 0.399697 0.292038 0.544956 0.363134 0.329408 0.26753 0.237411 0.235162 0.297997 0.231833 0.242914 0.222777 0.202498 0.199742 0.190535 0.190161 0.211324 0.221396 0.224643 0.186129 0.273521 0.276603 0.191247 0.456604 0.183267 0.182301 0.189897 0.17911 0.176984 0.173643 0.166458 0.1591 0.185137 0.272541 0.232552 0.238155 0.347903 0.260413 0.196981 0.344025 0.256779 0.221366 0.196788 0.238962 0.19007 0.386658 0.229349
threshold=0.52766072109828632 0.51297097409535064 83.429000000000016 1.2110000000000003 4.5282000000000009 4.1293000000000015 86.871000000000024 27.331000000000007 2.5439000000000003 2.5261 0.68274389090025245 -5.9999999999999991 2.5811000000000006 27.861000000000004 5.2338000000000013 81.339000000000013 2.0862000000000003 102.50000000000001 -5.9999999999999991 -7.9999999999999991 4.6770000000000014 107.00000000000001 0.80100000000000027 -0.30164489695395946 28.861000000000008 84.435000000000016 50.500000000000007 28.221000000000007 112.00000000000001 5.1481000000000003 2.5439000000000003 0.96234642434711437 2.7008500000000004 0.9916835347852474 4.9452000000000007 1.7110000000000005 140.50000000000003 2.1745000000000005 -0.16799793862756093 128.50000000000003 2.6317000000000008 113.00000000000001 122.50000000000001 83.661000000000016 72.271000000000029 -6.9999999999999991 112.00000000000001 6.2252500000000008 2.6058000000000008 319.50000000000006 341.50000000000006 349.50000000000006 78.131000000000014 26.319000000000006 -7.9999999999999991 27.549000000000007 0.20100000000000007 -0.84313311835787952 1.6631000000000002 2.1421000000000006 27.901000000000007 293.50000000000006
decision_type=2 2 2 2 2 2 2 2 2 2 2 2 2 2 2 2 2 2 2 2 2 2 2 2 2 2 2 2 2 2 2 2 2 2 2 2 2 2 2 2 2 2 2 2 2 2 2 2 2 2 2 2 2 2 2 2 2 2 2 2 2 2
left_child=1 46 3 -3 -5 44 7 8 22 14 11 27 -13 -12 26 -16 21 24 19 -19 40 39 23 -7 25 -18 45 30 -10 34 -11 -32 33 -33 -28 36 -36 -37 -39 -17 -14 -42 -8 -22 -2 -9 -1 53 49 59 -51 -52 -53 57 55 -55 -57 -48 -59 61 -61 -49
right_child=5 2 -4 4 -6 6 42 9 28 10 13 12 20 -15 15 16 17 18 -20 -21 43 -23 -24 -25 -26 -27 29 -29 -30 -31 31 32 -34 -35 35 37 -38 38 -40 -41 41 -43 -44 -45 -46 -47 47 48 -50 50 51 52 -54 54 -56 56 -58 58 -60 60 -62 -63
leaf_value=9.6537010454367028e-05 -0.0085926573529529083 0.00013171857195522856 -0.00062311861927410962 -0.0060867738334179321 -0.016698138109495633 0.00082136926862100767 -0.003744326717896024 0.0013043371077370027 0.0048593109649972934 0.0026454510677251081 -0.0024098332780080715 -0.0067299471078616268 0.0082115975647376709 0.0065894553215012606 0.00083600559575261078 0.0077023273232043723 0.00080133618948702984 -0.0090018346863375478 -0.002561809987295419 -0.026306807427582419 0.011237480565804342 -0.0014120588549298837 0.0026831183123599313 -0.0059138727246738796 -0.011582756643606858 -0.0096486520807957284 0.0021464094609905168 -0.0021022717184465082 0.014119313395268465 0.0051566274856905576 -0.0042335074874713568 -0.023803154882043601 -0.0058860414986347045 -0.0094531422480940829 0.0049991194440355139 0.00059863354517694786 -0.0029602503331702655 -0.013780435739453277 -0.00065178912186968161 -0.0028999037190299971 -0.0023499525141949858 0.0065575031765108399 0.00044616380442057742 0.00015810052199023112 -7.8201958458431117e-05 -0.0090803332231713073 -0.00014545101466650803 0.00061877420153754424 0.0055733908973724664 -0.0088234961788468767 0.0087353688889536367 -0.00024006516240271077 -0.012514733593910933 0.00022091744137992019 -0.00061011559239310023 -0.00509167321647207 0.003824274767038398 -0.0084757865113656849 -0.0020471548348757365 0.0064658901200776824 -0.0049347792164912028 0.0049384866979808604
leaf_weight=27468 24 68 164 56 32 315 205 29 66 21 56 53 26 93 1937 56 154 22 25 22 46 378 494 83 22 26 1255 239 36 161 99 20 43 24 129 85 66 43 69 23 137 29 203 21 12012 33 594 1277 103 53 29 56 25 973 7013 30 388 62 858 38 137 136
leaf_count=27468 24 68 164 56 32 315 205 29 66 21 56 53 26 93 1937 56 154 22 25 22 46 378 494 83 22 26 1255 239 36 161 99 20 43 24 129 85 66 43 69 23 137 29 203 21 12012 33 594 1277 103 53 29 56 25 973 7013 30 388 62 858 38 137 136
internal_value=-4.71618e-13 -5.94781e-05 -0.00302636 -0.00555284 -0.00994545 0.000124627 0.000511184 0.000648781 0.00193395 0.00041404 -0.00121157 -0.00208016 0.000786162 0.00320717 0.000739162 8.52165e-05 -0.00191242 -0.00451334 -0.012186 -0.0176543 0.00232421 -0.000370078 0.00122572 -0.000583216 -0.00189247 -0.000708107 0.00167112 -0.0040853 0.00812755 0.00187324 -0.00637488 -0.00739331 -0.0109889 -0.0159759 0.00155228 -0.000349843 0.00230518 -0.00297791 -0.00569225 0.0046156 0.000425654 -0.000793831 -0.00165935 0.00776484 -9.51799e-05 -0.00422299 -3.52834e-05 -0.000342864 0.000574367 0.000280306 -0.00331676 -0.000663512 -0.00402854 -0.000514325 -0.000325169 0.00111145 0.00318437 -0.0015643 -0.00248039 0.000649526 -0.00245921 0.00103454
internal_weight=58440 39560 320 156 88 18880 6844 6436 994 5442 907 758 312 149 4535 2665 728 271 69 44 259 457 892 398 202 180 1870 446 102 1808 207 186 87 44 1647 392 195 197 112 79 192 166 408 67 12036 62 39240 11772 1854 1751 163 110 81 9918 8404 1391 418 1514 920 1588 175 1413
internal_count=58440 39560 320 156 88 18880 6844 6436 994 5442 907 758 312 149 4535 2665 728 271 69 44 259 457 892 398 202 180 1870 446 102 1808 207 186 87 44 1647 392 195 197 112 79 192 166 408 67 12036 62 39240 11772 1854 1751 163 110 81 9918 8404 1391 418 1514 920 1588 175 1413
is_linear=0
shrinkage=0.1


Tree=99
num_leaves=63
num_cat=0
split_feature=11 0 12 7 10 12 9 8 8 8 7 8 9 8 11 8 1 1 10 9 9 3 8 1 11 8 12 3 11 12 1 10 1 9 9 1 8 1 8 10 3 8 0 1 10 1 11 10 7 2 8 10 9 9 10 12 11 11 10 9 9 8
split_gain=0.0409056 0.0498618 0.0649521 0.0476731 0.117646 0.290289 0.0808046 0.079989 0.121921 0.081021 0.0798789 0.118252 0.220714 0.13949 0.105579 0.104853 0.128957 0.103975 0.0995135 0.0681102 0.0969489 0.13944 0.108874 0.0697289 0.0909985 0.0652152 0.130088 0.0636562 0.0940821 0.0922274 0.139106 0.110632 0.0633962 0.0558754 0.107187 0.073658 0.0808545 0.0803879 0.072613 0.0500562 0.078573 0.0587916 0.0649628 0.0937037 0.0836516 0.121533 0.0690503 0.0498998 0.0469956 0.135629 0.11646 0.143376 0.216949 0.154258 0.146894 0.0944353 0.0776272 0.154931 0.103844 0.0909237 0.0801073 0.0618773
threshold=3.6831500000000004 -6.9999999999999991 2.0123000000000002 0.9989598388634241 26.615000000000006 1.5868500000000003 90.897000000000034 29.453000000000007 29.147000000000009 27.379000000000005 0.9980355542543059 25.215000000000007 85.837000000000003 28.531000000000009 2.7951500000000005 28.011000000000006 111.00000000000001 112.00000000000001 4.9230000000000009 81.435000000000016 80.941000000000017 364.50000000000006 28.691000000000006 107.00000000000001 2.7426000000000008 28.071000000000009 0.98445000000000016 4.5000000000000009 3.1098000000000003 1.1790000000000003 109.00000000000001 9.4210000000000012 110.00000000000001 86.951000000000022 86.14400000000002 111.00000000000001 26.931000000000008 113.00000000000001 25.521000000000004 52.884000000000007 337.50000000000006 24.631000000000004 -7.9999999999999991 110.00000000000001 66.159000000000006 109.00000000000001 2.1961000000000008 4.5550000000000006 -0.99938741687870725 6.5000000000000009 28.011000000000006 6.1910000000000016 80.669000000000025 79.881000000000014 0.56100000000000017 0.92125000000000012 2.1536500000000003 2.0754000000000006 6.4210000000000012 85.051000000000016 82.171000000000035 27.767000000000007
decision_type=2 2 2 2 2 2 2 2 2 2 2 2 2 2 2 2 2 2 2 2 2 2 2 2 2 2 2 2 2 2 2 2 2 2 2 2 2 2 2 2 2 2 2 2 2 2 2 2 2 2 2 2 2 2 2 2 2 2 2 2 2 2
left_child=3 -2 -3 10 6 32 7 8 9 33 27 -12 13 15 -14 18 -17 -15 -13 20 21 22 47 24 -21 26 -25 28 29 31 -31 -1 -6 34 35 36 -5 -37 -35 48 41 -41 43 -43 46 -46 -44 -11 49 61 55 52 53 54 -52 -51 57 59 60 -57 -58 -29
right_child=1 2 -4 4 5 -7 -8 -9 -10 19 11 12 14 17 -16 16 -18 -19 -20 23 -22 -23 -24 25 -26 -27 -28 39 -30 30 -32 -33 -34 38 -36 37 -38 -39 -40 40 -42 42 44 -45 45 -47 -48 -49 -50 50 51 -53 -54 -55 -56 56 58 -59 -60 -61 -62 -63
leaf_value=-0.0055813822143880483 0.0030722825994113617 -0.0023907491199648139 0.00226487042505288 0.0036142577321323401 0.0029326039545524581 -0.014151186030358077 0.0053696809433555854 0.0051432662759907551 -0.0077314038086721375 -0.00032896349996166391 -0.0043601849054296813 0.00586485156981165 0.00437644451068571 0.0092443085395761074 0.014040626853238793 -0.0094827262917533527 0.00042685307241205513 0.00025533364896546118 -0.00044824803407731882 -0.00077740218733776028 -0.0068289585489158828 0.0071880259451323333 0.0037250256128609181 0.00074570231117089569 0.0073439979220967042 0.0024614147984007156 -0.0067800404084846378 -0.000588987746716037 0.001800239903589144 -0.012092019358048371 -0.0024158155315746675 0.0039717268144832578 -0.0032956666170238431 -0.0024711835022527178 -0.0089260792635657178 -0.0097127268172334889 -0.0035083989457537733 -0.0010440911424508237 0.0028240959821010216 -0.0037387687385220221 0.0060778741616134844 -0.0057615039404481649 0.00027340231892211659 0.002282138154675652 0.002837748034100104 -0.0033621686960064005 0.0054610478043367596 -0.0061484350010798106 4.788043476298864e-06 -0.0054038775372984155 -0.00099013233723651097 0.0020827848755288871 -0.012551109830383211 0.0045239551613728201 -0.0095130343016278807 -0.0019963873432802589 0.001005992440220255 -0.0093759806314483302 -0.0025787618082876388 0.0034267026055604223 0.0085897220775950703 0.0029737049415485845
leaf_weight=22 96 58 62 34 26 22 24 24 24 23 30 34 26 31 20 24 29 22 94 22 27 21 25 98 37 93 30 91 46 24 39 27 44 61 27 20 30 23 45 27 30 30 38 28 71 57 79 41 55945 35 42 32 32 21 39 81 26 20 26 50 30 105
leaf_count=22 96 58 62 34 26 22 24 24 24 23 30 34 26 31 20 24 29 22 94 22 27 21 25 98 37 93 30 91 46 24 39 27 44 61 27 20 30 23 45 27 30 30 38 28 71 57 79 41 55945 35 42 32 32 21 39 81 26 20 26 50 30 105
internal_value=-1.28804e-12 0.0013736 1.46543e-05 -5.0958e-06 -0.000761722 -0.00413139 -0.000336469 -0.000530721 -0.000730686 -0.000474952 5.72577e-06 0.00160661 0.00224591 0.00100108 0.00857826 -0.000320094 -0.0040605 0.00551304 0.00122867 0.000367517 -0.00145956 -0.000141616 -0.00187108 0.00126148 0.00431568 0.000446105 -0.00101814 -2.9666e-06 -0.00200739 -0.00357124 -0.00610199 -0.000317424 -0.000982309 -0.00193874 -0.00329582 -0.0018751 0.000275512 -0.00507601 -0.000223187 2.59587e-06 0.00117804 0.000732596 0.00113103 -0.00187837 0.00184346 7.68476e-05 0.00377617 -0.00405706 -4.88373e-06 -0.000863752 -0.00184978 -0.00393119 -0.00536736 -0.00311364 -0.00509375 -0.000560552 0.000166986 -0.00117809 0.0026439 7.34943e-05 0.0050687 0.0013196
internal_weight=58440 216 120 58224 821 92 729 705 681 657 57403 310 280 234 46 181 53 53 128 417 137 110 89 280 59 221 128 57093 158 112 63 49 70 240 134 107 64 43 106 56935 360 330 303 58 245 128 117 64 56575 630 434 166 134 102 81 268 233 151 82 131 56 196
internal_count=58440 216 120 58224 821 92 729 705 681 657 57403 310 280 234 46 181 53 53 128 417 137 110 89 280 59 221 128 57093 158 112 63 49 70 240 134 107 64 43 106 56935 360 330 303 58 245 128 117 64 56575 630 434 166 134 102 81 268 233 151 82 131 56 196
is_linear=0
shrinkage=0.1


Tree=100
num_leaves=63
num_cat=0
split_feature=12 3 8 3 9 9 0 8 12 9 1 12 8 3 8 12 11 12 10 8 12 3 9 6 2 3 1 3 8 1 12 12 10 8 8 1 1 10 12 8 10 9 8 11 8 0 9 0 8 11 12 0 3 12 11 11 10 11 3 10 9 8
split_gain=0.0404905 0.0398196 0.212665 0.177807 0.205986 0.185619 0.157546 0.287372 0.531822 0.274367 0.245955 0.234816 0.214606 0.198686 0.17977 0.16376 0.21761 0.308987 0.201857 0.181978 0.175732 0.152516 0.270791 0.216194 0.245033 1.11462 0.782177 0.340398 0.258572 0.260659 0.262309 0.226443 0.31472 0.281574 0.198053 0.508545 0.190381 0.254825 0.281985 0.176075 0.175895 0.171999 0.207772 0.287997 0.282452 0.32278 0.231118 0.193816 0.364629 0.2613 0.359693 0.275043 0.201997 0.183379 0.192026 0.204867 0.179555 0.201699 0.17045 0.255 0.21805 0.254652
threshold=0.051950000000000003 74.500000000000014 29.621000000000006 66.500000000000014 79.111000000000018 74.39700000000002 -5.9999999999999991 28.861000000000008 2.4683000000000006 79.241 106.00000000000001 4.5968500000000008 28.001000000000008 62.500000000000007 27.981000000000005 5.2123500000000016 3.1645000000000008 0.47795000000000004 0.58500000000000019 28.131000000000004 7.0436500000000004 88.500000000000014 79.171000000000021 0.98522604642031408 4.5000000000000009 120.50000000000001 110.00000000000001 126.50000000000001 28.791000000000007 108.00000000000001 0.92125000000000012 1.0446000000000002 1.3170000000000004 27.643000000000004 29.071000000000005 108.00000000000001 106.00000000000001 3.0030000000000006 4.6422000000000008 29.173000000000005 24.451000000000004 80.619000000000014 28.091000000000008 3.0611000000000002 27.201000000000004 -7.9999999999999991 83.385000000000019 -5.9999999999999991 27.831000000000007 2.4267500000000006 4.5282000000000009 -6.9999999999999991 84.500000000000014 4.2111500000000008 2.1359000000000008 2.2223000000000002 2.1110000000000002 2.5746000000000007 106.50000000000001 9.0630000000000024 82.609000000000023 28.283000000000005
decision_type=2 2 2 2 2 2 2 2 2 2 2 2 2 2 2 2 2 2 2 2 2 2 2 2 2 2 2 2 2 2 2 2 2 2 2 2 2 2 2 2 2 2 2 2 2 2 2 2 2 2 2 2 2 2 2 2 2 2 2 2 2 2
left_child=-1 2 3 6 5 -5 10 9 -9 -8 15 -10 14 -14 -11 16 17 -2 -17 -19 -20 22 -3 24 25 28 -27 -26 29 58 -31 -25 33 -33 -34 -36 -30 -38 -39 -37 -32 47 44 46 45 -43 -44 49 -49 -24 51 -51 -50 -46 -55 -56 -57 -58 59 60 61 -23
right_child=1 21 -4 4 -6 -7 7 8 11 12 -12 -13 13 -15 -16 18 -18 19 20 -21 -22 23 41 31 27 26 -28 -29 36 30 40 32 34 -35 35 39 37 38 -40 -41 -42 42 43 -45 53 -47 -48 48 52 50 -52 -53 -54 54 55 56 57 -59 -60 -61 -62 -63
leaf_value=-0.0013044268878867934 0.00017838799950873686 0.0015550443563241618 -0.01013287986512296 -0.0034885776902748539 0.00087777488266287172 0.0067942884525449545 -0.0045274396673592402 0.0012564613394295942 -0.020919027141380039 -0.00060201453818414991 0.00046214880865963649 -0.0071133316644201323 0.0017277741591170182 -0.0068774144331525486 -0.0081692931853467599 -0.0066010317699983726 0.0013971840975088932 -0.0066231337627363652 0.0050917917977773937 -0.0013122911617835559 -0.004611613731021467 -0.0033632142643909902 -0.0013764201646480818 -0.0012980730540174861 0.0019238674936185936 -0.031471342043951155 -0.0035039179096929733 -2.2702164833538316e-05 0.0059420369603150692 0.0027922649540145089 -0.0021737499627663488 0.0023466257880911901 0.0023953779229916104 -0.0042744046736342915 -0.014887428629056863 -0.0059495804426462759 0.0019682701853913878 -0.00013366108156898015 -0.0074646510413267477 0.0042517049878370017 -0.010807283736842995 0.0068565574653136237 0.0034251141422773734 -0.0051906808306386616 -0.0018096391424384615 -0.00093405931546506032 -0.0019246122954347359 -0.010975985976983793 0.0065011176840287822 -0.010925147990219115 -0.017133621566674927 0.00022761673899367453 -0.0033299116558875097 -0.0012338646934508828 -0.015983589275740086 -0.014086935838515108 -0.00096188996467390104 -0.011268149225765633 0.0013020714350986369 0.00302426698545997 -0.0005267882134518656 -0.015670683228507124
leaf_weight=237 180 389 20 21 1147 107 152 52 22 1656 7036 28 643 28 32 25 137 216 99 92 23 40 103 355 920 20 20 38181 68 108 1409 106 1339 163 24 23 422 219 69 64 24 60 283 67 310 468 113 24 57 41 33 48 33 66 25 22 64 27 519 65 67 29
leaf_count=237 180 389 20 21 1147 107 152 52 22 1656 7036 28 643 28 32 25 137 216 99 92 23 40 103 355 920 20 20 38181 68 108 1409 106 1339 163 24 23 422 219 69 64 24 60 283 67 310 468 113 24 57 41 33 48 33 66 25 22 64 27 519 65 67 29
internal_value=-1.03569e-12 5.31157e-06 0.000170072 0.00018769 0.00130238 0.00510726 5.1308e-05 -0.000620815 -0.00582408 -0.000409452 0.000276238 -0.0131878 -0.000144113 0.00136869 -0.00074547 -0.00141815 -0.00212449 -0.00311315 0.001585 -0.00503678 0.00326246 -3.62125e-05 -0.000842563 4.47491e-06 -4.45364e-05 -0.000903447 -0.0174876 2.30983e-05 -0.000685162 -0.00122625 -0.00196017 0.00100124 0.00147609 -0.00166537 0.00205888 -0.00200027 0.000887321 0.000403207 -0.00189004 0.00155481 -0.00231835 -0.00134835 -0.000889982 0.000872679 -0.0016732 -4.8762e-05 0.00189855 -0.00338328 -2.40968e-05 -0.00508527 -0.00821652 -0.00491017 0.00289641 -0.00334188 -0.00567029 -0.00779205 -0.00597977 -0.00401979 0.000344554 -0.00212784 -0.00459024 -0.00853592
internal_weight=58440 58203 11716 11696 1275 128 10421 2613 102 2511 7808 50 2359 671 1688 772 625 488 147 308 122 46487 2233 44254 42180 3079 40 39101 3039 2261 1541 2074 1719 269 1450 111 778 710 288 87 1433 1844 1505 463 1042 528 396 339 114 225 122 89 90 514 204 138 113 91 720 201 136 69
internal_count=58440 58203 11716 11696 1275 128 10421 2613 102 2511 7808 50 2359 671 1688 772 625 488 147 308 122 46487 2233 44254 42180 3079 40 39101 3039 2261 1541 2074 1719 269 1450 111 778 710 288 87 1433 1844 1505 463 1042 528 396 339 114 225 122 89 90 514 204 138 113 91 720 201 136 69
is_linear=0
shrinkage=0.1


Tree=101
num_leaves=63
num_cat=0
split_feature=12 11 11 7 6 7 7 7 0 7 8 12 9 12 0 3 8 12 7 9 9 12 3 1 3 10 12 7 12 11 12 9 11 1 8 9 12 8 3 12 7 7 3 9 8 6 8 8 10 12 9 7 12 1 9 8 3 6 6 11 3 8
split_gain=0.0396058 0.120902 0.209612 0.274339 0.0733696 0.0475317 0.0393907 0.261034 0.29117 0.325545 0.248265 0.344176 0.228196 0.223634 0.202359 0.355863 0.263257 0.216621 0.287836 0.473915 0.319679 0.360365 0.471605 0.618167 0.34952 0.332708 0.273782 0.227398 0.32593 0.218918 0.306468 0.215901 0.210344 0.210137 0.274584 0.193657 0.191756 0.287096 0.31966 0.188528 0.186235 0.285991 0.241326 0.225817 0.185989 0.179535 0.251993 0.316666 0.250981 0.233763 0.178003 0.293276 0.243422 0.170293 0.168809 0.168231 0.167916 0.16784 0.321554 0.285541 0.167001 0.207315
threshold=7.7621000000000011 1.5614500000000002 2.2928500000000005 0.45847758937963173 -0.67803021058859214 0.93769647993491489 0.73136292505298039 0.78724360164103002 -6.9999999999999991 0.84658398682345093 27.605000000000008 5.2123500000000016 74.191000000000017 1.2747500000000003 -7.9999999999999991 320.50000000000006 29.507000000000005 2.9932500000000002 0.56191161272202661 85.577000000000012 82.001000000000019 3.5735000000000006 271.50000000000006 109.00000000000001 281.50000000000006 4.9230000000000009 1.1790000000000003 0.69521084835931835 1.9033000000000002 2.6751500000000004 4.0520500000000004 81.619000000000014 2.2271000000000005 110.00000000000001 26.811000000000003 83.385000000000019 5.4407000000000005 25.591000000000005 283.50000000000006 3.2718000000000003 -0.21022037796396451 -0.3744658827978154 313.50000000000006 77.801000000000016 28.911000000000005 0.62587949062545845 29.201000000000004 28.131000000000004 1.1430000000000005 2.1798000000000006 71.856000000000009 0.95436825032516992 3.1554000000000006 111.00000000000001 87.541000000000011 27.521000000000004 296.50000000000006 0.97875492728876534 0.99552231814189451 2.1476500000000005 58.500000000000007 28.911000000000005
decision_type=2 2 2 2 2 2 2 2 2 2 2 2 2 2 2 2 2 2 2 2 2 2 2 2 2 2 2 2 2 2 2 2 2 2 2 2 2 2 2 2 2 2 2 2 2 2 2 2 2 2 2 2 2 2 2 2 2 2 2 2 2 2
left_child=6 -2 3 -3 -4 -5 14 10 9 13 11 -8 50 -9 15 16 17 26 20 29 21 22 31 -24 39 -26 -1 33 -29 30 -20 32 -19 40 56 -30 37 -23 -39 -22 41 43 -42 -28 -38 46 47 49 -49 -12 -10 52 -52 -48 -15 -21 -35 59 -59 -41 61 -16
right_child=1 2 4 5 -6 -7 7 8 12 -11 45 -13 -14 54 60 -17 -18 18 19 55 24 36 23 -25 25 -27 27 28 35 -31 -32 -33 -34 34 -36 -37 44 38 -40 57 42 -43 -44 -45 -46 -47 53 48 -50 -51 51 -53 -54 -55 -56 -57 -58 58 -60 -61 -62 -63
leaf_value=3.9772392367399562e-05 0.0041884662481116424 -0.013389564483341845 0.00039903478297804084 -0.0038322753315283495 0.0075756127335901927 0.0021330586525008959 -0.0021999958268800637 0.00068412931769731204 0.00070579751585942829 0.0001781156348353862 -0.0032743860703991039 -0.012493177404736773 -0.00037545900644502298 0.0045495417815850743 0.0013218583157212189 0.0090852166269905863 -0.0097189150541089481 -0.0062614428038757887 -0.0069597435449915276 -0.002199425072746074 0.0033259098709764326 -0.0071553852964551697 -0.02385429536493925 -0.00046969127841293816 0.0050859777767613282 -0.0023629031226102435 -0.012231717616404323 -0.01800116454472854 -0.0098021259442681377 0.0064288102336676521 0.0031650723485707696 -0.010998270811083226 0.0010968095547811616 -0.0020769373894563617 0.0011722528958107476 0.0034800442603781174 0.00017220033254073373 -0.00056569481297913209 -0.0049303959337824686 0.00037623790730979275 -0.0054333821967679219 0.0058717187137362807 0.0041034272454422097 -0.0017920180625776668 -0.0072884898605372981 0.0020936536441900724 0.0088285931903454989 -0.013249488849292643 -0.0032697288405856059 0.0038854873450187019 -0.004967000643196314 -0.0023185117423940352 -0.019363582526178411 0.00044311374941891107 -0.00068169862553413502 -0.013149734968319535 -0.011307711163092227 0.0054720265342540295 -0.0020964379793124112 -0.0017171092900002756 0.00011046578555510032 -0.0041187757542452538
leaf_weight=1204 89 22 28 22 29 34 729 488 56 5164 76 34 5982 398 1726 40 30 57 35 47 174 83 26 20 271 77 22 21 21 164 205 26 122 320 421 23 1939 1331 192 2199 312 47 29 356 34 248 36 28 252 114 23 78 24 74 73 20 21 144 92 926 31489 73
leaf_count=1204 89 22 28 22 29 34 729 488 56 5164 76 34 5982 398 1726 40 30 57 35 47 174 83 26 20 271 77 22 21 21 164 205 26 122 320 421 23 1939 1331 192 2199 312 47 29 356 34 248 36 28 252 114 23 78 24 74 73 20 21 144 92 926 31489 73
internal_value=-1.9888e-12 0.00132716 -0.000559191 -0.00392765 0.00405028 -0.000210465 -5.10655e-06 -0.000152142 3.93259e-06 0.00049234 -0.00135738 -0.00265867 -0.000481305 0.00218437 4.09117e-05 -0.000329864 -0.000364067 -0.000338509 -7.88566e-05 0.00232103 -0.000225408 -0.000873639 -0.00453646 -0.0136871 0.000413976 0.00343781 -0.00109825 -0.00195838 -0.0077512 0.00361281 0.00168854 -0.00248315 -0.00124632 -0.00171195 -0.000536172 -0.00285917 -0.00061676 -0.00142807 -0.00111594 0.000116298 -0.00288159 -0.00148491 -0.00462233 -0.00239962 4.36329e-05 -0.000158236 -0.00112111 -0.0021295 -0.0042677 0.00102154 -0.00397948 -0.00607849 -0.0123184 0.00318745 0.00373876 -0.00546817 -0.0026454 -4.98651e-05 0.00252161 -0.000244063 0.000164002 0.00110109
internal_weight=58440 224 135 78 57 56 58216 13877 12286 6123 1591 763 6163 959 44339 11051 11011 10981 8184 471 7713 3830 251 46 3883 348 2797 1593 65 404 240 205 179 1528 762 44 3579 1606 1523 3535 766 425 341 378 1973 828 580 470 280 190 181 125 47 110 471 67 341 3361 236 3125 33288 1799
internal_count=58440 224 135 78 57 56 58216 13877 12286 6123 1591 763 6163 959 44339 11051 11011 10981 8184 471 7713 3830 251 46 3883 348 2797 1593 65 404 240 205 179 1528 762 44 3579 1606 1523 3535 766 425 341 378 1973 828 580 470 280 190 181 125 47 110 471 67 341 3361 236 3125 33288 1799
is_linear=0
shrinkage=0.1


Tree=102
num_leaves=63
num_cat=0
split_feature=11 7 3 9 8 12 1 12 6 10 12 8 9 8 9 1 12 7 12 10 12 7 7 8 8 6 0 12 12 1 12 3 10 11 9 3 12 4 8 8 8 3 3 9 8 6 10 6 6 12 8 11 7 9 7 10 6 11 12 7 2 9
split_gain=0.0389543 0.369806 0.335352 0.194346 0.289791 0.280099 0.190817 0.185877 0.162056 0.194231 0.288042 0.222408 0.175774 0.222017 0.161947 0.257135 0.201353 0.161519 0.171492 0.389046 0.316933 0.285025 0.260615 0.200788 0.157452 0.156944 0.295296 0.268299 0.197343 0.316702 0.185001 0.171915 0.158863 0.169291 0.157104 0.196394 0.152227 0.150516 0.14927 0.149009 0.146619 0.146565 0.203788 0.151356 0.141629 0.14113 0.140556 0.137752 0.135501 0.138034 0.242556 0.195216 0.136152 0.133603 0.131089 0.12905 0.175911 0.135579 0.126773 0.124838 0.220788 0.296224
threshold=2.8261000000000007 0.11478523713130605 86.500000000000014 84.631000000000014 26.611000000000004 1.0118500000000001 112.00000000000001 6.0191000000000008 -0.84315017450793706 5.4110000000000014 2.9665000000000004 27.041000000000007 84.733000000000018 28.741000000000007 84.341000000000022 113.00000000000001 1.8376500000000002 -0.96687281075841669 2.6027 10.141000000000002 1.6592500000000003 -0.28519997588938989 -0.52765736634565841 28.091000000000008 28.041000000000007 -0.61237985104942771 -6.9999999999999991 3.9438000000000009 1.4145500000000002 110.00000000000001 0.50160000000000016 20.500000000000004 2.4450000000000007 2.8859000000000008 86.02300000000001 14.500000000000002 2.3283500000000004 -0.93301270189221908 27.349000000000007 26.319000000000006 27.181000000000004 305.50000000000006 332.50000000000006 81.391000000000034 26.029000000000007 0.30983042691905771 0.15100000000000005 0.99700008544936913 0.99761913169647187 1.8035000000000003 27.777000000000008 2.895 -0.039769286347669845 84.023000000000025 0.74298546529340237 7.7870000000000017 0.94425825643485939 2.8681000000000005 2.1452500000000003 -0.21862536810265826 9.5000000000000018 78.433000000000007
decision_type=2 2 2 2 2 2 2 2 2 2 2 2 2 2 2 2 2 2 2 2 2 2 2 2 2 2 2 2 2 2 2 2 2 2 2 2 2 2 2 2 2 2 2 2 2 2 2 2 2 2 2 2 2 2 2 2 2 2 2 2 2 2
left_child=-1 2 38 4 5 -3 17 8 9 10 -5 -11 24 25 -6 16 45 -4 20 44 22 36 -19 37 -10 27 28 32 29 30 -27 -28 -14 -34 39 -36 53 -23 -2 -30 -35 -7 -43 -44 46 -16 -20 -39 49 -8 -51 -52 -53 -22 -18 57 -57 -33 -50 -46 -61 -62
right_child=1 3 6 7 14 41 48 -9 12 11 -12 -13 13 -15 15 -17 54 18 19 -21 21 23 -24 -25 -26 26 31 -29 34 -31 -32 55 33 40 35 -37 -38 47 -40 -41 -42 42 43 -45 59 -47 -48 -49 58 50 51 52 -54 -55 -56 56 -58 -59 -60 60 61 -63
leaf_value=-4.1018220486658105e-05 -0.014512175085573373 -0.0020234954624460378 -0.0096282640084003404 0.0013030770455755422 0.00044372641536837601 0.0031653360485078713 -0.0030677375855320353 -0.0093812058341096755 -0.0023690153886987407 0.0022663684637874971 0.012295398749411107 -0.007225267291880411 0.0055965886334888642 0.0083288102783262742 -0.0021005981744060087 -0.0036234240461279579 0.011870293048492006 -0.0085343350010940386 -0.0026384992098125322 -0.014176818392505603 0.0094394929897548135 -0.0033553858878024459 -0.0012001333701108575 -0.0054296044250989684 -0.012730163316446125 -0.002330436590717808 -0.0040986138228618074 -0.013537124409340323 0.010708563472849854 -0.0017463826832799017 0.0033593129006358174 -0.0052686200179677045 0.0048683624010300262 -0.0018373052381748783 0.0061205785639364928 0.00028183938670338045 5.3382379552110646e-05 0.0074731830954171564 -0.0048148717661796701 0.0033283703033521309 -0.0074168630335285958 0.013093352220242932 0.010916613308446748 0.0004326765658333898 -0.0044384813984487083 0.0055289721243422137 0.0078792295047875362 -0.00038241862557919287 0.0017501314806599004 0.006356048267951016 -0.0057645730542475885 0.0027446272313682131 -0.0042164600816451845 0.0008943863436191654 0.004684951106056331 -0.0013688302679112842 -0.010307435654913603 0.0011530817291814691 0.0095718389283865699 0.0012499411904603845 0.002372922061809472 -0.0092392568480444415
leaf_weight=46662 22 79 24 59 5960 221 107 22 55 98 40 33 28 30 54 47 43 57 24 28 77 42 323 59 20 72 180 20 33 496 277 36 30 219 68 377 39 49 57 160 60 42 21 40 207 44 27 41 67 68 53 128 36 24 62 515 23 379 30 152 35 59
leaf_count=46662 22 79 24 59 5960 221 107 22 55 98 40 33 28 30 54 47 43 57 24 28 77 42 323 59 20 72 180 20 33 496 277 36 30 219 68 377 39 49 57 160 60 42 21 40 207 44 27 41 67 68 53 128 36 24 62 515 23 379 30 152 35 59
internal_value=1.08801e-12 0.000162506 -0.00114184 0.000403225 0.000716952 0.00331553 -0.0008551 -0.000219801 -0.000158872 0.0024016 0.00574442 -0.000124654 -0.000350201 -0.000230776 0.000548316 0.00304172 0.00458489 -0.00150271 -0.00134582 -0.00270371 -0.000329786 0.00193239 -0.00230026 -0.000579927 -0.00513199 -0.000317149 -4.8744e-05 -0.00228395 0.00087991 -0.000122447 0.0021855 -0.00126427 -0.0016161 -0.00226968 0.00220748 0.00117405 0.00535992 0.00158773 -0.00751539 0.00459027 -0.00303721 0.00461733 0.00773278 0.0040419 -0.00206632 0.00132492 0.00292971 0.00389452 0.000822852 -5.20227e-06 0.00114459 -0.000488491 0.00121658 0.00740897 0.00762752 -0.000728931 -0.00175096 0.000596018 0.00416922 -0.00262878 -0.00110599 -0.00491557
internal_weight=58440 11778 1835 9943 6613 403 1756 3330 3308 230 99 131 3078 3003 6210 250 203 1267 1243 532 711 331 380 191 75 2973 2616 357 1483 845 349 1133 337 309 638 445 140 132 79 193 279 324 103 61 504 98 51 90 489 392 285 217 164 101 105 953 538 415 97 453 246 94
internal_count=58440 11778 1835 9943 6613 403 1756 3330 3308 230 99 131 3078 3003 6210 250 203 1267 1243 532 711 331 380 191 75 2973 2616 357 1483 845 349 1133 337 309 638 445 140 132 79 193 279 324 103 61 504 98 51 90 489 392 285 217 164 101 105 953 538 415 97 453 246 94
is_linear=0
shrinkage=0.1


Tree=103
num_leaves=63
num_cat=0
split_feature=10 11 6 12 7 11 5 12 3 12 1 1 2 8 8 11 12 11 11 11 9 9 8 6 8 8 6 8 6 12 1 8 9 11 12 3 11 9 12 11 12 3 6 6 3 3 3 10 8 0 9 10 10 8 6 12 9 8 0 12 1 6
split_gain=0.0369593 0.0994961 0.116691 0.0916195 0.148814 0.131829 0.122163 0.138367 0.124597 0.0789112 0.0783495 0.0739402 0.141829 0.115344 0.134552 0.11221 0.106388 0.117044 0.1014 0.0825278 0.0719628 0.0699587 0.127296 0.12417 0.0761014 0.0933546 0.117286 0.0831755 0.0742622 0.0668984 0.0768013 0.0663988 0.0597265 0.186138 0.0580573 0.0577607 0.0573942 0.0528724 0.0545905 0.0517939 0.0646453 0.0826336 0.156976 0.0505317 0.284376 0.182531 0.226428 0.360791 0.287718 0.567411 0.390617 0.284064 0.267527 0.22127 0.176344 0.328387 0.190785 0.174573 0.234947 0.481451 0.495859 0.1725
threshold=1.0000000180025095e-35 2.3430000000000004 -0.99630266176052629 5.6742000000000008 0.11478523713130605 1.8366000000000002 -0.5 6.4791500000000015 239.50000000000003 7.2955000000000014 110.00000000000001 112.00000000000001 8.5000000000000018 25.445000000000004 27.931000000000008 1.9194000000000002 5.1481000000000003 2.1687500000000006 2.0516500000000004 2.1308500000000001 73.217000000000027 59.374000000000002 28.183000000000007 -0.95754239937548935 25.631000000000004 26.029000000000007 -0.90893996196865023 26.911000000000005 -0.93545489084327571 4.9880500000000003 111.00000000000001 28.283000000000005 59.374000000000002 2.1037000000000003 6.729000000000001 196.50000000000003 2.2988500000000003 76.447000000000017 4.2853000000000003 1.8030000000000002 6.2917000000000014 204.50000000000003 -0.44504625642270151 -0.97509794945709805 285.50000000000006 267.50000000000006 264.50000000000006 5.4110000000000014 26.551000000000005 -7.9999999999999991 82.30100000000003 1.4590000000000003 0.35100000000000009 28.131000000000004 -0.95244167294248061 4.5709000000000009 77.087000000000032 26.029000000000007 -5.9999999999999991 5.9099000000000013 109.00000000000001 -0.94139628442229062
decision_type=2 2 2 2 2 2 2 2 2 2 2 2 2 2 2 2 2 2 2 2 2 2 2 2 2 2 2 2 2 2 2 2 2 2 2 2 2 2 2 2 2 2 2 2 2 2 2 2 2 2 2 2 2 2 2 2 2 2 2 2 2 2
left_child=1 3 -3 4 11 6 8 20 9 35 -7 12 15 -13 18 29 -17 -18 -15 -14 -8 28 24 -24 -23 -26 -27 -28 -4 -1 -31 -16 33 -2 -10 -5 -21 38 -29 40 -37 -42 -43 44 45 46 -34 48 -48 50 -50 52 -51 -53 55 -45 -57 -46 59 60 -59 -56
right_child=32 2 21 5 -6 10 7 -9 34 -11 -12 13 19 14 31 16 17 -19 -20 36 -22 22 23 -25 25 26 27 37 -30 30 -32 -33 43 -35 -36 39 -38 -39 -40 -41 41 42 -44 54 57 -47 47 -49 49 51 -52 53 -54 -55 61 56 -58 58 -60 -61 -62 -63
leaf_value=-0.0058572321074704331 -0.011100298445671798 0.0069661626522429286 0.0012227124152039844 0.0020954240559374004 -0.0089825022477833995 -0.00026046440327830129 -0.011728303441777825 -0.00090678089729044587 0.0019384802416898311 0.0054665725247244924 0.0026627849599757916 0.0029571201358339749 -0.0069276156173353753 -0.0031618976562570499 0.0034787915893556443 0.00055432380869470149 0.002679086814397106 0.010576163362154899 -0.0095780165051514311 5.1655784678681717e-05 -0.0035265007056295874 -0.00089431940877277938 0.0028326193724448486 -0.0060079888430760904 0.0091131860051642775 -0.0023637198308545234 -0.0016183415520936253 0.0039616524887969721 0.0088914865303946575 0.0020242262056167676 -0.0039611301876397598 -0.0021625864416516078 -7.1581968267983876e-05 0.00011240603144917834 0.0087536000763066123 -0.0025199305489572543 -0.0054630036251619466 0.0021989100198778842 0.011035642625453573 0.0037560544345372673 -0.0031059886863524164 -0.00044378890175436278 0.0074021781959077897 -0.00039607552060514544 0.0033818797734768494 0.00025307723697000562 -9.3063244033449643e-05 0.0025728586887087388 -0.0067178894810023763 -0.005019525659736246 -0.025393140385858715 -0.0030328915568275587 0.005952576333074831 -0.012843591622770469 -0.0017665576735349086 0.00033080621365586232 0.0036572730616486714 -0.013074495538956288 0.00025691335264127702 -0.02141194878065068 0.0045384178328658304 -1.1197025189456676e-07
leaf_weight=30 20 40 28 89 21 122 20 150 25 26 369 40 35 78 34 248 102 23 36 77 23 70 24 47 22 41 20 20 23 53 36 54 579 57 25 161 25 27 24 24 54 102 34 767 23 2579 96 87 21 50 24 45 40 47 559 261 508 33 40 23 31 50048
leaf_count=30 20 40 28 89 21 122 20 150 25 26 369 40 35 78 34 248 102 23 36 77 23 70 24 47 22 41 20 20 23 53 36 54 579 57 25 161 25 27 24 24 54 102 34 767 23 2579 96 87 21 50 24 45 40 47 559 261 508 33 40 23 31 50048
internal_value=7.40428e-13 0.000376025 0.00185249 0.000106688 -0.000664117 0.000668419 -0.000180964 -0.00234038 0.000590827 0.000105601 0.00193644 -0.000463558 0.000107938 -0.00194898 -0.00292048 0.00090032 0.00175333 0.00413215 -0.00518804 -0.00273769 -0.00734129 0.00126131 0.000670084 -0.00301961 0.00183959 0.00308227 0.00207712 0.00407794 0.00468118 -0.00177339 -0.000396817 1.70369e-05 -1.68189e-05 -0.00279998 0.00534604 -0.000194799 -0.00129998 0.00568252 0.00782019 -0.000738345 -0.00104565 0.000203601 0.0015177 -1.29825e-05 -0.000369164 -0.000189845 -0.00134485 -0.00314295 -0.0046825 -0.00662341 -0.016678 -0.00413737 -0.000143036 -0.00804488 1.24146e-05 0.001068 0.00252826 -0.00463455 -0.00608634 -0.00900278 -0.00454324 -1.9624e-05
internal_weight=58440 2502 386 2116 892 1224 733 193 540 490 491 871 629 242 202 492 373 125 114 137 43 346 295 71 224 154 132 91 51 119 89 88 55938 77 50 464 102 71 44 375 351 190 136 55861 3718 3568 989 410 323 227 45 182 90 92 52143 1536 769 150 127 87 64 50607
internal_count=58440 2502 386 2116 892 1224 733 193 540 490 491 871 629 242 202 492 373 125 114 137 43 346 295 71 224 154 132 91 51 119 89 88 55938 77 50 464 102 71 44 375 351 190 136 55861 3718 3568 989 410 323 227 45 182 90 92 52143 1536 769 150 127 87 64 50607
is_linear=0
shrinkage=0.1


Tree=104
num_leaves=63
num_cat=0
split_feature=3 12 11 7 3 10 8 8 12 1 1 1 6 12 12 11 7 0 3 9 1 12 9 6 11 8 12 8 8 9 11 6 6 8 12 9 8 11 8 0 3 12 7 7 10 10 11 9 6 6 12 1 11 1 1 6 10 9 9 12 8 11
split_gain=0.0364705 0.0666151 0.0379112 0.302816 0.272593 0.190695 0.408881 0.193928 0.155443 0.154291 0.153898 0.191991 0.23475 0.145636 0.275669 0.672265 0.299204 0.404095 0.346791 0.356241 0.424767 0.272764 0.248399 0.230885 0.419361 0.222717 0.211538 0.178384 0.191455 0.31073 0.208942 0.148006 0.433675 0.191265 0.183629 0.143995 0.3374 0.166741 0.199673 0.232901 0.141047 0.141 0.137744 0.201459 0.192369 0.19981 0.174327 0.266841 0.213485 0.150924 0.140419 0.137485 0.161308 0.134335 0.134326 0.145226 0.176239 0.128131 0.126783 0.125661 0.188113 0.185228
threshold=365.50000000000006 0.89410000000000012 2.8261000000000007 0.11478523713130605 86.500000000000014 1.0810000000000002 28.617000000000008 29.453000000000007 3.8315000000000006 112.00000000000001 113.00000000000001 109.00000000000001 -0.8041866928211282 4.1835500000000012 3.0579500000000004 3.0983000000000005 0.33222858587828868 -6.9999999999999991 320.50000000000006 77.28100000000002 107.00000000000001 4.7607500000000007 80.713000000000022 -0.72696319516528884 3.0854500000000002 27.655000000000008 4.4335500000000012 28.911000000000005 28.571000000000009 81.091000000000022 2.8587500000000006 -0.89406062840022227 -0.88622299073327826 24.735000000000007 1.3748500000000001 77.881000000000014 28.183000000000007 3.4093000000000004 28.491000000000007 -5.9999999999999991 278.50000000000006 4.2853000000000003 0.99611390731392835 0.90070004940655357 4.0990000000000011 5.6030000000000015 3.2764500000000001 80.855000000000032 -0.8781231054254196 -0.30983472475487867 5.1908500000000002 113.00000000000001 3.2595500000000004 111.00000000000001 108.00000000000001 -0.55657520495441892 2.8110000000000008 79.361000000000033 77.801000000000016 5.2123500000000016 27.789000000000005 3.2276500000000001
decision_type=2 2 2 2 2 2 2 2 2 2 2 2 2 2 2 2 2 2 2 2 2 2 2 2 2 2 2 2 2 2 2 2 2 2 2 2 2 2 2 2 2 2 2 2 2 2 2 2 2 2 2 2 2 2 2 2 2 2 2 2 2 2
left_child=2 -2 -1 4 -4 6 59 8 58 40 11 -10 -13 14 31 16 17 -16 27 -20 -21 23 -19 24 26 41 -15 28 30 -30 -18 33 -33 -7 -35 36 -17 38 51 -40 -6 -25 43 44 46 50 47 48 -23 -45 -46 52 -37 -38 -27 -56 -57 -42 -8 60 -5 -61
right_child=1 -3 3 5 9 13 7 -9 10 -11 -12 12 -14 21 15 35 18 22 19 20 -22 42 -24 25 -26 54 -28 -29 29 -31 -32 32 -34 34 -36 37 53 -39 39 -41 57 -43 -44 49 45 -47 -48 -49 -50 -51 -52 -53 -54 -55 55 56 -58 -59 -60 61 -62 -63
leaf_value=-3.8381673206598781e-05 0.0010623976374336053 -0.0070994113461347293 -0.0067638367502891195 0.0024674427759227065 -0.0015507329566221053 -0.006237051414791495 -0.0025956100203760276 0.0038879670198166782 -0.00045057787094265222 0.00074980712507885711 -0.00017968224710784853 -0.019330248450506075 -0.0050428216284869806 -0.0081387501467597087 0.0077465544834181112 0.013108142832314354 0.00067266075145768921 0.0013058722275309266 -0.0079182218049174621 -0.0062928562567226192 0.005791688758707155 0.0079964976471204024 -0.012988480739295483 -0.0034642985228587084 0.0010706673030771556 0.0011479692360342937 -0.021707711084745826 0.012913703852716616 0.0073476385892085414 -0.0092758569358424702 0.0071635997650914274 -0.013130947564961391 6.495463010492817e-05 0.0055691795316768064 0.00087741292102843933 0.00096616351533473628 -0.006546338160450642 0.0010954741043209368 -0.015394392552284095 -0.0014143455604260619 -0.00058079860863034371 0.0053083193398554603 0.0084307251098964895 -0.010876723718829454 0.0029536999901756643 0.0016779463769503395 0.0065541319728184208 -0.010160106047987939 -0.0027018974364071973 -0.0015773437217890835 0.01384544255982699 -0.0088167120308543633 -0.0046126973427094362 0.0030648613306270404 0.0014910450097746575 -0.013366847356470923 -0.0044236966302192001 0.0098341239438880061 0.0050375448382129111 0.0020237688774265993 0.0065011323612705479 -0.008722470998764038
leaf_weight=46644 20 20 79 366 1219 26 73 51 20 489 32 23 23 27 27 23 59 20 37 38 124 26 31 27 31 43 20 34 23 22 311 25 6554 134 221 138 26 141 26 22 27 57 21 20 20 106 26 33 66 137 29 26 83 33 26 30 83 21 31 81 169 20
leaf_count=46644 20 20 79 366 1219 26 73 51 20 489 32 23 23 27 27 23 59 20 37 38 124 26 31 27 31 43 20 34 23 22 311 25 6554 134 221 138 26 141 26 22 27 57 21 20 20 106 26 33 66 137 29 26 83 33 26 30 83 21 31 81 169 20
internal_value=-1.12426e-13 -0.00301851 2.06747e-06 0.000162557 -0.00101755 0.00038083 0.00177827 -0.00162202 -0.00301316 -0.000759028 -0.00587084 -0.00863018 -0.0121865 0.000243283 0.000370852 0.00174197 0.00370559 -0.00214575 0.00440992 0.000935008 0.00295704 -0.0010207 -0.00738285 -0.00317359 -0.00795782 -0.00177069 -0.0139128 0.00595002 0.0053795 -0.000779404 0.00612856 0.000125784 1.48106e-05 0.00204203 0.00264839 -0.00101012 0.00283443 -0.00173318 -0.00308518 -0.00898687 -0.00134136 0.00248855 0.000509455 0.000150175 0.00164432 0.00411906 -0.000895976 -0.0024456 0.000321562 -0.00276198 0.00939983 -0.00193829 -0.00112906 -0.00117058 -0.0037365 -0.00524752 -0.00679798 0.00397573 -0.000320343 0.0031309 0.00374164 -0.000104199
internal_weight=58440 40 58400 11756 1835 9921 889 253 202 1756 98 66 46 9032 8204 1244 726 78 648 199 162 828 51 344 78 266 47 449 415 45 370 6960 6579 381 355 518 82 436 295 48 1267 84 484 463 306 155 151 125 92 157 49 247 221 59 182 139 113 48 104 636 535 101
internal_count=58440 40 58400 11756 1835 9921 889 253 202 1756 98 66 46 9032 8204 1244 726 78 648 199 162 828 51 344 78 266 47 449 415 45 370 6960 6579 381 355 518 82 436 295 48 1267 84 484 463 306 155 151 125 92 157 49 247 221 59 182 139 113 48 104 636 535 101
is_linear=0
shrinkage=0.1


Tree=105
num_leaves=63
num_cat=0
split_feature=6 6 8 11 12 9 10 12 11 6 1 11 11 8 12 1 0 12 10 6 8 8 6 12 2 3 12 7 11 11 1 11 9 8 12 12 0 6 6 9 2 1 8 9 8 8 11 10 12 8 9 11 9 10 6 8 11 9 0 1 3 12
split_gain=0.0399825 0.370182 0.202455 0.290504 0.349177 0.275879 0.319315 0.262618 0.280598 0.254811 0.170671 0.157465 0.149825 0.134128 0.239489 0.167908 0.149497 0.117991 0.21786 0.113964 0.228097 0.145897 0.266846 0.137391 0.29086 0.322798 0.283889 0.134893 0.219272 0.20125 0.204114 0.252137 0.181747 0.129152 0.309752 0.330577 0.19776 0.302376 0.182564 0.176113 0.164324 0.192503 0.161906 0.225509 0.177275 0.250435 0.175475 0.160913 0.173335 0.131368 0.116533 0.114206 0.112634 0.157687 0.139049 0.110578 0.141 0.109251 0.152251 0.109206 0.107901 0.281757
threshold=0.98802474685579866 0.9916835347852474 28.555000000000007 2.4039500000000005 4.5968500000000008 78.841000000000022 2.4450000000000007 6.1897000000000011 1.9263500000000002 0.99983759474438971 108.00000000000001 2.8261000000000007 1.8207500000000001 28.861000000000008 2.7704500000000007 110.00000000000001 -6.9999999999999991 5.3711000000000011 1.0190000000000003 0.96465729447553372 28.631000000000007 24.921000000000003 0.98049069993378934 3.9438000000000009 3.5000000000000004 104.50000000000001 6.0443000000000007 -0.20180761162458913 2.6058000000000008 2.4894000000000003 112.00000000000001 1.9940500000000003 77.971000000000018 28.283000000000005 5.6492500000000012 4.9880500000000003 -7.9999999999999991 0.98372640911059162 0.98049069993378934 83.347000000000023 3.5000000000000004 111.00000000000001 25.369000000000003 86.351000000000013 28.011000000000006 27.92100000000001 2.5871000000000008 1.2470000000000001 4.1835500000000012 27.361000000000008 80.941000000000017 1.9676500000000001 83.161000000000016 2.8570000000000007 0.98049069993378934 27.509000000000004 2.2117000000000004 82.343000000000032 -6.9999999999999991 112.00000000000001 88.500000000000014 4.078450000000001
decision_type=2 2 2 2 2 2 2 2 2 2 2 2 2 2 2 2 2 2 2 2 2 2 2 2 2 2 2 2 2 2 2 2 2 2 2 2 2 2 2 2 2 2 2 2 2 2 2 2 2 2 2 2 2 2 2 2 2 2 2 2 2 2
left_child=19 10 5 7 9 6 11 -4 -9 13 -2 -3 -12 14 15 -5 -15 -14 -19 -1 21 22 -21 -22 57 26 -26 28 29 30 32 -32 -23 40 35 36 38 39 -35 50 41 42 -29 44 45 -44 -45 -42 -49 -43 -38 -36 53 -51 -54 56 -34 58 -25 -60 61 -7
right_child=1 2 3 4 -6 60 -8 8 -10 -11 12 -13 17 16 -16 -17 -18 18 -20 20 23 27 -24 24 25 -27 -28 33 -30 -31 31 -33 55 34 51 -37 37 -39 -40 -41 47 49 43 46 -46 -47 -48 48 -50 52 -52 -53 54 -55 -56 -57 -58 -59 59 -61 -62 -63
leaf_value=9.4128595590727606e-06 1.8043791674750132e-05 0.0011978688571517441 0.0026864083783891958 -0.0028828715040747611 -0.013515830169651761 -3.1489368352474461e-05 0.0056576954929237781 0.00020522732142912777 -0.014055971420285376 -0.012748064996254549 -0.0033150359131395818 -0.0066781370449021009 0.0039097081288425465 -0.0047780733797009346 0.0017001301476095871 -0.013834321887822756 0.004255016535732961 0.0020902019756084138 0.015734651580452921 0.00092977855394845127 -0.001122179226882324 -0.0076833487012396189 -0.013139175626981473 -0.0018322342208453588 -6.96175790880425e-05 0.0050174730213800476 -0.012385585662667398 0.0032055765821714884 0.0055543276946991684 -0.011616093740830648 -0.0026946539097294515 -0.014335184781036028 -0.0069723890204092158 -0.013603456019856304 -0.0015654280932401036 -0.014516506456480971 0.001588050610958957 -0.0093231537356792439 -0.0010941282846033574 -0.0027075355254587855 -0.0047659254618338314 0.0042032272104134266 -0.0023363021235463274 -0.014564965320406138 0.0019695446102890525 -0.01396709390450269 -0.0029382257834076886 0.00096211402357025677 0.0065440310068746524 -0.0025204346779639187 0.011359810853457969 0.0061511664516398345 0.0011069049223743637 0.0044749942398302151 -0.0084534612280549488 0.0034917451257845673 0.0012194881672886286 0.012960884543135763 0.013516562245786191 0.0036616314905467853 0.00039964390842675107 -0.0049842169659526708
leaf_weight=53480 144 110 161 28 36 452 187 37 22 23 25 33 264 27 41 28 57 22 25 26 138 34 28 21 61 77 27 50 28 29 49 30 34 28 34 29 26 31 20 41 32 94 249 27 88 20 25 173 82 59 23 44 29 71 32 66 55 25 22 23 1004 154
leaf_count=53480 144 110 161 28 36 452 187 37 22 23 25 33 264 27 41 28 57 22 25 26 138 34 28 21 61 77 27 50 28 29 49 30 34 28 34 29 26 31 20 41 32 94 249 27 88 20 25 173 82 59 23 44 29 71 32 66 55 25 22 23 1004 154
internal_value=-1.76538e-12 0.000363299 -0.000143722 -0.00202989 -0.00443593 0.000303513 0.0029375 0.000594881 -0.00511251 -0.0028336 0.00289841 -0.000619671 0.00413285 -0.00157375 -0.00410697 -0.0083586 0.00135152 0.00473156 0.00934789 -1.88319e-05 -0.000745049 -0.00125128 -0.00636523 0.0014212 0.00279225 0.000289018 -0.00384838 -0.00108207 -0.00290525 -0.00370279 -0.0028465 -0.00711511 -0.00106226 -0.000628712 -0.00254997 -0.00465263 -0.00296001 -0.000805469 -0.00839124 0.0021284 -0.000114388 -0.000898495 -0.002166 -0.00282267 -0.0019265 -0.00320105 -0.00897519 0.00191828 0.00275708 0.00114285 0.0061748 0.00278752 -0.000363307 0.00130015 -0.00390837 0.000390102 -0.00190999 0.00733107 0.00519856 0.0084796 -0.000236373 -0.0012901
internal_weight=58440 2880 2400 460 240 1940 330 220 59 204 480 143 336 181 97 56 84 311 47 55560 2080 1686 54 394 256 165 88 1632 325 297 268 79 189 1307 276 198 169 121 48 90 1031 744 459 409 357 269 52 287 255 285 49 78 191 130 61 155 89 91 66 45 1610 606
internal_count=58440 2880 2400 460 240 1940 330 220 59 204 480 143 336 181 97 56 84 311 47 55560 2080 1686 54 394 256 165 88 1632 325 297 268 79 189 1307 276 198 169 121 48 90 1031 744 459 409 357 269 52 287 255 285 49 78 191 130 61 155 89 91 66 45 1610 606
is_linear=0
shrinkage=0.1


Tree=106
num_leaves=63
num_cat=0
split_feature=10 10 12 10 7 11 8 7 6 12 4 11 12 12 10 0 2 12 11 12 7 12 10 6 12 11 6 11 6 6 12 1 6 10 8 7 11 0 6 6 10 6 6 12 0 12 3 10 12 11 12 9 10 7 3 12 6 11 12 12 11 7
split_gain=0.0385559 0.155434 0.257472 0.160459 0.195875 0.158476 0.233007 0.35805 0.217634 0.213125 0.450672 0.353844 0.288739 0.252509 0.234686 0.335801 0.211892 0.207806 0.254419 0.199581 0.192318 0.326627 0.183622 0.546438 0.291606 0.390956 0.178484 0.170033 0.165152 0.523129 0.300402 0.29975 0.254383 0.167294 0.160468 0.189936 0.18592 0.158061 0.1568 0.151817 0.35619 0.227151 0.224117 0.249046 0.189797 0.164802 0.14485 0.153627 0.185075 0.224292 0.196559 0.149534 0.143714 0.142692 0.202031 0.176972 0.142552 0.156301 0.15915 0.140715 0.231064 0.139286
threshold=4.4350000000000014 4.1510000000000007 2.9665000000000004 3.9720000000000009 -0.97507822412530132 2.3708500000000003 26.249000000000006 -0.70289845916694649 0.99274428880883148 4.7138500000000008 -0.6830127018922193 2.0811500000000005 3.1554000000000006 4.0263500000000016 0.41100000000000009 -5.9999999999999991 4.5000000000000009 1.0753500000000003 3.0854500000000002 3.9959000000000002 0.77652048701313048 5.2338000000000013 1.4210000000000005 -0.39036798905311365 6.3620500000000009 2.2167500000000007 0.88220160189607266 1.8447500000000001 -0.90163369914317015 -0.861146256326485 3.9707000000000003 109.00000000000001 -0.96235977360714686 0.86100000000000021 29.331000000000007 -0.87810534180523914 2.2064500000000007 -7.9999999999999991 0.19337368024598436 0.98372640911059162 1.3170000000000004 0.98213580174693105 0.9916835347852474 6.1897000000000011 -6.9999999999999991 5.4186000000000005 294.50000000000006 0.63700000000000012 3.6870000000000007 2.2223000000000002 4.1031500000000003 80.76100000000001 0.12100000000000004 0.1318557721318592 90.500000000000014 6.401650000000001 -0.94705910369513524 2.1855500000000005 1.0753500000000003 1.5210000000000001 2.2333000000000003 0.99748108949426018
decision_type=2 2 2 2 2 2 2 2 2 2 2 2 2 2 2 2 2 2 2 2 2 2 2 2 2 2 2 2 2 2 2 2 2 2 2 2 2 2 2 2 2 2 2 2 2 2 2 2 2 2 2 2 2 2 2 2 2 2 2 2 2 2
left_child=1 3 -3 5 -5 9 7 -7 -8 10 12 14 56 -13 15 -12 26 -9 28 -16 39 -22 23 -23 25 -25 -15 -24 30 31 32 -30 -19 37 35 -18 -37 -32 -26 41 53 -11 -42 45 -45 -44 47 48 49 -14 -50 -51 -17 54 -41 -55 59 -58 -59 -1 -61 -31
right_child=-2 2 -4 4 -6 6 8 17 -10 20 11 13 46 16 19 52 34 18 -20 -21 21 22 27 24 38 -27 -28 -29 29 61 33 -33 -34 -35 -36 36 -38 -39 -40 40 42 -43 43 44 -46 -47 -48 -49 50 51 -52 -53 -54 55 -56 -57 57 58 -60 60 -62 -63
leaf_value=0.0012248320160838575 -9.6752461859731041e-05 -0.00025043645763784004 0.002892062231716193 -0.0089327721788054881 -0.001129122970495084 0.0056309303811618262 0.00024664565691229977 -0.0014560350970173322 -0.0019492519017514217 0.00014961413515000551 -0.0021258834143338726 -3.5073884951397407e-05 -0.0030683049326762561 -0.0086554230262453746 -0.0013515392665518792 -0.017161347158253192 0.0015802832285479304 -0.0018546195477585027 0.0046733122786938265 0.00090518831749942369 -0.011913532701631388 -0.014372308397266482 0.0099141407336684924 -0.017076099733822049 0.0018615922330273054 -0.0010766366164066963 0.0002274582295975616 0.00029869283580164603 -0.0022153930485588856 0.0010923949929508398 0.0063559056599746993 -0.013899814491895469 0.0050081874188035724 0.011690912884660065 -0.0027871433030148703 0.0027738090471959571 0.0076134192935210778 0.0006961347487080714 -0.005953507519637545 -0.007982877386151813 0.0091891008118788406 -0.0084210237082574645 0.0012767647541477346 0.0035217838450556714 -0.0092601703050044868 0.0090180733749134975 -0.011243875436484814 -0.0013267036389516581 0.0004301323111245769 -0.0070424016443607603 -0.0039485887757066008 -0.018445459190432147 -0.0059399076178669932 0.0073834899036834649 8.2119877582200151e-05 -0.003443565165910583 0.0034232048801361367 0.0055477999222393222 -0.0033344922144897282 -0.012008095345640134 0.00091329450343619111 -0.0069722163067622621
leaf_weight=46 24160 539 505 34 596 175 9856 312 473 12518 489 1961 50 26 1021 21 367 193 203 636 30 35 21 24 178 42 174 148 52 807 114 38 75 32 49 180 142 87 30 50 75 31 55 21 26 55 20 499 132 23 459 23 25 36 82 26 169 26 90 31 25 22
leaf_count=46 24160 539 505 34 596 175 9856 312 473 12518 489 1961 50 26 1021 21 367 193 203 636 30 35 21 24 178 42 174 148 52 807 114 38 75 32 49 180 142 87 30 50 75 31 55 21 26 55 20 499 132 23 459 23 25 36 82 26 169 26 90 31 25 22
internal_value=1.75496e-13 6.81896e-05 0.00126964 3.04499e-05 -0.00155027 6.0992e-05 0.000341704 0.00129929 0.000146088 -0.000112151 -0.000573863 -0.00011454 -0.0020418 0.000610397 -0.0010733 -0.00289429 0.00195983 0.000907545 0.00136191 -0.000485348 0.000116736 -0.00179197 -0.00115672 -0.00260621 -0.00110324 -0.00689462 -0.000927316 0.00149351 0.000888521 9.22531e-05 0.00234914 -0.00714882 6.59421e-05 0.00497531 0.00274226 0.00313549 0.00490805 0.00390615 0.000734414 0.000191466 0.00204802 0.000128442 0.00469221 0.00254401 -0.00354908 0.00514742 -0.00280445 -0.00266213 -0.00363211 -0.00770454 -0.0029706 -0.0127439 -0.0110627 -0.00111411 -0.0029728 0.00284311 0.000334842 0.00148302 -0.00134363 -0.0028733 -0.00623962 0.000878376
internal_weight=58440 34280 1044 33236 630 32606 12439 2110 10329 20167 6684 5091 1593 2899 2192 535 938 1935 1623 1657 13483 508 478 309 274 66 200 169 1420 919 501 90 268 233 738 689 322 201 208 12975 426 12549 232 157 47 110 1206 1186 687 96 591 46 46 194 132 62 387 285 116 102 56 829
internal_count=58440 34280 1044 33236 630 32606 12439 2110 10329 20167 6684 5091 1593 2899 2192 535 938 1935 1623 1657 13483 508 478 309 274 66 200 169 1420 919 501 90 268 233 738 689 322 201 208 12975 426 12549 232 157 47 110 1206 1186 687 96 591 46 46 194 132 62 387 285 116 102 56 829
is_linear=0
shrinkage=0.1


Tree=107
num_leaves=63
num_cat=0
split_feature=6 6 8 11 12 9 10 6 12 1 11 11 9 8 9 11 8 1 12 0 12 12 11 3 10 11 0 6 11 10 11 8 12 10 7 12 7 11 11 9 6 8 9 8 6 12 2 3 12 7 11 1 11 10 6 9 11 12 11 11 12 8
split_gain=0.0355427 0.272276 0.15318 0.238341 0.300099 0.232522 0.252873 0.187301 0.177174 0.138327 0.127401 0.125706 0.208585 0.151198 0.1665 0.117363 0.109148 0.229659 0.214433 0.103946 0.103137 0.133299 0.112001 0.244468 0.365305 0.173605 0.285885 0.163741 0.161795 0.173215 0.111467 0.1717 0.189132 0.120655 0.171403 0.161394 0.143589 0.135044 0.109248 0.0994749 0.0968576 0.18807 0.120367 0.159528 0.220538 0.111518 0.222308 0.251918 0.229166 0.106016 0.180856 0.164127 0.274708 0.139833 0.133151 0.154334 0.12348 0.210808 0.355949 0.166831 0.239037 0.229062
threshold=0.98802474685579866 0.9916835347852474 28.555000000000007 2.4157000000000006 4.5968500000000008 78.841000000000022 2.4450000000000007 0.99983759474438971 6.6721500000000011 108.00000000000001 2.9120500000000002 2.6185000000000005 80.991000000000028 28.811000000000003 79.111000000000018 1.8207500000000001 28.931000000000008 109.00000000000001 5.3711000000000011 -5.9999999999999991 6.6183500000000004 6.1290000000000004 2.7143000000000002 84.500000000000014 5.535000000000001 2.7735500000000006 -7.9999999999999991 0.9962888416657264 2.7875000000000001 12.434000000000003 2.3876500000000003 28.303000000000008 4.5709000000000009 9.4210000000000012 -0.065537083312030994 4.3367000000000013 -0.031174269516803289 2.3538000000000001 3.0169000000000001 81.721000000000018 0.96465729447553372 28.631000000000007 91.919000000000011 24.921000000000003 0.98049069993378934 3.9438000000000009 3.5000000000000004 104.50000000000001 6.0443000000000007 -0.20180761162458913 2.6058000000000008 109.00000000000001 2.4323000000000001 7.7870000000000017 0.97112537654464559 77.971000000000018 2.5503500000000003 4.383700000000001 2.6751500000000004 2.3257000000000008 3.8888500000000001 27.861000000000004
decision_type=2 2 2 2 2 2 2 2 2 2 2 2 2 2 2 2 2 2 2 2 2 2 2 2 2 2 2 2 2 2 2 2 2 2 2 2 2 2 2 2 2 2 2 2 2 2 2 2 2 2 2 2 2 2 2 2 2 2 2 2 2 2
left_child=40 9 5 8 7 6 10 11 16 19 -3 12 -5 14 -13 -11 18 -18 -4 39 21 22 23 24 -7 26 -24 -28 -27 -30 33 32 -32 34 -25 36 -35 -36 -31 -2 -1 42 43 44 -42 -43 -47 48 -48 50 51 -45 53 54 -53 -56 59 -58 -59 -51 61 -61
right_child=1 2 3 4 -6 20 -8 -9 -10 15 -12 13 -14 -15 -16 -17 17 -19 -20 -21 -22 -23 25 30 -26 28 27 -29 29 38 31 -33 -34 35 37 -37 -38 -39 -40 -41 41 45 -44 49 -46 46 47 -49 -50 56 -52 52 -54 -55 55 -57 57 58 -60 60 -62 -63
leaf_value=8.2832585407628784e-06 -0.0050850746063317393 0.00095641730934317801 0.00091570572935909574 -0.011309679042836973 -0.01296751995687373 0.0025413054193799888 0.0051355959478713437 -0.011254632439125669 -0.0064391140912419126 -0.0029637905494309964 -0.0067824100036747194 0.003298868514089422 0.0006841490366335573 0.0035848357996931587 -0.0078659300555420277 0.0041579268523117595 -0.0089644564234185962 0.0022224810014924278 0.010905959107537545 0.0045771267214958144 0.0054215374759223785 -0.0067012711122515613 -0.01539822259748524 0.0032093754307117683 -0.013782576183740305 0.0073673741115878036 0.0053078065655427055 -0.0060347607572163861 -0.00026058286425353655 -0.0097977141000549581 0.0019972391903896802 0.0080961750979285426 -0.0053161482589367112 -0.004877998203258304 -0.0016412599569735798 0.0093262781955462948 0.002738508249755826 -0.0096212177010981947 -0.0008740839487670557 0.0010363829574074413 0.00027208704977174815 -0.0010116490716888845 0.0065647232631454253 -0.00071566145625183712 -0.013170689330078089 0.0064830503489717089 6.6580676633986785e-05 0.0045037158320403916 -0.010998873304817136 -0.00093515156218820599 0.0049950607420344443 0.0018740035924738982 -0.016468859100714325 -0.011541288649875373 -0.012447179371624121 -0.002567551585434558 -0.0010268366078588173 -0.016847969933102527 -0.0021250774886888957 0.0015700224843979078 0.0048990152178804347 -0.007796939710776012
leaf_weight=53480 47 117 70 29 32 26 187 22 31 25 26 22 29 66 34 311 25 69 31 36 32 32 22 71 29 24 20 35 357 34 379 41 39 34 272 26 91 23 23 61 23 138 20 128 26 91 61 77 27 544 28 42 20 21 21 64 398 24 52 95 144 36
leaf_count=53480 47 117 70 29 32 26 187 22 31 25 26 22 29 66 34 311 25 69 31 36 32 32 22 71 29 24 20 35 357 34 379 41 39 34 272 26 91 23 23 61 23 138 20 128 26 91 61 77 27 544 28 42 20 21 21 64 398 24 52 95 144 36
internal_value=3.66764e-13 0.000342535 -9.2299e-05 -0.00173295 -0.00396996 0.000296722 0.00271489 -0.0025446 0.000583236 0.0025167 -0.000450642 -0.00148004 -0.00531277 0.000342071 -0.00347976 0.00362804 0.00169961 -0.000752768 0.00398202 -7.64068e-05 -0.000198928 -0.000312904 -0.000180674 0.000420889 -0.00606583 -0.00138497 -0.00576391 -0.00191019 -0.000615154 -0.00107791 0.000786432 0.00192063 0.00131489 -0.000220521 -0.00120176 0.00215785 0.000666818 -0.00226343 -0.00619695 -0.00162758 -1.77556e-05 -0.000687254 -0.00114693 -0.0012395 -0.00686081 0.00127977 0.00251498 0.000326533 -0.0033285 -0.00106916 -0.00268671 -0.00341336 -0.00546875 -0.00398225 -0.00273233 -0.0050084 -0.000663835 -0.00194839 -0.00677441 7.96069e-05 0.00208698 -0.0010041
internal_weight=58440 2880 2400 460 234 1940 330 202 226 480 143 180 58 122 56 336 195 94 101 144 1610 1578 1546 1031 55 515 77 55 438 414 976 459 418 517 366 151 125 295 57 108 55560 2080 1686 1666 49 394 256 165 88 1617 324 296 168 148 127 85 1293 474 76 819 275 131
internal_count=58440 2880 2400 460 234 1940 330 202 226 480 143 180 58 122 56 336 195 94 101 144 1610 1578 1546 1031 55 515 77 55 438 414 976 459 418 517 366 151 125 295 57 108 55560 2080 1686 1666 49 394 256 165 88 1617 324 296 168 148 127 85 1293 474 76 819 275 131
is_linear=0
shrinkage=0.1


Tree=108
num_leaves=63
num_cat=0
split_feature=1 0 7 9 11 9 6 6 10 11 8 8 6 7 8 3 9 8 12 7 11 12 3 0 11 3 9 1 7 10 8 3 9 12 11 8 9 3 12 8 9 12 12 10 8 10 10 2 7 9 7 11 2 9 8 8 7 11 8 8 8 11
split_gain=0.0365363 0.246629 0.407658 0.363412 0.466317 0.386692 0.423936 0.315877 0.416907 0.317021 0.286261 0.279536 0.245032 0.244346 0.232828 0.306351 0.240855 0.204514 0.248516 0.197952 0.367151 0.275119 0.315506 0.424024 0.326031 0.268815 0.260725 0.297696 0.210425 0.190582 0.189148 0.25137 0.213364 0.200351 0.279242 0.207613 0.223909 0.201475 0.186709 0.279483 0.206204 0.185812 0.180294 0.197333 0.278377 0.247633 0.330442 0.184159 0.334854 0.178814 0.194539 0.173612 0.168221 0.162114 0.162009 0.157253 0.155443 0.15471 0.213447 0.199073 0.184783 0.151186
threshold=113.00000000000001 -5.9999999999999991 0.41202506375868281 78.28900000000003 3.0399500000000006 76.561000000000021 -0.66528616069191593 -0.94705910369513524 2.8110000000000008 2.4267500000000006 28.141000000000005 28.163000000000007 -0.76141707087277943 0.31595530242620651 28.691000000000006 315.50000000000006 81.721000000000018 28.021000000000004 6.4422000000000006 -0.074115882986646633 1.9611500000000002 5.2123500000000016 237.50000000000003 -6.9999999999999991 2.1476500000000005 264.50000000000006 76.209000000000017 114.00000000000001 -0.21862536810265826 6.8690000000000015 29.231000000000005 180.50000000000003 77.087000000000032 6.3620500000000009 1.4855000000000003 28.011000000000006 72.627000000000024 210.50000000000003 2.5359500000000001 27.497000000000007 84.631000000000014 5.2123500000000016 5.1027500000000012 1.2470000000000001 28.475000000000005 0.071000000000000021 0.27700000000000008 8.5000000000000018 -0.59867820553660911 79.305000000000021 -0.75013812021657655 2.2271000000000005 3.5000000000000004 79.361000000000033 28.011000000000006 28.451000000000004 -0.056951011027366626 1.9331000000000003 27.481000000000005 27.831000000000007 27.679000000000006 2.9972500000000006
decision_type=2 2 2 2 2 2 2 2 2 2 2 2 2 2 2 2 2 2 2 2 2 2 2 2 2 2 2 2 2 2 2 2 2 2 2 2 2 2 2 2 2 2 2 2 2 2 2 2 2 2 2 2 2 2 2 2 2 2 2 2 2 2
left_child=-1 19 7 4 5 55 -7 8 10 -10 -3 38 -13 17 -14 16 -16 18 52 20 28 42 23 24 -23 -24 -25 -28 30 54 31 -2 -32 34 37 -36 -37 -33 -5 -40 -41 -38 43 45 53 47 51 48 -22 50 -48 -47 -9 -45 -15 -4 -21 -54 -59 60 -60 -19
right_child=1 2 3 11 -6 6 -8 13 9 -11 -12 12 14 29 15 -17 -18 61 -20 56 21 22 25 26 -26 -27 27 -29 -30 -31 32 33 -34 -35 35 36 41 -39 39 40 -42 -43 -44 44 -46 46 49 -49 -50 -51 -52 -53 57 -55 -56 -57 -58 58 59 -61 -62 -63
leaf_value=3.9534591999136058e-05 0.001257242214946005 0.0031932220777629743 0.0047530834732407877 -0.00059588598603597172 0.0060470714437542488 -0.023057419782504442 -0.0069983211450865687 -0.0063510854402557028 -0.00070317119646530891 -0.015467922835413254 -0.0037841606039104854 0.0076781078515249113 0.0031635716597120736 0.015108032635368047 -0.016037793969735505 0.0019121411313126621 -0.0027568515202599682 0.0025342571273076074 0.007871418551630564 0.0056907676645399389 0.0018169689841719496 -0.020979151048916667 0.00048519598634714502 0.0039888878561684799 -0.0055634415951435982 -0.0093801152280398783 -0.01425179621677243 -0.0022182309597085876 -0.0042615570000708106 -0.0003142798856760447 0.0036480726596588887 -0.0043262759350310969 -0.0072983434828727146 0.0010089029389002298 -0.0001338196516002668 0.0025711668070553888 -0.012881443273675228 -0.015561958808102645 -0.013488086267219236 -0.0053951154115789556 0.0058222774740146555 -0.0039301768569297299 0.0063338885148023745 0.0046039177028133586 -0.0036871343757250031 -0.015329606876445887 -0.014576899268749086 0.0087466226757637097 -0.011569290731102229 -0.00029212188760370571 -0.0030599454618905758 -0.0061159823409303333 -0.0020720285450313556 -0.00019464296586925119 0.0054228991246185248 -0.0051530648322807536 -2.990689197739688e-05 0.0062864757017232478 0.001945173628179424 0.0037567099787271154 -0.0043170687011397689 0.0090754430325752176
leaf_weight=46752 1094 147 22 393 32 25 48 40 26 33 98 63 182 31 22 74 36 785 42 48 74 34 131 29 23 35 34 52 124 26 24 79 69 440 667 44 28 20 30 57 23 135 29 85 214 39 22 21 25 108 44 43 177 410 39 59 4542 75 83 108 109 37
leaf_count=46752 1094 147 22 393 32 25 48 40 26 33 98 63 182 31 22 74 36 785 42 48 74 34 131 29 23 35 34 52 124 26 24 79 69 440 667 44 28 20 30 57 23 135 29 85 214 39 22 21 25 108 44 43 177 410 39 59 4542 75 83 108 109 37
internal_value=1.31926e-12 -0.000158138 0.000637494 -0.000921046 -0.00493716 -0.0072196 -0.012498 0.00153265 -0.00141503 -0.00896142 0.000402269 -7.21862e-05 0.0019865 0.00211003 0.000844555 -0.00235288 -0.00779445 0.00178784 0.000438338 -0.000423349 -0.000921551 -0.00220584 -0.00470481 -0.00770629 -0.0147588 -0.00159484 -0.00421071 -0.00697569 -0.000236975 0.00699657 -4.50336e-05 0.000119244 -0.00447346 -0.000761839 -0.00156259 -0.000992426 -0.00375905 -0.00659611 -0.00161518 -0.00525683 -0.00217011 -0.00546782 -0.00144762 -0.00165561 -0.000673508 -0.00350749 -0.00526453 0.000240854 -0.0015634 -0.00279815 -0.00689893 -0.0104981 -8.90088e-05 0.000629352 0.00971203 -0.00246251 2.99172e-05 0.000364765 0.00151493 0.000322045 -0.00160995 0.00282869
internal_weight=58440 11688 2922 1066 186 154 73 1856 304 59 245 880 377 1552 314 132 58 1456 634 8766 4176 1452 338 172 57 166 115 86 2724 96 2600 2507 93 1413 973 874 207 99 503 110 80 163 1114 1085 709 376 256 120 99 174 66 82 592 495 70 81 4590 552 375 300 192 822
internal_count=58440 11688 2922 1066 186 154 73 1856 304 59 245 880 377 1552 314 132 58 1456 634 8766 4176 1452 338 172 57 166 115 86 2724 96 2600 2507 93 1413 973 874 207 99 503 110 80 163 1114 1085 709 376 256 120 99 174 66 82 592 495 70 81 4590 552 375 300 192 822
is_linear=0
shrinkage=0.1


end of trees

feature_importances:
DHI=1407
DNI=1178
TEMP=582
doy_cos=579
PRECIP=513
day_of_year=508
doy_sin=484
lon=449
lat=441
RH=428
month_cos=110
month=56
month_sin=23

parameters:
[boosting: gbdt]
[objective: regression]
[metric: l2]
[tree_learner: serial]
[device_type: cpu]
[data_sample_strategy: bagging]
[data: ]
[valid: ]
[num_iterations: 109]
[learning_rate: 0.1]
[num_leaves: 63]
[num_threads: 12]
[seed: 42]
[deterministic: 0]
[force_col_wise: 0]
[force_row_wise: 0]
[histogram_pool_size: -1]
[max_depth: 12]
[min_data_in_leaf: 20]
[min_sum_hessian_in_leaf: 0.001]
[bagging_fraction: 1]
[pos_bagging_fraction: 1]
[neg_bagging_fraction: 1]
[bagging_freq: 0]
[bagging_seed: 400]
[bagging_by_query: 0]
[feature_fraction: 1]
[feature_fraction_bynode: 1]
[feature_fraction_seed: 30056]
[extra_trees: 0]
[extra_seed: 12879]
[early_stopping_round: 0]
[early_stopping_min_delta: 0]
[first_metric_only: 0]
[max_delta_step: 0]
[lambda_l1: 0]
[lambda_l2: 0]
[linear_lambda: 0]
[min_gain_to_split: 0]
[drop_rate: 0.1]
[max_drop: 50]
[skip_drop: 0.5]
[xgboost_dart_mode: 0]
[uniform_drop: 0]
[drop_seed: 17869]
[top_rate: 0.2]
[other_rate: 0.1]
[min_data_per_group: 100]
[max_cat_threshold: 32]
[cat_l2: 10]
[cat_smooth: 10]
[max_cat_to_onehot: 4]
[top_k: 20]
[monotone_constraints: ]
[monotone_constraints_method: basic]
[monotone_penalty: 0]
[feature_contri: ]
[forcedsplits_filename: ]
[refit_decay_rate: 0.9]
[cegb_tradeoff: 1]
[cegb_penalty_split: 0]
[cegb_penalty_feature_lazy: ]
[cegb_penalty_feature_coupled: ]
[path_smooth: 0]
[interaction_constraints: ]
[verbosity: -1]
[saved_feature_importance_type: 0]
[use_quantized_grad: 0]
[num_grad_quant_bins: 4]
[quant_train_renew_leaf: 0]
[stochastic_rounding: 1]
[linear_tree: 0]
[max_bin: 255]
[max_bin_by_feature: ]
[min_data_in_bin: 3]
[bin_construct_sample_cnt: 200000]
[data_random_seed: 175]
[is_enable_sparse: 1]
[enable_bundle: 1]
[use_missing: 1]
[zero_as_missing: 0]
[feature_pre_filter: 1]
[pre_partition: 0]
[two_round: 0]
[header: 0]
[label_column: ]
[weight_column: ]
[group_column: ]
[ignore_column: ]
[categorical_feature: ]
[forcedbins_filename: ]
[precise_float_parser: 0]
[parser_config_file: ]
[objective_seed: 16083]
[num_class: 1]
[is_unbalance: 0]
[scale_pos_weight: 1]
[sigmoid: 1]
[boost_from_average: 1]
[reg_sqrt: 0]
[alpha: 0.9]
[fair_c: 1]
[poisson_max_delta_step: 0.7]
[tweedie_variance_power: 1.5]
[lambdarank_truncation_level: 30]
[lambdarank_norm: 1]
[label_gain: ]
[lambdarank_position_bias_regularization: 0]
[eval_at: ]
[multi_error_top_k: 1]
[auc_mu_weights: ]
[num_machines: 1]
[local_listen_port: 12400]
[time_out: 120]
[machine_list_filename: ]
[machines: ]
[gpu_platform_id: -1]
[gpu_device_id: -1]
[gpu_use_dp: 0]
[num_gpu: 1]

end of parameters

pandas_categorical:[]
